# MySQL dump of database 'at_lonengineering' on host '128.199.124.254'
# Backup Date and Time: 2016-03-02 22:44
# Built by AccountantToday 2.3.22
# http://accountanttoday.net
# Company: LON ENGINEERING SDN BHD
# User: LON ENGINEERING SDN BHD



### Structure of table `areas` ###

DROP TABLE IF EXISTS `areas`;

CREATE TABLE `areas` (
  `area_code` int(11) NOT NULL AUTO_INCREMENT,
  `description` varchar(60) COLLATE utf8_unicode_ci NOT NULL DEFAULT '',
  `inactive` tinyint(1) NOT NULL DEFAULT '0',
  PRIMARY KEY (`area_code`),
  UNIQUE KEY `description` (`description`)
) ENGINE=MyISAM AUTO_INCREMENT=2 DEFAULT CHARSET=utf8 COLLATE=utf8_unicode_ci ;

### Data of table `areas` ###

INSERT INTO `areas` VALUES
('1', 'Global', '0');

### Structure of table `attachments` ###

DROP TABLE IF EXISTS `attachments`;

CREATE TABLE `attachments` (
  `id` int(11) unsigned NOT NULL AUTO_INCREMENT,
  `description` varchar(60) COLLATE utf8_unicode_ci NOT NULL DEFAULT '',
  `type_no` int(11) NOT NULL DEFAULT '0',
  `trans_no` int(11) NOT NULL DEFAULT '0',
  `unique_name` varchar(60) COLLATE utf8_unicode_ci NOT NULL DEFAULT '',
  `tran_date` date NOT NULL DEFAULT '0000-00-00',
  `filename` varchar(60) COLLATE utf8_unicode_ci NOT NULL DEFAULT '',
  `filesize` int(11) NOT NULL DEFAULT '0',
  `filetype` varchar(60) COLLATE utf8_unicode_ci NOT NULL DEFAULT '',
  PRIMARY KEY (`id`),
  KEY `type_no` (`type_no`,`trans_no`)
) ENGINE=MyISAM DEFAULT CHARSET=utf8 COLLATE=utf8_unicode_ci ;

### Data of table `attachments` ###


### Structure of table `audit_trail` ###

DROP TABLE IF EXISTS `audit_trail`;

CREATE TABLE `audit_trail` (
  `id` int(11) NOT NULL AUTO_INCREMENT,
  `type` smallint(6) unsigned NOT NULL DEFAULT '0',
  `trans_no` int(11) unsigned NOT NULL DEFAULT '0',
  `user` smallint(6) unsigned NOT NULL DEFAULT '0',
  `stamp` timestamp NOT NULL DEFAULT CURRENT_TIMESTAMP ON UPDATE CURRENT_TIMESTAMP,
  `description` varchar(60) COLLATE utf8_unicode_ci DEFAULT NULL,
  `fiscal_year` int(11) NOT NULL,
  `gl_date` date NOT NULL DEFAULT '0000-00-00',
  `gl_seq` int(11) unsigned DEFAULT NULL,
  PRIMARY KEY (`id`),
  KEY `Seq` (`fiscal_year`,`gl_date`,`gl_seq`),
  KEY `Type_and_Number` (`type`,`trans_no`)
) ENGINE=InnoDB AUTO_INCREMENT=1698 DEFAULT CHARSET=utf8 COLLATE=utf8_unicode_ci ;

### Data of table `audit_trail` ###

INSERT INTO `audit_trail` VALUES
('1695', '30', '1', '1', '2016-03-02 22:41:30', NULL, '2', '2015-03-02', '0'),
('1696', '13', '44', '1', '2016-03-02 22:41:30', NULL, '2', '2015-03-02', '0'),
('1697', '10', '47', '1', '2016-03-02 22:41:30', 'Updated.', '2', '2015-03-02', '0');

### Structure of table `bad_debts` ###

DROP TABLE IF EXISTS `bad_debts`;

CREATE TABLE `bad_debts` (
  `id` int(11) NOT NULL AUTO_INCREMENT,
  `type` smallint(6) NOT NULL,
  `type_no` int(16) NOT NULL,
  `tran_date` timestamp NOT NULL DEFAULT CURRENT_TIMESTAMP,
  `step` tinyint(2) NOT NULL DEFAULT '0',
  PRIMARY KEY (`id`),
  KEY `id` (`id`)
) ENGINE=InnoDB DEFAULT CHARSET=latin1 ;

### Data of table `bad_debts` ###


### Structure of table `bank_accounts` ###

DROP TABLE IF EXISTS `bank_accounts`;

CREATE TABLE `bank_accounts` (
  `account_code` varchar(15) COLLATE utf8_unicode_ci NOT NULL DEFAULT '',
  `account_type` smallint(6) NOT NULL DEFAULT '0',
  `bank_account_name` varchar(60) COLLATE utf8_unicode_ci NOT NULL DEFAULT '',
  `bank_account_number` varchar(100) COLLATE utf8_unicode_ci NOT NULL DEFAULT '',
  `bank_name` varchar(60) COLLATE utf8_unicode_ci NOT NULL DEFAULT '',
  `bank_address` tinytext COLLATE utf8_unicode_ci,
  `bank_curr_code` char(3) COLLATE utf8_unicode_ci NOT NULL DEFAULT '',
  `dflt_curr_act` tinyint(1) NOT NULL DEFAULT '0',
  `id` smallint(6) NOT NULL AUTO_INCREMENT,
  `last_reconciled_date` timestamp NOT NULL DEFAULT '0000-00-00 00:00:00',
  `ending_reconcile_balance` double NOT NULL DEFAULT '0',
  `inactive` tinyint(1) NOT NULL DEFAULT '0',
  PRIMARY KEY (`id`),
  KEY `bank_account_name` (`bank_account_name`),
  KEY `bank_account_number` (`bank_account_number`),
  KEY `account_code` (`account_code`)
) ENGINE=MyISAM AUTO_INCREMENT=3 DEFAULT CHARSET=utf8 COLLATE=utf8_unicode_ci ;

### Data of table `bank_accounts` ###

INSERT INTO `bank_accounts` VALUES
('1064', '1', 'CIMB BANK - CHERAS', '80-0036517-0', 'CIMB BANK BHD', '2468,JALAN MUTIARA TIMUR 1,\nTAMAN MUTIARAMCHERAS\n56100 KUALA LUMPUR', 'MYR', '0', '1', '2015-10-31 00:00:00', '3232.57', '0'),
('1065', '3', 'PETTY CASH', '', 'PETTY CASH', NULL, 'MYR', '0', '2', '0000-00-00 00:00:00', '0', '0');

### Structure of table `bank_trans` ###

DROP TABLE IF EXISTS `bank_trans`;

CREATE TABLE `bank_trans` (
  `id` int(11) NOT NULL AUTO_INCREMENT,
  `type` smallint(6) DEFAULT NULL,
  `trans_no` int(11) DEFAULT NULL,
  `bank_act` varchar(15) COLLATE utf8_unicode_ci NOT NULL DEFAULT '',
  `tax_inclusive` tinyint(1) NOT NULL DEFAULT '0',
  `ref` varchar(40) COLLATE utf8_unicode_ci DEFAULT NULL,
  `trans_date` date NOT NULL DEFAULT '0000-00-00',
  `amount` double DEFAULT NULL,
  `dimension_id` int(11) NOT NULL DEFAULT '0',
  `dimension2_id` int(11) NOT NULL DEFAULT '0',
  `person_type_id` int(11) NOT NULL DEFAULT '0',
  `person_id` tinyblob,
  `reconciled` date DEFAULT NULL,
  `cheque` varchar(15) COLLATE utf8_unicode_ci NOT NULL DEFAULT '',
  PRIMARY KEY (`id`),
  KEY `bank_act` (`bank_act`,`ref`),
  KEY `type` (`type`,`trans_no`),
  KEY `bank_act_2` (`bank_act`,`reconciled`),
  KEY `bank_act_3` (`bank_act`,`trans_date`)
) ENGINE=InnoDB AUTO_INCREMENT=370 DEFAULT CHARSET=utf8 COLLATE=utf8_unicode_ci ;

### Data of table `bank_trans` ###

INSERT INTO `bank_trans` VALUES
('368', '0', '0', '1', '0', 'Open Balance', '2017-12-31', '117590.87000000002', '0', '0', '0', NULL, NULL, ''),
('369', '0', '0', '2', '0', 'Open Balance', '2017-12-31', '105012.71999999978', '0', '0', '0', NULL, NULL, '');

### Structure of table `bank_trans_detail` ###

DROP TABLE IF EXISTS `bank_trans_detail`;

CREATE TABLE `bank_trans_detail` (
  `id` int(11) NOT NULL AUTO_INCREMENT,
  `type` int(11) NOT NULL,
  `account_code` char(10) NOT NULL,
  `amount` double NOT NULL,
  `trans_no` int(11) NOT NULL,
  `currence` char(50) NOT NULL,
  `currence_rate` double NOT NULL,
  `tax` int(11) NOT NULL,
  `cheque` varchar(255) NOT NULL,
  PRIMARY KEY (`id`),
  KEY `id` (`id`)
) ENGINE=InnoDB AUTO_INCREMENT=294 DEFAULT CHARSET=latin1 ;

### Data of table `bank_trans_detail` ###

INSERT INTO `bank_trans_detail` VALUES
('1', '1', '2210', '3600', '1', 'MYR', '1', '20', ''),
('2', '1', '2680', '10000', '2', 'MYR', '1', '37', 'CIMB 00036'),
('3', '1', '2680', '5000', '3', 'MYR', '1', '37', 'CIMB 000037'),
('4', '1', '2120', '25000', '4', 'MYR', '1', '37', 'CIMB 000038'),
('5', '1', '2120', '6000', '5', 'MYR', '1', '37', 'CIMB 000039'),
('6', '1', '5020', '70000', '6', 'MYR', '1', '37', 'CIMB 000040'),
('7', '1', '5020', '6167', '7', 'MYR', '1', '12', 'CIMB 000041'),
('8', '1', '2120', '13000', '8', 'MYR', '1', '37', 'CIMB 000043'),
('9', '1', '2120', '15000', '9', 'MYR', '1', '37', 'CIMB 000044'),
('10', '1', '2210', '3600', '10', 'MYR', '1', '37', 'CIMB 000045'),
('11', '1', '2120', '10000', '11', 'MYR', '1', '37', 'CIMB 000047'),
('12', '1', '2120', '20000', '12', 'MYR', '1', '37', 'CIMB 000048'),
('13', '1', '5766', '3212', '13', 'MYR', '1', '37', 'CIMB 000049'),
('14', '1', '5766', '3212', '14', 'MYR', '1', '12', 'CIMB 000049'),
('15', '1', '2120', '45000', '15', 'MYR', '1', '37', 'CIMB 000050'),
('16', '1', '2210', '6000', '16', 'MYR', '1', '37', 'CIMB 000051'),
('17', '1', '2680', '10000', '17', 'MYR', '1', '37', 'CIMB 000052'),
('18', '1', '2120', '25000', '18', 'MYR', '1', '37', 'CIMB 000053'),
('19', '1', '5010', '9085.5', '19', 'MYR', '1', '37', 'CIMB 000054'),
('20', '1', '2120', '10000', '20', 'MYR', '1', '37', 'CIMB 000055'),
('21', '1', '5020', '5300', '21', 'MYR', '1', '37', 'CIMB 000056'),
('22', '1', '2120', '10000', '22', 'MYR', '1', '37', 'CIMB 000057'),
('23', '1', '2120', '15000', '23', 'MYR', '1', '37', 'CIMB 000058'),
('24', '1', '2120', '20000', '24', 'MYR', '1', '37', 'CIMB 000059'),
('25', '1', '2120', '10000', '25', 'MYR', '1', '37', 'CIMB 000060'),
('26', '1', '5020', '30000', '26', 'MYR', '1', '37', 'CIMB 000061'),
('27', '1', '2210', '4000', '27', 'MYR', '1', '37', 'CIMB 000062'),
('28', '1', '2210', '3600', '28', 'MYR', '1', '37', 'CIMB 000063'),
('29', '1', '2210', '8000', '29', 'MYR', '1', '37', 'CIMB 000064'),
('30', '1', '5010', '1040', '30', 'MYR', '1', '37', 'CIMB 000065'),
('31', '1', '2680', '10000', '31', 'MYR', '1', '37', 'CIMB 000066'),
('32', '1', '2210', '3600', '32', 'MYR', '1', '20', ''),
('33', '1', '2210', '3600', '33', 'MYR', '1', '20', ''),
('34', '1', '2210', '3600', '34', 'MYR', '1', '20', ''),
('35', '1', '2680', '5000', '35', 'MYR', '1', '20', 'CIMB 000037'),
('36', '1', '2120', '25000', '36', 'MYR', '1', '37', 'CIMB 000038'),
('37', '1', '2120', '25000', '37', 'MYR', '1', '20', 'CIMB 000038'),
('38', '1', '2120', '6000', '38', 'MYR', '1', '37', 'CIMB 000039'),
('39', '1', '2210', '4000', '39', 'MYR', '1', '37', 'CIMB 000062'),
('40', '1', '2210', '8000', '40', 'MYR', '1', '37', 'CIMB 000064'),
('41', '1', '2210', '8000', '41', 'MYR', '1', '37', 'CIMB 000064'),
('42', '1', '5010', '1040', '42', 'MYR', '1', '20', 'CIMB 000065'),
('43', '1', '5010', '1040', '43', 'MYR', '1', '20', 'CIMB 000065'),
('44', '1', '2680', '10000', '44', 'MYR', '1', '20', 'CIMB 000066'),
('45', '1', '5010', '10000', '45', 'MYR', '1', '37', 'CIMB 000068'),
('46', '1', '5020', '10000', '46', 'MYR', '1', '20', 'CIMB 000069'),
('47', '1', '5010', '10000', '47', 'MYR', '1', '20', 'CIMB 000068'),
('48', '1', '5020', '15000', '48', 'MYR', '1', '20', 'CIMB 000070'),
('49', '1', '5020', '60000', '49', 'MYR', '1', '20', 'CIMB 000071'),
('50', '1', '2210', '3238', '50', 'MYR', '1', '20', 'CIMB 000072'),
('51', '1', '2680', '10000', '51', 'MYR', '1', '20', 'CIMB 000073'),
('52', '1', '2680', '20000', '52', 'MYR', '1', '20', 'CIMB 000074'),
('53', '1', '2210', '8000', '53', 'MYR', '1', '20', 'CIMB 000075'),
('54', '1', '2210', '3000', '54', 'MYR', '1', '20', 'CIMB 000076'),
('55', '1', '2210', '3600', '55', 'MYR', '1', '20', 'CIMB 000078'),
('56', '1', '5020', '40000', '56', 'MYR', '1', '20', 'CIMB 000080'),
('57', '1', '5690', '5', '57', 'MYR', '1', '20', 'AUTO'),
('58', '1', '2680', '10000', '58', 'MYR', '1', '20', 'CIMB 00036'),
('59', '1', '5020', '6167', '59', 'MYR', '1', '20', 'CIMB 000041'),
('60', '1', '5766', '3212', '60', 'MYR', '1', '20', 'CIMB 000049'),
('61', '1', '5690', '4.5', '61', 'MYR', '1', '20', ''),
('62', '1', '2680', '13000', '62', 'MYR', '1', '20', ''),
('63', '2', '2680', '-500', '1', 'MYR', '1', '20', 'CASH'),
('64', '1', '5690', '6', '63', 'MYR', '1', '20', ''),
('65', '1', '5010', '6', '64', 'MYR', '1', '12', ''),
('66', '1', '5690', '3.5', '65', 'MYR', '1', '12', ''),
('67', '1', '5010', '6', '66', 'MYR', '1', '12', ''),
('68', '1', '1300', '0.36', '66', 'MYR', '1', '0', ''),
('69', '1', '5690', '6', '67', 'MYR', '1', '12', ''),
('70', '1', '1300', '0.36', '67', 'MYR', '1', '0', ''),
('71', '1', '5690', '6', '68', 'MYR', '1', '12', ''),
('72', '1', '1300', '0.36', '68', 'MYR', '1', '12', ''),
('73', '1', '5690', '6', '69', 'MYR', '1', '12', ''),
('74', '1', '5690', '3.5', '70', 'MYR', '1', '12', ''),
('75', '1', '1300', '0.21', '70', 'MYR', '1', '0', ''),
('76', '1', '5690', '3.5', '71', 'MYR', '1', '12', ''),
('77', '1', '5690', '3.5', '72', 'MYR', '1', '12', ''),
('78', '1', '1300', '0.21', '72', 'MYR', '1', '0', ''),
('79', '1', '5618', '61.3', '73', 'MYR', '1', '12', 'CASH'),
('80', '1', '5618', '371.02', '73', 'MYR', '1', '19', 'CASH'),
('81', '1', '5700', '16.22', '73', 'MYR', '1', '12', 'CASH'),
('82', '1', '5460', '220', '73', 'MYR', '1', '19', 'CASH'),
('83', '1', '5619', '1804.1', '73', 'MYR', '1', '20', 'CASH'),
('84', '1', '5766', '1449.24', '73', 'MYR', '1', '15', 'CASH'),
('85', '1', '5010', '99.99', '73', 'MYR', '1', '12', 'CASH'),
('86', '1', '5780', '402.5', '73', 'MYR', '1', '20', 'CASH'),
('87', '1', '5619', '1538', '74', 'MYR', '1', '20', 'CASH'),
('88', '1', '5618', '71.69', '74', 'MYR', '1', '15', 'CASH'),
('89', '1', '5618', '350', '74', 'MYR', '1', '19', 'CASH'),
('90', '1', '5460', '129.25', '74', 'MYR', '1', '15', 'CASH'),
('91', '1', '5700', '5.1', '74', 'MYR', '1', '12', 'CASH'),
('92', '1', '5010', '125.8', '74', 'MYR', '1', '15', 'CASH'),
('93', '1', '5766', '400.94', '74', 'MYR', '1', '15', 'CASH'),
('94', '1', '5690', '3.5', '75', 'MYR', '1', '12', ''),
('95', '1', '2210', '3600', '76', 'MYR', '1', '16', ''),
('96', '1', '2210', '4000', '77', 'MYR', '1', '16', ''),
('97', '1', '2210', '8000', '78', 'MYR', '1', '16', ''),
('98', '1', '2250', '2580', '79', 'MYR', '1', '16', ''),
('99', '1', '5766', '2008', '80', 'MYR', '1', '16', ''),
('100', '1', '2210', '8000', '81', 'MYR', '1', '16', ''),
('101', '1', '2210', '4000', '82', 'MYR', '1', '16', ''),
('102', '1', '2210', '3600', '83', 'MYR', '1', '16', ''),
('103', '1', '2110', '222.2', '84', 'MYR', '1', '16', ''),
('104', '1', '2250', '7033', '85', 'MYR', '1', '16', ''),
('105', '1', '5690', '7', '86', 'MYR', '1', '12', ''),
('106', '1', '2250', '2500', '87', 'MYR', '1', '16', ''),
('107', '1', '5700', '80', '87', 'MYR', '1', '16', ''),
('108', '1', '2250', '2500', '88', 'MYR', '1', '16', ''),
('109', '1', '5700', '20', '88', 'MYR', '1', '16', ''),
('110', '1', '5767', '60', '88', 'MYR', '1', '16', ''),
('111', '1', '2250', '4000', '89', 'MYR', '1', '12', ''),
('112', '1', '2250', '1500', '89', 'MYR', '1', '12', ''),
('113', '1', '5700', '30', '89', 'MYR', '1', '12', ''),
('114', '1', '5767', '80', '89', 'MYR', '1', '12', ''),
('115', '1', '5616', '950', '89', 'MYR', '1', '12', ''),
('116', '1', '5767', '74.91', '89', 'MYR', '1', '12', ''),
('117', '1', '5619', '1527.01', '90', 'MYR', '1', '0', ''),
('118', '1', '5790', '482.65', '90', 'MYR', '1', '0', ''),
('119', '1', '5790', '466.15', '90', 'MYR', '1', '0', ''),
('120', '1', '5618', '139', '90', 'MYR', '1', '0', ''),
('121', '1', '5618', '170', '90', 'MYR', '1', '0', ''),
('122', '1', '5780', '283.8', '90', 'MYR', '1', '0', ''),
('123', '1', '5010', '250', '90', 'MYR', '1', '0', ''),
('124', '1', '5700', '38.1', '90', 'MYR', '1', '0', ''),
('125', '1', '5766', '421', '90', 'MYR', '1', '0', ''),
('126', '1', '5619', '583.32', '91', 'MYR', '1', '0', ''),
('127', '1', '5618', '75', '91', 'MYR', '1', '0', ''),
('128', '1', '5618', '250', '91', 'MYR', '1', '0', ''),
('129', '1', '5766', '923', '91', 'MYR', '1', '0', ''),
('130', '1', '5780', '463', '91', 'MYR', '1', '0', ''),
('131', '1', '5618', '113.5', '92', 'MYR', '1', '0', ''),
('132', '1', '5618', '400', '92', 'MYR', '1', '0', ''),
('133', '1', '5619', '1416.78', '92', 'MYR', '1', '0', ''),
('134', '1', '5700', '52.28', '92', 'MYR', '1', '0', ''),
('135', '1', '5766', '1531.8', '92', 'MYR', '1', '0', ''),
('136', '1', '5010', '83.8', '92', 'MYR', '1', '0', ''),
('137', '1', '5020', '59178.3', '93', 'MYR', '1', '20', ''),
('138', '1', '5020', '56458.3', '94', 'MYR', '1', '20', ''),
('139', '1', '5020', '65475.4', '95', 'MYR', '1', '20', ''),
('140', '1', '2210', '3600', '96', 'MYR', '1', '20', ''),
('141', '1', '2210', '4000', '97', 'MYR', '1', '20', ''),
('142', '1', '2210', '8000', '98', 'MYR', '1', '20', ''),
('143', '1', '2680', '2008', '99', 'MYR', '1', '20', ''),
('144', '1', '2210', '8000', '100', 'MYR', '1', '20', ''),
('145', '1', '2210', '3600', '101', 'MYR', '1', '20', ''),
('146', '1', '2210', '4000', '102', 'MYR', '1', '20', ''),
('147', '1', '2110', '222', '103', 'MYR', '1', '20', ''),
('148', '1', '2210', '3600', '104', 'MYR', '1', '20', ''),
('149', '1', '2210', '8000', '105', 'MYR', '1', '20', ''),
('150', '1', '2210', '4000', '106', 'MYR', '1', '20', ''),
('151', '1', '5618', '253.5', '107', 'MYR', '1', '19', ''),
('152', '1', '5618', '890', '107', 'MYR', '1', '19', ''),
('153', '1', '5618', '230', '107', 'MYR', '1', '19', ''),
('154', '1', '5619', '1823.05', '107', 'MYR', '1', '19', ''),
('155', '1', '5460', '110', '107', 'MYR', '1', '19', ''),
('156', '1', '5766', '8.02', '107', 'MYR', '1', '15', ''),
('157', '1', '5780', '200.15', '107', 'MYR', '1', '20', ''),
('158', '1', '5700', '38.63', '107', 'MYR', '1', '12', ''),
('159', '1', '5010', '14784.67', '108', 'MYR', '1', '12', ''),
('160', '1', '5619', '1611.88', '108', 'MYR', '1', '19', ''),
('161', '1', '5618', '254', '108', 'MYR', '1', '19', ''),
('162', '1', '5618', '305', '108', 'MYR', '1', '19', ''),
('163', '1', '5618', '490', '108', 'MYR', '1', '19', ''),
('164', '1', '5700', '19.86', '108', 'MYR', '1', '12', ''),
('165', '1', '5766', '80', '108', 'MYR', '1', '15', ''),
('166', '1', '5780', '237.15', '108', 'MYR', '1', '20', ''),
('167', '1', '5010', '13299.46', '109', 'MYR', '1', '12', ''),
('168', '1', '5619', '920.49', '109', 'MYR', '1', '19', ''),
('169', '1', '5618', '480', '109', 'MYR', '1', '19', ''),
('170', '1', '5766', '475', '109', 'MYR', '1', '15', ''),
('171', '1', '5780', '213.2', '109', 'MYR', '1', '20', ''),
('172', '1', '5800', '50', '109', 'MYR', '1', '20', ''),
('173', '1', '5690', '4', '110', 'MYR', '1', '12', ''),
('174', '1', '2250', '4000', '111', 'MYR', '1', '12', ''),
('175', '1', '2250', '1500', '111', 'MYR', '1', '12', ''),
('176', '1', '5700', '30', '111', 'MYR', '1', '12', ''),
('177', '1', '5767', '80', '111', 'MYR', '1', '12', ''),
('178', '1', '5616', '950', '111', 'MYR', '1', '12', ''),
('179', '1', '5767', '75.65', '111', 'MYR', '1', '12', ''),
('180', '1', '2110', '222.2', '112', 'MYR', '1', '20', ''),
('181', '1', '5690', '5', '113', 'MYR', '1', '12', ''),
('182', '1', '1301', '98.9', '114', 'MYR', '1', '20', ''),
('183', '1', '1301', '10040.53', '115', 'MYR', '1', '20', ''),
('184', '1', '2250', '3550', '116', 'MYR', '1', '16', ''),
('185', '1', '5700', '20', '116', 'MYR', '1', '16', ''),
('186', '1', '5767', '50', '116', 'MYR', '1', '16', ''),
('187', '1', '2210', '2500', '117', 'MYR', '1', '16', ''),
('188', '1', '2210', '1100', '117', 'MYR', '1', '16', ''),
('189', '1', '2210', '4000', '118', 'MYR', '1', '16', ''),
('190', '1', '2210', '4000', '118', 'MYR', '1', '16', ''),
('191', '1', '2210', '3000', '119', 'MYR', '1', '16', ''),
('192', '1', '2210', '1000', '119', 'MYR', '1', '16', ''),
('193', '1', '2250', '583', '120', 'MYR', '1', '16', ''),
('194', '1', '2210', '4000', '121', 'MYR', '1', '16', ''),
('195', '1', '2210', '4000', '121', 'MYR', '1', '16', ''),
('196', '1', '2210', '3000', '122', 'MYR', '1', '16', ''),
('197', '1', '2210', '1000', '122', 'MYR', '1', '16', ''),
('198', '1', '2210', '2500', '123', 'MYR', '1', '16', ''),
('199', '1', '2210', '1100', '123', 'MYR', '1', '16', ''),
('200', '1', '5619', '530.8', '124', 'MYR', '1', '16', ''),
('201', '1', '5480', '47.74', '124', 'MYR', '1', '12', ''),
('202', '1', '5618', '24.52', '124', 'MYR', '1', '12', ''),
('203', '1', '5618', '100', '124', 'MYR', '1', '16', ''),
('204', '1', '5010', '80', '125', 'MYR', '1', '12', ''),
('205', '1', '5618', '49.47', '125', 'MYR', '1', '20', ''),
('206', '1', '5612', '0.5', '125', 'MYR', '1', '12', ''),
('207', '1', '5618', '262', '125', 'MYR', '1', '16', ''),
('208', '1', '5618', '100', '125', 'MYR', '1', '16', ''),
('209', '1', '5619', '763', '125', 'MYR', '1', '16', ''),
('210', '1', '5618', '447.88', '126', 'MYR', '1', '16', ''),
('211', '1', '5612', '2', '126', 'MYR', '1', '12', ''),
('212', '1', '5618', '19.81', '126', 'MYR', '1', '12', ''),
('213', '1', '5618', '80', '126', 'MYR', '1', '16', ''),
('214', '1', '5480', '732.16', '126', 'MYR', '1', '12', ''),
('215', '1', '5010', '236.98', '126', 'MYR', '1', '12', ''),
('216', '1', '5700', '21.18', '126', 'MYR', '1', '12', ''),
('217', '1', '5619', '1450.31', '126', 'MYR', '1', '16', ''),
('218', '1', '5480', '187.51', '126', 'MYR', '1', '16', ''),
('219', '1', '5619', '430', '127', 'MYR', '1', '16', ''),
('220', '1', '5618', '38', '127', 'MYR', '1', '12', ''),
('221', '1', '5618', '49.47', '127', 'MYR', '1', '16', ''),
('222', '1', '5612', '0.5', '127', 'MYR', '1', '12', ''),
('223', '1', '5618', '90', '127', 'MYR', '1', '16', ''),
('224', '1', '5618', '-0.28', '127', 'MYR', '1', '16', ''),
('225', '1', '5619', '430', '128', 'MYR', '1', '16', ''),
('226', '1', '5618', '38', '128', 'MYR', '1', '12', ''),
('227', '1', '5618', '49.47', '128', 'MYR', '1', '16', ''),
('228', '1', '5612', '0.5', '128', 'MYR', '1', '12', ''),
('229', '1', '5618', '90', '128', 'MYR', '1', '16', ''),
('230', '1', '5618', '-0.28', '128', 'MYR', '1', '16', ''),
('231', '1', '5619', '430', '129', 'MYR', '1', '16', ''),
('232', '1', '5618', '38', '129', 'MYR', '1', '12', ''),
('233', '1', '5618', '49.47', '129', 'MYR', '1', '16', ''),
('234', '1', '5612', '0.5', '129', 'MYR', '1', '12', ''),
('235', '1', '5618', '90', '129', 'MYR', '1', '16', ''),
('236', '1', '5618', '-0.28', '129', 'MYR', '1', '16', ''),
('237', '1', '5618', '447.88', '130', 'MYR', '1', '16', ''),
('238', '1', '5612', '2', '130', 'MYR', '1', '12', ''),
('239', '1', '5618', '19.81', '130', 'MYR', '1', '12', ''),
('240', '1', '5618', '80', '130', 'MYR', '1', '16', ''),
('241', '1', '5480', '732.16', '130', 'MYR', '1', '12', ''),
('242', '1', '5010', '236.98', '130', 'MYR', '1', '12', ''),
('243', '1', '5700', '21.18', '130', 'MYR', '1', '12', ''),
('244', '1', '5619', '1450.31', '130', 'MYR', '1', '16', ''),
('245', '1', '5480', '187.51', '130', 'MYR', '1', '16', ''),
('246', '1', '5618', '447.88', '131', 'MYR', '1', '16', ''),
('247', '1', '5612', '2', '131', 'MYR', '1', '12', ''),
('248', '1', '5618', '19.81', '131', 'MYR', '1', '12', ''),
('249', '1', '5618', '80', '131', 'MYR', '1', '16', ''),
('250', '1', '5480', '732.16', '131', 'MYR', '1', '12', ''),
('251', '1', '5010', '236.98', '131', 'MYR', '1', '12', ''),
('252', '1', '5700', '21.18', '131', 'MYR', '1', '12', ''),
('253', '1', '5619', '1450.31', '131', 'MYR', '1', '16', ''),
('254', '1', '5480', '187.51', '131', 'MYR', '1', '16', ''),
('255', '1', '5780', '216.55', '132', 'MYR', '1', '20', ''),
('256', '1', '5619', '1294.85', '132', 'MYR', '1', '20', ''),
('257', '1', '5618', '546.82', '132', 'MYR', '1', '20', ''),
('258', '1', '5612', '3', '132', 'MYR', '1', '12', ''),
('259', '1', '5480', '1302.5', '132', 'MYR', '1', '12', ''),
('260', '1', '5480', '131.7', '132', 'MYR', '1', '16', ''),
('261', '1', '5010', '250.33', '132', 'MYR', '1', '12', ''),
('262', '1', '5618', '16', '132', 'MYR', '1', '16', ''),
('263', '1', '5765', '6.6', '132', 'MYR', '1', '12', ''),
('264', '1', '5618', '372.83', '132', 'MYR', '1', '12', ''),
('265', '1', '5618', '139.8', '132', 'MYR', '1', '16', ''),
('266', '1', '5619', '1284.49', '133', 'MYR', '1', '16', ''),
('267', '1', '5618', '56', '133', 'MYR', '1', '12', ''),
('268', '1', '5618', '46.64', '133', 'MYR', '1', '16', ''),
('269', '1', '5618', '448.41', '133', 'MYR', '1', '16', ''),
('270', '1', '5612', '1.5', '133', 'MYR', '1', '12', ''),
('271', '1', '5700', '33.83', '133', 'MYR', '1', '12', ''),
('272', '1', '5480', '1581.5', '133', 'MYR', '1', '12', ''),
('273', '1', '5700', '-0.11', '133', 'MYR', '1', '16', ''),
('274', '1', '5480', '37.57', '133', 'MYR', '1', '16', ''),
('275', '1', '5020', '64375.9', '134', 'MYR', '1', '20', ''),
('276', '1', '5020', '66247.5', '135', 'MYR', '1', '20', ''),
('277', '1', '5690', '5', '136', 'MYR', '1', '12', ''),
('278', '1', '5690', '7.5', '137', 'MYR', '1', '12', ''),
('279', '1', '5690', '7', '138', 'MYR', '1', '12', ''),
('280', '1', '2210', '8000', '139', 'MYR', '1', '20', ''),
('281', '1', '2210', '4000', '140', 'MYR', '1', '20', ''),
('282', '1', '2210', '3600', '141', 'MYR', '1', '20', ''),
('283', '1', '2211', '375.8', '142', 'MYR', '1', '20', ''),
('284', '1', '2210', '8000', '143', 'MYR', '1', '20', ''),
('285', '1', '2210', '4000', '144', 'MYR', '1', '20', ''),
('286', '1', '2210', '3600', '145', 'MYR', '1', '20', ''),
('287', '1', '2210', '3600', '146', 'MYR', '1', '20', ''),
('288', '1', '2210', '4000', '147', 'MYR', '1', '20', ''),
('289', '1', '2210', '8000', '148', 'MYR', '1', '20', ''),
('290', '1', '5020', '86497', '149', 'MYR', '1', '20', ''),
('291', '1', '5020', '73226.2', '150', 'MYR', '1', '20', ''),
('292', '1', '5020', '87945.8', '151', 'MYR', '1', '20', ''),
('293', '1', '5010', '8000', '152', 'MYR', '1', '20', '');

### Structure of table `bom` ###

DROP TABLE IF EXISTS `bom`;

CREATE TABLE `bom` (
  `id` int(11) NOT NULL AUTO_INCREMENT,
  `parent` char(20) COLLATE utf8_unicode_ci NOT NULL DEFAULT '',
  `component` char(20) COLLATE utf8_unicode_ci NOT NULL DEFAULT '',
  `workcentre_added` int(11) NOT NULL DEFAULT '0',
  `loc_code` char(5) COLLATE utf8_unicode_ci NOT NULL DEFAULT '',
  `quantity` double NOT NULL DEFAULT '1',
  PRIMARY KEY (`parent`,`component`,`workcentre_added`,`loc_code`),
  KEY `component` (`component`),
  KEY `id` (`id`),
  KEY `loc_code` (`loc_code`),
  KEY `parent` (`parent`,`loc_code`),
  KEY `workcentre_added` (`workcentre_added`)
) ENGINE=MyISAM DEFAULT CHARSET=utf8 COLLATE=utf8_unicode_ci ;

### Data of table `bom` ###


### Structure of table `budget_trans` ###

DROP TABLE IF EXISTS `budget_trans`;

CREATE TABLE `budget_trans` (
  `counter` int(11) NOT NULL AUTO_INCREMENT,
  `type` smallint(6) NOT NULL DEFAULT '0',
  `type_no` bigint(16) NOT NULL DEFAULT '1',
  `tran_date` date NOT NULL DEFAULT '0000-00-00',
  `account` varchar(15) COLLATE utf8_unicode_ci NOT NULL DEFAULT '',
  `memo_` tinytext COLLATE utf8_unicode_ci NOT NULL,
  `amount` double NOT NULL DEFAULT '0',
  `dimension_id` int(11) DEFAULT '0',
  `dimension2_id` int(11) DEFAULT '0',
  `person_type_id` int(11) DEFAULT NULL,
  `person_id` tinyblob,
  PRIMARY KEY (`counter`),
  KEY `Type_and_Number` (`type`,`type_no`),
  KEY `Account` (`account`,`tran_date`,`dimension_id`,`dimension2_id`)
) ENGINE=InnoDB DEFAULT CHARSET=utf8 COLLATE=utf8_unicode_ci ;

### Data of table `budget_trans` ###


### Structure of table `chart_class` ###

DROP TABLE IF EXISTS `chart_class`;

CREATE TABLE `chart_class` (
  `cid` varchar(3) COLLATE utf8_unicode_ci NOT NULL,
  `class_name` varchar(60) COLLATE utf8_unicode_ci NOT NULL DEFAULT '',
  `ctype` tinyint(1) NOT NULL DEFAULT '0',
  `inactive` tinyint(1) NOT NULL DEFAULT '0',
  PRIMARY KEY (`cid`)
) ENGINE=MyISAM DEFAULT CHARSET=utf8 COLLATE=utf8_unicode_ci ;

### Data of table `chart_class` ###

INSERT INTO `chart_class` VALUES
('1', 'ASSETS', '1', '0'),
('2', 'LIABILITIES', '2', '0'),
('3', 'EQUITY', '3', '0'),
('4', 'INCOME', '4', '0'),
('5', 'COST OF GOODS SOLD', '5', '0'),
('6', 'EXPENSES', '6', '0');

### Structure of table `chart_master` ###

DROP TABLE IF EXISTS `chart_master`;

CREATE TABLE `chart_master` (
  `account_code` varchar(15) COLLATE utf8_unicode_ci NOT NULL DEFAULT '',
  `account_code2` varchar(15) COLLATE utf8_unicode_ci NOT NULL DEFAULT '',
  `account_name` varchar(60) COLLATE utf8_unicode_ci NOT NULL DEFAULT '',
  `account_type` varchar(10) COLLATE utf8_unicode_ci NOT NULL DEFAULT '0',
  `inactive` tinyint(1) NOT NULL DEFAULT '0',
  PRIMARY KEY (`account_code`),
  KEY `account_name` (`account_name`),
  KEY `accounts_by_type` (`account_type`,`account_code`)
) ENGINE=MyISAM DEFAULT CHARSET=utf8 COLLATE=utf8_unicode_ci ;

### Data of table `chart_master` ###

INSERT INTO `chart_master` VALUES
('1060', '', 'CHECKING ACCOUNT', '1', '0'),
('1065', '', 'PETTY CASH', '1', '0'),
('1200', '', 'ACCOUNTS RECEIVABLES', '1', '0'),
('1205', '', 'ALLOWANCE FOR DOUBTFUL ACCOUNTS', '1', '0'),
('1510', '', 'INVENTORY', '2', '0'),
('1206', '', 'DEPOSIT ', '1', '0'),
('1530', '', 'STOCKS OF WORK IN PROGRESS', '2', '1'),
('1210', '', 'RETENTION FUND', '1', '0'),
('1820', '', 'OFFICE FURNITURE &amp; EQUIPMENT', '3', '0'),
('1825', '', 'ACC DEPRECIATION - FURN. &amp; EQUIP.', '3', '0'),
('1840', '', 'MOTOR VEHICLES', '3', '0'),
('1845', '', 'ACC DEPREACITON - M / VEHICLES', '3', '0'),
('2100', '', 'ACCOUNTS PAYABLES', '4', '0'),
('2110', '', 'PROVISION OF TAX', '4', '0'),
('2670', '', 'YONG CHOY YEN', '4', '0'),
('2630', '', 'INTEREST H/P - BNA 7008', '5', '0'),
('2150', '', 'GST OUTPUT TAX', '4', '0'),
('2120', '', 'SLK ENGINEERING ', '4', '0'),
('2210', '', 'ACCRUAL SALARIES &amp; WAGES', '4', '0'),
('2220', '', 'ACCRUED EPF', '4', '1'),
('2230', '', 'ACCRUED SOCSO', '4', '1'),
('2240', '', 'ACCRUAL PCB ', '4', '0'),
('2310', '', 'Accr. Benefits - 401K', '4', '1'),
('2320', '', 'Accr. Benefits - Stock Purchase', '4', '1'),
('2330', '', 'Accr. Benefits - Med, Den', '4', '1'),
('2340', '', 'Accr. Benefits - Payroll Taxes', '4', '1'),
('2350', '', 'Accr. Benefits - Credit Union', '4', '1'),
('2360', '', 'Accr. Benefits - Savings Bond', '4', '1'),
('2370', '', 'Accr. Benefits - Garnish', '4', '1'),
('2380', '', 'Accr. Benefits - Charity Cont.', '4', '1'),
('2620', '', 'HIRE PURCHASES - BNA 7008', '5', '0'),
('2680', '', 'KOK SIN LON', '4', '0'),
('3350', '', 'COMMON SHARE', '6', '0'),
('3590', '', 'RETAINED EARNINGS ', '7', '0'),
('4010', '', 'PROJECT SALES', '8', '0'),
('4430', '', 'Shipping &amp; Handling', '9', '1'),
('4440', '', 'Interest', '9', '1'),
('4450', '', 'Foreign Exchange Gain', '9', '1'),
('4500', '', 'PROMPT PAYMENT DISCOUNTS', '9', '0'),
('4510', '', 'Discounts Given', '9', '1'),
('5010', '', 'PURCHASES - HARDWARE', '10', '0'),
('5020', '', 'SUB CON WAGES', '10', '0'),
('5030', '', 'Consumable Materials', '10', '1'),
('5040', '', 'TESTING &amp; COMMISSIONING', '10', '0'),
('5050', '', 'Purchases of materials', '10', '1'),
('5060', '', 'Discounts Received', '10', '1'),
('5100', '', 'Freight', '10', '1'),
('5410', '', 'WAGES &amp; SALARIES', '11', '0'),
('5420', '', 'WAGES - OVERTIME', '11', '0'),
('5430', '', 'WAGES - TAX', '11', '0'),
('5440', '', 'EPF CONTRIBUTION', '11', '0'),
('5450', '', 'SOCSO CONTRIBUTION', '11', '0'),
('5460', '', 'MEDICAL CLAIMS', '11', '0'),
('5470', '', 'TRAVELING ALLOWANCE', '11', '0'),
('5480', '', 'FOOD ALLOWANCE', '11', '0'),
('5520', '', 'Inc Tax Exp - State', '11', '1'),
('5530', '', 'Taxes - Real Estate', '11', '1'),
('5540', '', 'Taxes - Personal Property', '11', '1'),
('5550', '', 'Taxes - Franchise', '11', '1'),
('5560', '', 'Taxes - Foreign Withholding', '11', '1'),
('5610', '', 'ACCOUNTING FEES', '12', '0'),
('5613', '', 'LEGAL FEES', '12', '0'),
('5611', '', 'TAXATION', '12', '0'),
('5660', '', 'DEPRECIATION', '12', '0'),
('5685', '', 'INSURANCE', '12', '0'),
('5690', '', 'BANK CHARGES', '12', '0'),
('5700', '', 'PRINTING AND STATIONERY', '12', '0'),
('5760', '', 'RENTAL', '12', '0'),
('5765', '', 'UPKEEP OF OFFICE', '12', '0'),
('5780', '', 'TELEPHONE AND MOBILE', '12', '0'),
('5790', '', 'WATER AND ELECTRICITY', '12', '0'),
('5614', '', 'REGISTRATION FEES', '12', '0'),
('5800', '', 'LICENSES', '12', '0'),
('5766', '', 'UPKEEP OF MOTOR VEHICLE', '12', '0'),
('9990', '', 'YEAR PROFIT / LOASS', '12', '0'),
('1300', '1300', 'GST INPUT TAX', '1', '0'),
('5900', '5900', 'GST EXPENSES (NOT CLAIMABLE)', '12', '0'),
('2152', '', 'GST OUTPUT TAX ZERO RATED', '4', '0'),
('1064', '', 'CIMB BANK - CHERAS', '1', '0'),
('5612', '', 'ADMINISTRATION FEES', '12', '0'),
('5620', '', 'BAD DEBTS', '12', '0'),
('5689', '', 'INTEREST OF H / PURCHASES', '12', '0'),
('5615', '', 'FILLING FESS', '12', '0'),
('5616', '', 'AUDIT FEES', '12', '0'),
('5617', '', 'SECRETARIES FEES', '12', '0'),
('2250', '', 'ACCRUAL AUDIT AND ACCOUNTING FEES', '4', '0'),
('5618', '', 'PARKING AND TOLL', '12', '0'),
('5619', '', 'PETROL', '12', '0'),
('1299', '', 'PROVISION OF TAX', '1', '0'),
('5767', '', 'TRAVELLING ', '12', '0'),
('2130', '', 'METRONIC ENGINEERING SDN BHD', '4', '0'),
('4451', '', 'Rounding Difference', '9', '0'),
('1301', '', 'GST PAYMENT', '1', '0'),
('2211', '', 'ACCRUAL SOCSO', '4', '0');

### Structure of table `chart_types` ###

DROP TABLE IF EXISTS `chart_types`;

CREATE TABLE `chart_types` (
  `id` varchar(10) COLLATE utf8_unicode_ci NOT NULL,
  `name` varchar(60) COLLATE utf8_unicode_ci NOT NULL DEFAULT '',
  `class_id` varchar(3) COLLATE utf8_unicode_ci NOT NULL DEFAULT '',
  `parent` varchar(10) COLLATE utf8_unicode_ci NOT NULL DEFAULT '-1',
  `inactive` tinyint(1) NOT NULL DEFAULT '0',
  PRIMARY KEY (`id`),
  KEY `name` (`name`),
  KEY `class_id` (`class_id`)
) ENGINE=MyISAM DEFAULT CHARSET=utf8 COLLATE=utf8_unicode_ci ;

### Data of table `chart_types` ###

INSERT INTO `chart_types` VALUES
('1', 'CURRENT ASSETS', '1', '', '0'),
('2', 'INVENTORY ASSETS', '1', '', '0'),
('3', 'CAPITAL ASSETS', '1', '', '0'),
('4', 'CURRENT LIABILITIES', '2', '', '0'),
('5', 'LONG TERM LIABILITIES', '2', '', '0'),
('6', 'SHARE CAPITAL', '3', '', '0'),
('7', 'RETAINED EARNINGS', '3', '', '0'),
('8', 'SALES REVENUE', '4', '', '0'),
('9', 'OTHER REVENUE', '4', '', '0'),
('10', 'COST OF GOODS SOLD', '5', '', '0'),
('11', 'PAYROLL EXPENSES', '6', '', '0'),
('12', 'GENERAL &amp; ADMINISTRATIVE EXPENSES', '6', '', '0');

### Structure of table `comments` ###

DROP TABLE IF EXISTS `comments`;

CREATE TABLE `comments` (
  `type` int(11) NOT NULL DEFAULT '0',
  `id` int(11) NOT NULL DEFAULT '0',
  `date_` date DEFAULT '0000-00-00',
  `memo_` tinytext COLLATE utf8_unicode_ci,
  KEY `type_and_id` (`type`,`id`)
) ENGINE=InnoDB DEFAULT CHARSET=utf8 COLLATE=utf8_unicode_ci ;

### Data of table `comments` ###


### Structure of table `credit_status` ###

DROP TABLE IF EXISTS `credit_status`;

CREATE TABLE `credit_status` (
  `id` int(11) NOT NULL AUTO_INCREMENT,
  `reason_description` char(100) COLLATE utf8_unicode_ci NOT NULL DEFAULT '',
  `dissallow_invoices` tinyint(1) NOT NULL DEFAULT '0',
  `inactive` tinyint(1) NOT NULL DEFAULT '0',
  PRIMARY KEY (`id`),
  UNIQUE KEY `reason_description` (`reason_description`)
) ENGINE=MyISAM AUTO_INCREMENT=5 DEFAULT CHARSET=utf8 COLLATE=utf8_unicode_ci ;

### Data of table `credit_status` ###

INSERT INTO `credit_status` VALUES
('1', 'Good History', '0', '0'),
('3', 'No more work until payment received', '1', '0'),
('4', 'In liquidation', '1', '0');

### Structure of table `crm_categories` ###

DROP TABLE IF EXISTS `crm_categories`;

CREATE TABLE `crm_categories` (
  `id` int(11) NOT NULL AUTO_INCREMENT COMMENT 'pure technical key',
  `type` varchar(20) COLLATE utf8_unicode_ci NOT NULL COMMENT 'contact type e.g. customer',
  `action` varchar(20) COLLATE utf8_unicode_ci NOT NULL COMMENT 'detailed usage e.g. department',
  `name` varchar(30) COLLATE utf8_unicode_ci NOT NULL COMMENT 'for category selector',
  `description` tinytext COLLATE utf8_unicode_ci NOT NULL COMMENT 'usage description',
  `system` tinyint(1) NOT NULL DEFAULT '0' COMMENT 'nonzero for core system usage',
  `inactive` tinyint(1) NOT NULL DEFAULT '0',
  PRIMARY KEY (`id`),
  UNIQUE KEY `type` (`type`,`action`),
  UNIQUE KEY `type_2` (`type`,`name`)
) ENGINE=InnoDB AUTO_INCREMENT=13 DEFAULT CHARSET=utf8 COLLATE=utf8_unicode_ci ;

### Data of table `crm_categories` ###

INSERT INTO `crm_categories` VALUES
('1', 'cust_branch', 'general', 'General', 'General contact data for customer branch (overrides company setting)', '1', '0'),
('2', 'cust_branch', 'invoice', 'Invoices', 'Invoice posting (overrides company setting)', '1', '0'),
('3', 'cust_branch', 'order', 'Orders', 'Order confirmation (overrides company setting)', '1', '0'),
('4', 'cust_branch', 'delivery', 'Deliveries', 'Delivery coordination (overrides company setting)', '1', '0'),
('5', 'customer', 'general', 'General', 'General contact data for customer', '1', '0'),
('6', 'customer', 'order', 'Orders', 'Order confirmation', '1', '0'),
('7', 'customer', 'delivery', 'Deliveries', 'Delivery coordination', '1', '0'),
('8', 'customer', 'invoice', 'Invoices', 'Invoice posting', '1', '0'),
('9', 'supplier', 'general', 'General', 'General contact data for supplier', '1', '0'),
('10', 'supplier', 'order', 'Orders', 'Order confirmation', '1', '0'),
('11', 'supplier', 'delivery', 'Deliveries', 'Delivery coordination', '1', '0'),
('12', 'supplier', 'invoice', 'Invoices', 'Invoice posting', '1', '0');

### Structure of table `crm_contacts` ###

DROP TABLE IF EXISTS `crm_contacts`;

CREATE TABLE `crm_contacts` (
  `id` int(11) NOT NULL AUTO_INCREMENT,
  `person_id` int(11) NOT NULL DEFAULT '0' COMMENT 'foreign key to crm_contacts',
  `type` varchar(20) COLLATE utf8_unicode_ci NOT NULL COMMENT 'foreign key to crm_categories',
  `action` varchar(20) COLLATE utf8_unicode_ci NOT NULL COMMENT 'foreign key to crm_categories',
  `entity_id` varchar(11) COLLATE utf8_unicode_ci DEFAULT NULL COMMENT 'entity id in related class table',
  PRIMARY KEY (`id`),
  KEY `type` (`type`,`action`)
) ENGINE=InnoDB AUTO_INCREMENT=57 DEFAULT CHARSET=utf8 COLLATE=utf8_unicode_ci ;

### Data of table `crm_contacts` ###

INSERT INTO `crm_contacts` VALUES
('3', '2', 'cust_branch', 'general', '2'),
('5', '3', 'cust_branch', 'general', '3'),
('6', '3', 'customer', 'general', '3'),
('7', '2', 'customer', 'general', '2'),
('8', '1', 'customer', 'general', '1'),
('10', '1', 'cust_branch', 'general', '1'),
('11', '4', 'supplier', 'general', '1'),
('12', '5', 'supplier', 'general', '2'),
('13', '6', 'supplier', 'general', '3'),
('14', '7', 'supplier', 'general', '4'),
('15', '8', 'supplier', 'general', '5'),
('16', '9', 'supplier', 'general', '6'),
('17', '10', 'supplier', 'general', '7'),
('18', '11', 'supplier', 'general', '8'),
('19', '12', 'supplier', 'general', '9'),
('20', '13', 'supplier', 'general', '10'),
('21', '14', 'supplier', 'general', '11'),
('22', '15', 'supplier', 'general', '12'),
('23', '16', 'supplier', 'general', '13'),
('24', '17', 'supplier', 'general', '14'),
('25', '18', 'supplier', 'general', '15'),
('26', '19', 'supplier', 'general', '16'),
('27', '20', 'supplier', 'general', '17'),
('28', '21', 'supplier', 'general', '18'),
('29', '22', 'supplier', 'general', '19'),
('30', '23', 'supplier', 'general', '20'),
('31', '24', 'supplier', 'general', '21'),
('32', '25', 'supplier', 'general', '22'),
('33', '26', 'supplier', 'general', '23'),
('34', '27', 'supplier', 'general', '24'),
('35', '28', 'supplier', 'general', '25'),
('36', '29', 'supplier', 'general', '26'),
('37', '30', 'supplier', 'general', '27'),
('38', '31', 'supplier', 'general', '28'),
('39', '32', 'supplier', 'general', '29'),
('40', '33', 'supplier', 'general', '30'),
('41', '34', 'supplier', 'general', '31'),
('42', '35', 'supplier', 'general', '32'),
('43', '36', 'supplier', 'general', '33'),
('44', '37', 'supplier', 'general', '34'),
('45', '38', 'supplier', 'general', '35'),
('46', '39', 'supplier', 'general', '36'),
('47', '40', 'supplier', 'general', '37'),
('48', '41', 'supplier', 'general', '38'),
('49', '42', 'supplier', 'general', '39'),
('50', '43', 'supplier', 'general', '40'),
('51', '44', 'supplier', 'general', '41'),
('52', '45', 'supplier', 'general', '42'),
('53', '46', 'supplier', 'general', '43'),
('54', '47', 'supplier', 'general', '44'),
('55', '48', 'supplier', 'general', '45'),
('56', '49', 'supplier', 'general', '46');

### Structure of table `crm_persons` ###

DROP TABLE IF EXISTS `crm_persons`;

CREATE TABLE `crm_persons` (
  `id` int(11) NOT NULL AUTO_INCREMENT,
  `ref` varchar(30) COLLATE utf8_unicode_ci NOT NULL,
  `name` varchar(60) COLLATE utf8_unicode_ci NOT NULL,
  `name2` varchar(60) COLLATE utf8_unicode_ci DEFAULT NULL,
  `address` tinytext COLLATE utf8_unicode_ci,
  `phone` varchar(30) COLLATE utf8_unicode_ci DEFAULT NULL,
  `phone2` varchar(30) COLLATE utf8_unicode_ci DEFAULT NULL,
  `fax` varchar(30) COLLATE utf8_unicode_ci DEFAULT NULL,
  `email` varchar(100) COLLATE utf8_unicode_ci DEFAULT NULL,
  `lang` char(5) COLLATE utf8_unicode_ci DEFAULT NULL,
  `notes` tinytext COLLATE utf8_unicode_ci NOT NULL,
  `inactive` tinyint(1) NOT NULL DEFAULT '0',
  PRIMARY KEY (`id`),
  KEY `ref` (`ref`)
) ENGINE=InnoDB AUTO_INCREMENT=50 DEFAULT CHARSET=utf8 COLLATE=utf8_unicode_ci ;

### Data of table `crm_persons` ###

INSERT INTO `crm_persons` VALUES
('1', 'ELEMENT EDGE SDN BHD', 'ELEMENT', NULL, 'NO.6-1,JALAN PJS8/11,\nSUNWAY MENTARI,DATARAN MENTARI,\n46150 PETALING JAYA,SELANGOR', '603 5613 3488', NULL, '603 5613 2488', 'elementedgesb@gmail.com', NULL, '', '0'),
('2', 'METRONIC ENGINEERING SDN BHD', 'METRONIC', NULL, 'NO.2,JALAN ASTAKA U8/83,SECTION U8,\nBUKIT JELUTONG ,SHAH ALAM\n40150 SELANGOR', '603 7847 2111', NULL, '603 7847 5111', 'MESB@METRONIC-GROUP.COM', NULL, '', '0'),
('3', 'JAYA SARANA ENGINEERING SDN BH', 'JAYA SARANA', NULL, '4-01,JALAN BENTARA SATU,\nTAMAN ISKANDAR,\n80500 JOHOR BAHRU', '607 333 8729', NULL, '607 332 2515', NULL, NULL, '', '0'),
('4', 'HILTI', '', NULL, 'F-5-A, SIME DARBY BRUNSFIELD TOWER\nNO. 2, JALAN PJU 1A/7A, OASIS SQUARE\n47301 PETALING JAYA\nSELANGOR DARUL EHSAN', '1-800-88-0985', NULL, '03-7848 7399', NULL, NULL, '', '0'),
('5', 'WING KONG', '', NULL, '31, JALAN KASKAS DUA, TAMAN CHERAS\n56100 KUALA LUMPUR', '03-9132 9613', NULL, '03-9131 2907', 'wingkong2015@hotmail.com', NULL, '', '0'),
('6', 'ACCUWEIGH', '', NULL, 'NO. 1, JALAN TAMING 6\nTAMAN TANMING JAYA, BALAKONG\n43300 SERI KEMBANGAN\nSELANGOR DARUL EHSAN', '03-8962 6995', NULL, '03-8962 3995', NULL, NULL, '', '0'),
('7', 'KEE CHUAN', '', NULL, '81 &amp; 83, JALAN 2/115C\nTAMAN KUCHAI JAYA\nJALAN KUCHAI LAMA\n58200 KUALA LUMPUR', '03-7980 2094', NULL, '03-7984 8807', NULL, NULL, '', '0'),
('8', 'POWER PLUS', '012-3799 852', NULL, 'NO. 31, JALAN MAWAR 15\nDATARAN MESTIKA\nTAMAN MESTIKA\n56100 KUALA LUMPUR', '03-4280 2852', '03-4287 4852', '03-4280 4015', 'powerplus510@gmail.com', NULL, '', '0'),
('9', 'JJ-LAPP CABLE', '', NULL, '16, JALAN 51A/225\n46100 PETALING JAYA\nSELANGOR DARUL EHSAN', '03-7861 6288', NULL, '03-7861 6299', NULL, NULL, '', '0'),
('10', 'LKS', '', NULL, '81, JALAN JEJAKA 9\nTAMAN MALURI\n55100 KUALA LUMPUR', '03-9286 4476', '03-9285 6927', '03-9285 6927', NULL, NULL, '', '0'),
('11', 'MCTRO HARDWARE', '', NULL, 'NO. 29, JALAN NIP 2/5\nTAMAN PERINDUSTRIAN NUSAJAYA\n79200 BANDAR NUSAJAYA\nJOHOR', '07-558 4228', '016-723 3228/ 019-757 3228', '07-558 4228', NULL, NULL, '', '0'),
('12', 'WING HUP', '', NULL, 'MO. 26-9, JALAN LOKE YEW\n55200 KUALA LUMPUR', '03-9221 1713', '03-9221 2457', '03-9221 2477/ 03-9222 3729', 'winghupelektrik@gmail.com/ winghupelektrik@yahoo.com', NULL, '', '0'),
('13', 'PETALING HARDWARE', '', NULL, '2 &amp; 3, GROUND FLOOR, JALAN KENARI 5\nBANDAR PUCHONG JAYA\n47100 PUCHONG \nSELANGOR DARUL EHSAN', '03-8076 6636', '03-8076 6639', '03-8076 6626/ 03-8075 9387 ', 'pjhardware@yahoo.com', NULL, '', '0'),
('14', 'K.E ELECTRONICS', '', NULL, '62, JALAN PASAR\nPUDU\n55100 KUALA LUMPUR', '03-9221 1733', NULL, '03-9221 1745/ 03-9222 9188', 'keesb@ice.com.my', NULL, '', '0'),
('15', 'FORTUNE HARDWARE ', '', NULL, 'NO. 35G, DATARAN MESTIKA\nJALAN MAWAR 15\nTAMAN MESTIKA\n56100 CHERAS\nSELANGOR DARUL EHSAN', '03-4280 3168', NULL, '03-4280 3168', NULL, NULL, '', '0'),
('16', 'YOONG SHING HARDWARE', '', NULL, '28-G2, JALAN PANDAN PERDANA 6/6\nPANDAN PERDANA\n55300 KUALA LUMPUR', '03-9283 1078', NULL, '03-9283 1078', NULL, NULL, '', '0'),
('17', 'CHOON WING', '', NULL, '118B, JALAN KUCHAI LAMA\nBATU 5 1/2\n58200 KUALA LUMPUR', '03-7980 6745', NULL, '03-7983 1613', NULL, NULL, '', '0'),
('18', 'YIK SHEN FURNITURE HARDWARE', '', NULL, 'NO. 25, JALAN TRAVERS\nBRICKFIELDS\n50470 KUALA LUMPUR', '03-2272 4859', '03-2272 4862', '03-2272 4862', NULL, NULL, '', '0'),
('19', 'GOODPLUS ELECTRICAL', '', NULL, 'LOT 2349, JALAN 2/115C\nTAMAN KUCHAI LAMA\nJALAN KUCHAI LAMA\n58200 KUALA LUMPUR', '03-7980 2307', '03-7980 2308', '03-7980 2309', NULL, NULL, '', '0'),
('20', 'J &amp; J ELECTRICAL TRADING', '', NULL, 'NO. 29, JALAN OP 1/6\nPUSAT PERDAGANGAN ONE PUCHONG\n47160 PUCHONG\nSELANGOR DARUL EHSAN', '03-8079 1323', '03-8079 1419', '03-8079 1423', 'jjelectrical2012@gmail.com', NULL, '', '0'),
('21', 'WAN FOONG ELECTRIC', '', NULL, '47, JALAN LAZAT SATU\nHAPPY GARDEN\n58200 KUALA LUMPUR', '03-7982 27696', NULL, '03-7981 5382', NULL, NULL, '', '0'),
('22', 'O &amp; G TRANSPORT ', '', NULL, 'NO. 20 &amp; 22, JALAN 13/108C\nTAMAN SUNGAI BESI\n57100 KUALA LUMPUR', '03-7987 0088', NULL, '03-7981 8027/ 03-7981 0092', 'ogkltransport@gmail.com', NULL, '', '0'),
('23', 'VINTECH INDUSTRIAL', '', NULL, 'NO. 3, JALAN SUNGAI BATU 56C/KU6\nTAMAN KLANG UTAMA\n42100 KLANG\nSELANGOR DARUL EHSAN', '03-3358 1786', NULL, '03-3358 1786', NULL, NULL, '', '0'),
('24', 'CHERAS HARDWARE', '', NULL, '544, BATU 3 1/2, JLN CHERAS,\n56100, K.L.', '03-4295 7593', '03-9284 9568', '03-9283 6960', NULL, NULL, '', '0'),
('25', 'SLK', '', NULL, 'BLOCK A-13-4, WIDURI POINT\nPANDAN HEIGHT \nJALAN 1/91B\nPANDAN PERDANA\n55300 KUALA LUMPUR', '03-9284 6486', NULL, '03-9284 6486', 'slk669@gmail.com', NULL, '', '0'),
('26', 'WINHING ELECTRICAL', '', NULL, '231, JALAN MAHKOTA\nTAMAN MALURI\nCHERAS\n55100 KUALA LUMPUR', '03-9283 3333', NULL, '03-9285 2967', 'winhing@tm.net.my', NULL, '', '0'),
('27', 'BH JAYA', '', NULL, 'No. 16, Jalan Rose Merah 2/14\nTaman Johor Jaya\n81100 Johor Bahru\nJohor', '07-355 4922', '012-720 9993/ 012-700 6003', '07-352 2922', NULL, NULL, '', '0'),
('28', 'COMPACT METAL &amp; ALUMINIUM', '', NULL, 'No. 5, Jalan Gelang Emas 1\nTaman Gelang Emas\n81550 Gelang Patah\nJohor', '07-510 3739', NULL, '07-510 3739', NULL, NULL, '', '0'),
('29', 'I.C.', '', NULL, 'NO 82, JALAN PASAR PUDU, 55100, KUALA LUMPUR.', '03-9221 3725', NULL, '03-9221 0605', NULL, NULL, '', '0'),
('30', 'I.C.', '', NULL, 'NO 82, JALAN PASAR PUDU, 55100, KUALA LUMPUR.', '03-9221 3725', NULL, '03-9221 0605', NULL, NULL, '', '0'),
('31', 'PROGRESIF KUKUH', '', NULL, 'No. 5, Jalan Palam 34/18A\nTaman Perindustrian Pak Chun\nSeksyen 34\n40470 Shah Alam, Selangor ', '03-5162 4182', NULL, '03-5162 4210', NULL, NULL, '', '0'),
('32', 'CASH PURCHASER', '', NULL, NULL, NULL, NULL, NULL, NULL, NULL, '', '0'),
('33', 'KLS', '', NULL, NULL, NULL, NULL, NULL, NULL, NULL, '', '0'),
('34', 'METRONIC', '', NULL, 'NO.2,JALAN ASTAKA U8/83,SEKSYEN 8\nBUKIT JELOTONG 40150 SHAH ALAM\nSEL', '03 7847 2111', NULL, '03 7847 5111', NULL, NULL, '', '0'),
('35', 'PT GLOBAL RESOURCES', 'Tan Kheng Chuan ', NULL, 'No. 19, Jalan Aman Perdana 6C/KU5\nTaman Aman Perdana\nMeru \n41050 Klang\nSelangor Darul Ehsan', '019-3140487', NULL, '03-32911829', NULL, NULL, '', '0'),
('36', 'WYLEX ENTERPRISE', '', NULL, 'No. 27, Jalan Utama 1/10\nTaman Perindustrian  Puchong Utama\n47100 Puchong\nSelangor Darul Ehsan', '03-80601723', '019-3378520', '03-80601721', NULL, NULL, '', '0'),
('37', 'EXCELNEXUS ENGINEERING SDN BHD', '', NULL, '18, Jalan Awan Sari\nTaman Overseas Union\n58200 Kuala Lumpur', '03-79728009', NULL, '03-79875507', 'excelnexussb@yahoo.com', NULL, '', '0'),
('38', 'CHS HARDWARE (KL)', '', NULL, 'No. 544, Batu 3 1/2, Jalan Cheras\n56100 Kuala Lumpur', '03-92849568', NULL, NULL, 'chsjalancheras@gmail.com', NULL, '', '0'),
('39', 'AMPANG ADVERTISING', '', NULL, 'No. 29, Jalan Pandan Indah Industrial Park\n55100 Kuala Lumpur', '03-42947121', NULL, '03-42927121', 'aactaysc@gmail.com', NULL, '', '0'),
('40', 'FIBER-REX SYSTEMS', '', NULL, 'No. A-3A-29, IOI Boulevard Jalam Kenari 5\nBandar Puchong Jaya\n47170 Puchong \nSelangor Darul Ehsan', '03-80754990', NULL, '03-80753160', NULL, NULL, '', '0'),
('41', 'SUCCESS SERVICE &amp; MAINTENA', '', NULL, 'No. 40, Jalan Medan Nusa Perintis 1\nTaman Nusa Perintis\nGelang Patah\nJohor Bahru', NULL, NULL, '07-5310663', NULL, NULL, '', '0'),
('42', 'MR PAINT SHOP', '', NULL, '57, Dataran Mestika, Jalan Mawar 15\nOff Jalan Kuari\n56100 Cheras\nKuala Lumpur', '03-42929229', NULL, '03-42919229', NULL, NULL, '', '0'),
('43', 'KWONG MENG ELECTRICAL', '', NULL, 'No. 30, 30A, 32, 32A, Jalan Bendahara 12\nTaman Ungku Tun Aminah\n81300 Skudai\nJohor Bahru', '07-5549018', '019-7705125', '07-5549019', 'kwongmengelectrical@gmail.com', NULL, '', '0'),
('44', 'C.S. HARDWARE &amp; TRADING', '', NULL, 'No. 46, Jalan Dian 8\nTaman Munsyi Ibrahim\n81200 Johor Bahru\nJohor', NULL, NULL, '07-2389686', NULL, NULL, '', '0'),
('45', 'TEC POWER ELECTRICAL SUPPLY', '', NULL, '60, Jalan Midah 1\nTaman Midah\n56000 Cheras\nKuala Lumpur', NULL, NULL, NULL, NULL, NULL, '', '0'),
('46', 'WELCO ELECTRICAL &amp; WIRES', '', NULL, 'No. 106 &amp; 102, Jalan Besar\nTaman Munsyi Ibrahim\n81200 Johor Bahru\nJohor', '07-2346628', NULL, '07-2356628', 'welco881988@hotmail.com', NULL, '', '0'),
('47', 'SUPER TWO COLOUR LAB', '', NULL, '34, Jalan Dian 8\nTaman Munsyi Ibrahim\n81200 Johor Bahru\nJohor', '07-2359407', NULL, NULL, NULL, NULL, '', '0'),
('48', 'TEKNOPURI', '', NULL, 'NO. 8 &amp; 8-1, JALAN 5/92-B\nTAMAN KOBENA\nCHERAS\n56100 KUALA LUMPUR', '03-92812833', '03-92857460', '03-92838033', 'teknopurisdnbhd@gmail.com', NULL, '', '0'),
('49', 'JESS BRIGHT ELECTRICAL', '', NULL, 'NO. 11 &amp; 15, JALAN PEWIRA 2\nTAMAN UNGKU TUN AMINAH\n81300 SKUDAI\nJOHOR', '07-5579669', '07-5573193', '07-5573669', NULL, NULL, '', '0');

### Structure of table `currencies` ###

DROP TABLE IF EXISTS `currencies`;

CREATE TABLE `currencies` (
  `currency` varchar(60) COLLATE utf8_unicode_ci NOT NULL DEFAULT '',
  `curr_abrev` char(3) COLLATE utf8_unicode_ci NOT NULL DEFAULT '',
  `curr_symbol` varchar(10) COLLATE utf8_unicode_ci NOT NULL DEFAULT '',
  `country` varchar(100) COLLATE utf8_unicode_ci NOT NULL DEFAULT '',
  `hundreds_name` varchar(15) COLLATE utf8_unicode_ci NOT NULL DEFAULT '',
  `auto_update` tinyint(1) NOT NULL DEFAULT '1',
  `inactive` tinyint(1) NOT NULL DEFAULT '0',
  PRIMARY KEY (`curr_abrev`)
) ENGINE=MyISAM DEFAULT CHARSET=utf8 COLLATE=utf8_unicode_ci ;

### Data of table `currencies` ###

INSERT INTO `currencies` VALUES
('US Dollars', 'USD', 'US$', 'United States', 'Cents', '1', '0'),
('CA Dollars', 'CAD', '$', 'Canada', 'Cents', '1', '0'),
('Euro', 'EUR', '?', 'Europe', 'Cents', '1', '0'),
('Pounds', 'GBP', '?', 'England', 'Pence', '1', '0'),
('DK Kroner', 'DKK', 'kr', 'Denmark', 'Ore', '1', '0'),
('Singapore Dollars', 'SGD', 'SG$', 'Singapore', 'Cents', '1', '0'),
('Malaysian Ringgit', 'MYR', 'MYR', 'Malaysia', 'Sen', '1', '0');

### Structure of table `cust_allocations` ###

DROP TABLE IF EXISTS `cust_allocations`;

CREATE TABLE `cust_allocations` (
  `id` int(11) NOT NULL AUTO_INCREMENT,
  `amt` double unsigned DEFAULT NULL,
  `date_alloc` date NOT NULL DEFAULT '0000-00-00',
  `trans_no_from` int(11) DEFAULT NULL,
  `trans_type_from` int(11) DEFAULT NULL,
  `trans_no_to` int(11) DEFAULT NULL,
  `trans_type_to` int(11) DEFAULT NULL,
  PRIMARY KEY (`id`),
  KEY `From` (`trans_type_from`,`trans_no_from`),
  KEY `To` (`trans_type_to`,`trans_no_to`)
) ENGINE=InnoDB AUTO_INCREMENT=6 DEFAULT CHARSET=utf8 COLLATE=utf8_unicode_ci ;

### Data of table `cust_allocations` ###


### Structure of table `cust_branch` ###

DROP TABLE IF EXISTS `cust_branch`;

CREATE TABLE `cust_branch` (
  `branch_code` int(11) NOT NULL AUTO_INCREMENT,
  `debtor_no` int(11) NOT NULL DEFAULT '0',
  `br_name` varchar(60) COLLATE utf8_unicode_ci NOT NULL DEFAULT '',
  `branch_ref` varchar(30) COLLATE utf8_unicode_ci NOT NULL DEFAULT '',
  `br_address` tinytext COLLATE utf8_unicode_ci NOT NULL,
  `area` int(11) DEFAULT NULL,
  `salesman` int(11) NOT NULL DEFAULT '0',
  `contact_name` varchar(60) COLLATE utf8_unicode_ci NOT NULL DEFAULT '',
  `default_location` varchar(5) COLLATE utf8_unicode_ci NOT NULL DEFAULT '',
  `tax_group_id` int(11) DEFAULT NULL,
  `sales_account` varchar(15) COLLATE utf8_unicode_ci NOT NULL DEFAULT '',
  `sales_discount_account` varchar(15) COLLATE utf8_unicode_ci NOT NULL DEFAULT '',
  `receivables_account` varchar(15) COLLATE utf8_unicode_ci NOT NULL DEFAULT '',
  `payment_discount_account` varchar(15) COLLATE utf8_unicode_ci NOT NULL DEFAULT '',
  `default_ship_via` int(11) NOT NULL DEFAULT '1',
  `disable_trans` tinyint(4) NOT NULL DEFAULT '0',
  `br_post_address` tinytext COLLATE utf8_unicode_ci NOT NULL,
  `group_no` int(11) NOT NULL DEFAULT '0',
  `notes` tinytext COLLATE utf8_unicode_ci NOT NULL,
  `inactive` tinyint(1) NOT NULL DEFAULT '0',
  PRIMARY KEY (`branch_code`,`debtor_no`),
  KEY `branch_code` (`branch_code`),
  KEY `branch_ref` (`branch_ref`),
  KEY `group_no` (`group_no`)
) ENGINE=MyISAM AUTO_INCREMENT=4 DEFAULT CHARSET=utf8 COLLATE=utf8_unicode_ci ;

### Data of table `cust_branch` ###

INSERT INTO `cust_branch` VALUES
('1', '1', 'ELEMENT EDGE SDN BHD', 'ELEMENT', 'NO.6-1,JALAN PJS8/11,\nSUNWAY MENTARI,DATARAN MENTARI,\n46150 PETALING JAYA,SELANGOR', '1', '1', '', 'DEF', '1', '', '4510', '1200', '4500', '1', '0', 'NO.6-1,JALAN PJS8/11,\nSUNWAY MENTARI,DATARAN MENTARI,\n46150 PETALING JAYA,SELANGOR', '0', '', '0'),
('2', '2', 'METRONIC ENGINEERING SDN BHD', 'METRONIC', 'NO.2,JALAN ASTAKA U8/83,SECTION U8,\nBUKIT JELUTONG ,SHAH ALAM\n40150 SELANGOR', '1', '1', '', 'DEF', '1', '', '4510', '1200', '4500', '1', '0', 'NO.2,JALAN ASTAKA U8/83,SECTION U8,\nBUKIT JELUTONG ,SHAH ALAM\n40150 SELANGOR', '0', 'TEL: 03 7847 2111\nFAX: 03 7847 5111\nEMAIL:MESB@METRONIC-GROUP.COM ', '0'),
('3', '3', 'JAYA SARANA ENGINEERING SDN BHD', 'JAYA SARANA', '4-01,JALAN BENTARA SATU,\nTAMAN ISKANDAR,\n80500 JOHOR BAHRU', '1', '1', '', 'DEF', '1', '', '4510', '1200', '4500', '1', '0', '4-01,JALAN BENTARA SATU,\nTAMAN ISKANDAR,\n80500 JOHOR BAHRU', '0', '', '0');

### Structure of table `dashboard_reminders` ###

DROP TABLE IF EXISTS `dashboard_reminders`;

CREATE TABLE `dashboard_reminders` (
  `id` int(11) NOT NULL AUTO_INCREMENT,
  `role_id` int(11) NOT NULL,
  `next_date` date NOT NULL,
  `description` text,
  `frequency` varchar(20) NOT NULL,
  `param` text,
  PRIMARY KEY (`id`)
) ENGINE=InnoDB DEFAULT CHARSET=utf8 ;

### Data of table `dashboard_reminders` ###


### Structure of table `dashboard_widgets` ###

DROP TABLE IF EXISTS `dashboard_widgets`;

CREATE TABLE `dashboard_widgets` (
  `id` int(11) NOT NULL AUTO_INCREMENT,
  `user_id` int(11) NOT NULL,
  `app` varchar(50) NOT NULL,
  `column_id` int(11) NOT NULL,
  `sort_no` int(11) NOT NULL,
  `collapsed` tinyint(4) NOT NULL,
  `widget` varchar(100) NOT NULL,
  `description` varchar(100) NOT NULL,
  `param` text,
  PRIMARY KEY (`id`)
) ENGINE=InnoDB DEFAULT CHARSET=utf8 ;

### Data of table `dashboard_widgets` ###


### Structure of table `debtor_trans` ###

DROP TABLE IF EXISTS `debtor_trans`;

CREATE TABLE `debtor_trans` (
  `trans_no` int(11) unsigned NOT NULL DEFAULT '0',
  `type` smallint(6) unsigned NOT NULL DEFAULT '0',
  `version` tinyint(1) unsigned NOT NULL DEFAULT '0',
  `debtor_no` int(11) unsigned DEFAULT NULL,
  `branch_code` int(11) NOT NULL DEFAULT '-1',
  `tran_date` date NOT NULL DEFAULT '0000-00-00',
  `due_date` date NOT NULL DEFAULT '0000-00-00',
  `reference` varchar(60) COLLATE utf8_unicode_ci NOT NULL DEFAULT '',
  `tpe` int(11) NOT NULL DEFAULT '0',
  `order_` int(11) NOT NULL DEFAULT '0',
  `ov_amount` double NOT NULL DEFAULT '0',
  `ov_gst` double NOT NULL DEFAULT '0',
  `ov_freight` double NOT NULL DEFAULT '0',
  `ov_freight_tax` double NOT NULL DEFAULT '0',
  `ov_discount` double NOT NULL DEFAULT '0',
  `alloc` double NOT NULL DEFAULT '0',
  `rate` double NOT NULL DEFAULT '1',
  `ship_via` int(11) DEFAULT NULL,
  `dimension_id` int(11) NOT NULL DEFAULT '0',
  `dimension2_id` int(11) NOT NULL DEFAULT '0',
  `payment_terms` int(11) DEFAULT NULL,
  `cheque` varchar(50) COLLATE utf8_unicode_ci DEFAULT NULL,
  `reason` varchar(255) COLLATE utf8_unicode_ci DEFAULT NULL,
  PRIMARY KEY (`type`,`trans_no`),
  KEY `debtor_no` (`debtor_no`,`branch_code`),
  KEY `tran_date` (`tran_date`),
  KEY `order_` (`order_`)
) ENGINE=InnoDB DEFAULT CHARSET=utf8 COLLATE=utf8_unicode_ci ;

### Data of table `debtor_trans` ###

INSERT INTO `debtor_trans` VALUES
('2', '10', '0', '2', '2', '2015-02-04', '2015-03-06', 'IN15001', '1', '2', '13860', '0', '0', '0', '0', '0', '1', '1', '0', '0', '5', NULL, NULL),
('3', '10', '0', '2', '2', '2015-02-25', '2015-02-25', 'IN15002', '1', '3', '12600', '0', '0', '0', '0', '0', '1', '1', '0', '0', '5', NULL, NULL),
('5', '10', '0', '2', '2', '2015-05-25', '2015-08-07', 'IN15004', '1', '5', '56700', '3402', '0', '0', '0', '0', '1', '1', '0', '0', '5', NULL, NULL),
('6', '10', '0', '2', '2', '2015-06-11', '2015-08-07', 'IN15005', '1', '6', '36225', '2173.5', '0', '0', '0', '0', '1', '1', '0', '0', '5', NULL, NULL),
('7', '10', '0', '2', '2', '2015-06-30', '2015-08-07', 'IN15006', '1', '7', '30500', '1830', '0', '0', '0', '0', '1', '1', '0', '0', '5', NULL, NULL),
('8', '10', '0', '2', '2', '2015-01-22', '2015-08-07', 'IN15007', '1', '8', '24000', '0', '0', '0', '0', '0', '1', '1', '0', '0', '5', NULL, NULL),
('9', '10', '0', '2', '2', '2015-02-23', '2015-08-07', 'IN15008', '1', '9', '12500', '0', '0', '0', '0', '0', '1', '1', '0', '0', '5', NULL, NULL),
('10', '10', '0', '2', '2', '2015-03-23', '2015-08-07', 'IN15009', '1', '10', '20000', '0', '0', '0', '0', '0', '1', '1', '0', '0', '5', NULL, NULL),
('11', '10', '0', '2', '2', '2015-05-25', '2015-08-07', 'IN15010', '1', '11', '21500', '1290', '0', '0', '0', '0', '1', '1', '0', '0', '5', NULL, NULL),
('12', '10', '0', '2', '2', '2015-06-11', '2015-08-07', 'IN15011', '1', '12', '21000', '1260', '0', '0', '0', '0', '1', '1', '0', '0', '5', NULL, NULL),
('17', '10', '0', '3', '3', '2015-02-05', '2015-08-07', 'IN15016', '1', '17', '35870.4', '0', '0', '0', '0', '0', '1', '1', '0', '0', '5', NULL, NULL),
('18', '10', '0', '3', '3', '2015-03-16', '2015-04-15', 'IN15017', '1', '18', '20489.6', '0', '0', '0', '0', '0', '1', '1', '0', '0', '5', NULL, NULL),
('19', '10', '0', '3', '3', '2015-03-31', '2015-08-07', 'IN15018', '1', '19', '18667.2', '0', '0', '0', '0', '0', '1', '1', '0', '0', '5', NULL, NULL),
('20', '10', '0', '3', '3', '2015-05-27', '2015-08-07', 'IN15019', '1', '20', '35838.396226415', '2150.3037735849', '0', '0', '0', '0', '1', '1', '0', '0', '5', NULL, NULL),
('21', '10', '0', '3', '3', '2015-06-30', '2015-08-07', 'IN15020', '1', '21', '34241.603773585', '2054.4962264151', '0', '0', '0', '0', '1', '1', '0', '0', '5', NULL, NULL),
('22', '10', '0', '1', '1', '2015-01-13', '2015-08-07', 'IN15021', '1', '22', '33325.34', '0', '0', '0', '0', '0', '1', '1', '0', '0', '5', NULL, NULL),
('23', '10', '0', '1', '1', '2015-01-31', '2015-08-07', 'IN15022', '1', '23', '65950.2', '0', '0', '0', '0', '0', '1', '1', '0', '0', '5', NULL, NULL),
('24', '10', '0', '1', '1', '2015-02-28', '2015-08-07', 'IN15023', '1', '24', '49373.23', '0', '0', '0', '0', '0', '1', '1', '0', '0', '5', NULL, NULL),
('25', '10', '0', '1', '1', '2015-03-31', '2015-08-07', 'IN15024', '1', '25', '160907.31', '0', '0', '0', '0', '0', '1', '1', '0', '0', '5', NULL, NULL),
('26', '10', '0', '2', '2', '2015-03-25', '2015-07-08', 'IN15003', '1', '26', '22050', '0', '0', '0', '0', '0', '1', '1', '0', '0', '5', NULL, NULL),
('27', '10', '0', '2', '2', '2015-07-13', '2015-08-12', 'IN15025', '1', '27', '11000', '660', '0', '0', '0', '0', '1', '1', '0', '0', '5', NULL, NULL),
('28', '10', '0', '2', '2', '2015-07-13', '2015-08-12', 'IN15026', '1', '28', '48825', '2929.5', '0', '0', '0', '0', '1', '1', '0', '0', '5', NULL, NULL),
('30', '10', '0', '1', '1', '2015-03-31', '2015-04-30', 'IN15028', '1', '30', '111723.72', '0', '0', '0', '0', '0', '1', '1', '0', '0', '5', NULL, NULL),
('31', '10', '0', '1', '1', '2015-08-28', '2015-09-27', 'IN15029', '1', '31', '31919.811320755', '1915.1886792453', '0', '0', '0', '0', '1', '1', '0', '0', '5', NULL, NULL),
('32', '10', '0', '3', '3', '2015-08-13', '2015-09-12', 'IN15030', '1', '32', '33974.396226415', '2038.4637735849', '0', '0', '0', '36012.86', '1', '1', '0', '0', '5', NULL, NULL),
('34', '10', '0', '2', '2', '2015-08-13', '2015-09-12', 'IN15032', '1', '34', '59850', '3591', '0', '0', '0', '0', '1', '1', '0', '0', '5', NULL, NULL),
('35', '10', '0', '2', '2', '2015-09-04', '2015-10-04', 'IN15033', '1', '35', '23300', '1398', '0', '0', '0', '0', '1', '1', '0', '0', '5', NULL, NULL),
('36', '10', '0', '1', '0', '2014-12-31', '2014-12-31', 'YR2014', '1', '0', '47320.2', '0', '0', '0', '0', '0', '0', NULL, '0', '0', NULL, NULL, NULL),
('37', '10', '0', '3', '0', '2014-12-31', '2014-12-31', 'YR2014', '1', '0', '15026.4', '0', '0', '0', '0', '0', '0', NULL, '0', '0', NULL, NULL, NULL),
('38', '10', '0', '2', '0', '2014-12-31', '2014-12-31', 'YR2014', '1', '0', '218100', '0', '0', '0', '0', '0', '0', NULL, '0', '0', NULL, NULL, NULL),
('40', '10', '0', '3', '3', '2015-09-18', '2015-10-18', 'IN15035', '1', '37', '16949.603773585', '1016.9762264151', '0', '0', '0', '17966.58', '1', '1', '0', '0', '5', NULL, NULL),
('41', '10', '0', '2', '2', '2015-09-09', '2015-10-09', 'IN15036', '1', '38', '75250', '4515', '0', '0', '0', '0', '1', '1', '0', '0', '5', NULL, NULL),
('42', '10', '0', '2', '2', '2015-10-13', '2016-01-24', 'IN15037', '1', '39', '66500', '3990', '0', '0', '0', '0', '1', '1', '0', '0', '5', NULL, NULL),
('43', '10', '0', '2', '2', '2015-11-04', '2015-12-04', 'IN15038', '1', '40', '15322.396226415', '919.34377358491', '0', '0', '0', '0', '1', '1', '0', '0', '5', NULL, NULL),
('44', '10', '0', '2', '2', '2015-11-04', '2015-12-04', 'IN15039', '1', '41', '20560', '1233.6', '0', '0', '0', '0', '1', '1', '0', '0', '5', NULL, NULL),
('45', '10', '0', '2', '2', '2015-11-13', '2015-12-13', 'IN15040', '1', '42', '40250', '2415', '0', '0', '0', '0', '1', '1', '0', '0', '5', NULL, NULL),
('46', '10', '0', '2', '2', '2015-12-28', '2016-01-30', '10024', '1', '43', '172393.39622642', '10343.603773585', '0', '0', '0', '0', '1', '1', '0', '0', '5', NULL, NULL),
('47', '10', '2', '1', '1', '2015-03-02', '2016-01-30', '10025', '1', '1', '0', '0', '0', '0', '0', '0', '1', '1', '0', '0', '5', NULL, NULL),
('1', '12', '0', '1', '1', '2015-01-05', '0000-00-00', 'CR00001', '0', '0', '22320.2', '0', '0', '0', '0', '0', '1', '0', '0', '0', NULL, NULL, NULL),
('2', '12', '0', '3', '3', '2015-01-05', '0000-00-00', 'CR00002', '0', '0', '15026.4', '0', '0', '0', '0', '0', '1', '0', '0', '0', NULL, NULL, NULL),
('3', '12', '0', '2', '2', '2015-01-19', '0000-00-00', 'CR00003', '0', '0', '100000', '0', '0', '0', '0', '0', '1', '0', '0', '0', NULL, NULL, NULL),
('4', '12', '0', '2', '2', '2015-01-22', '0000-00-00', 'CR00004', '0', '0', '50000', '0', '0', '0', '0', '0', '1', '0', '0', '0', NULL, NULL, NULL),
('5', '12', '0', '1', '1', '2015-01-30', '0000-00-00', 'CR00005', '0', '0', '33325.34', '0', '0', '0', '0', '0', '1', '0', '0', '0', NULL, NULL, NULL),
('7', '12', '2', '3', '3', '2015-02-11', '0000-00-00', 'CR00007', '0', '0', '35870.4', '0', '0', '0', '0', '0', '1', '0', '0', '0', NULL, NULL, NULL),
('8', '12', '0', '1', '1', '2015-02-16', '0000-00-00', 'CR00008', '0', '0', '25000', '0', '0', '0', '0', '0', '1', '0', '0', '0', NULL, NULL, NULL),
('9', '12', '0', '2', '2', '2015-02-16', '0000-00-00', 'CR00009', '0', '0', '30000', '0', '0', '0', '0', '0', '1', '0', '0', '0', NULL, NULL, NULL),
('10', '12', '0', '1', '1', '2015-02-27', '0000-00-00', 'CR00010', '0', '0', '40950.2', '0', '0', '0', '0', '-0.0000000000018189894035458565', '1', '0', '0', '0', NULL, NULL, NULL),
('11', '12', '0', '1', '1', '2015-04-08', '0000-00-00', 'CR00011', '0', '0', '25000', '0', '0', '0', '0', '0', '1', '0', '0', '0', NULL, NULL, NULL),
('12', '12', '0', '1', '1', '2015-04-08', '0000-00-00', 'CR00012', '0', '0', '24373.23', '0', '0', '0', '0', '0', '1', '0', '0', '0', NULL, NULL, NULL),
('13', '12', '0', '3', '3', '2015-05-18', '0000-00-00', 'CR00013', '0', '0', '18667.2', '0', '0', '0', '0', '0', '1', '0', '0', '0', NULL, NULL, NULL),
('14', '12', '0', '2', '2', '2015-05-29', '0000-00-00', 'CR00014', '0', '0', '38000', '0', '0', '0', '0', '0', '1', '0', '0', '0', NULL, NULL, NULL),
('15', '12', '0', '2', '2', '2015-05-29', '0000-00-00', 'CR00015', '0', '0', '10000', '0', '0', '0', '0', '0', '1', '0', '0', '0', NULL, NULL, NULL),
('16', '12', '0', '1', '1', '2015-05-29', '0000-00-00', 'CR00016', '0', '0', '35000', '0', '0', '0', '0', '0', '1', '0', '0', '0', NULL, NULL, NULL),
('17', '12', '0', '3', '3', '2015-06-05', '0000-00-00', 'CR00017', '0', '0', '37988.7', '0', '0', '0', '0', '0', '1', '0', '0', '0', NULL, NULL, NULL),
('18', '12', '0', '2', '2', '2015-06-26', '0000-00-00', 'CR00018', '0', '0', '20000', '0', '0', '0', '0', '0', '1', '0', '0', '0', NULL, NULL, NULL),
('19', '12', '0', '2', '2', '2015-06-26', '0000-00-00', 'CR00019', '0', '0', '44248', '0', '0', '0', '0', '0', '1', '0', '0', '0', NULL, NULL, NULL),
('20', '12', '0', '2', '2', '2015-06-26', '0000-00-00', 'CR00020', '0', '0', '13259', '0', '0', '0', '0', '0', '1', '0', '0', '0', NULL, NULL, NULL),
('21', '12', '0', '2', '2', '2015-06-26', '0000-00-00', 'CR00021', '0', '0', '9621.35', '0', '0', '0', '0', '0', '1', '0', '0', '0', NULL, NULL, NULL),
('22', '12', '0', '2', '2', '2015-06-26', '0000-00-00', 'CR00022', '0', '0', '26686.65', '0', '0', '0', '0', '0', '1', '0', '0', '0', NULL, NULL, NULL),
('23', '12', '0', '1', '1', '2015-06-30', '0000-00-00', 'CR00023', '0', '0', '35000', '0', '0', '0', '0', '0', '1', '0', '0', '0', NULL, NULL, NULL),
('24', '12', '0', '2', '2', '2015-03-26', '0000-00-00', 'CR00024', '0', '0', '141000', '0', '0', '0', '0', '0', '1', '0', '0', '0', NULL, NULL, NULL),
('25', '12', '0', '3', '3', '2015-03-30', '0000-00-00', 'CR00025', '0', '0', '20489.6', '0', '0', '0', '0', '0', '1', '0', '0', '0', NULL, NULL, NULL),
('27', '12', '0', '2', '2', '2015-06-30', '0000-00-00', 'CR00027', '0', '0', '6882.2', '0', '0', '0', '0', '0', '1', '0', '0', '0', NULL, NULL, NULL),
('28', '12', '0', '2', '2', '2015-06-30', '0000-00-00', 'CR00028', '0', '0', '13710.43', '0', '0', '0', '0', '0', '1', '0', '0', '0', NULL, NULL, NULL),
('29', '12', '0', '3', '3', '2015-07-14', '0000-00-00', 'CR00029', '0', '0', '43605.5', '0', '0', '0', '0', '0', '1', '0', '0', '0', NULL, NULL, NULL),
('30', '12', '0', '1', '1', '2015-07-15', '0000-00-00', 'CR00030', '0', '0', '40000', '0', '0', '0', '0', '0', '1', '0', '0', '0', NULL, NULL, NULL),
('31', '12', '0', '2', '2', '2015-06-26', '0000-00-00', 'CR00031', '0', '0', '36308', '0', '0', '0', '0', '0', '1', '0', '0', '0', NULL, NULL, NULL),
('32', '12', '0', '2', '2', '2015-08-06', '0000-00-00', 'CR00032', '0', '0', '20000', '0', '0', '0', '0', '0', '1', '0', '0', '0', NULL, NULL, NULL),
('34', '12', '0', '2', '2', '2015-10-30', '0000-00-00', 'CR00034', '0', '0', '40000', '0', '0', '0', '0', '0', '1', '0', '0', '0', NULL, NULL, NULL),
('35', '12', '0', '2', '2', '2015-11-26', '0000-00-00', 'CR00035', '0', '0', '33390', '0', '0', '0', '0', '0', '1', '0', '0', '0', NULL, NULL, NULL),
('36', '12', '0', '2', '2', '2015-11-26', '0000-00-00', 'CR00036', '0', '0', '60000', '0', '0', '0', '0', '0', '1', '0', '0', '0', NULL, NULL, NULL),
('38', '12', '0', '2', '2', '2015-09-29', '0000-00-00', 'CR00038', '0', '0', '57766.88', '0', '0', '0', '0', '0', '1', '0', '0', '0', NULL, NULL, NULL),
('39', '12', '0', '2', '2', '2015-07-14', '0000-00-00', 'CR00039', '0', '0', '20592.63', '0', '0', '0', '0', '0', '1', '0', '0', '0', NULL, 'AUTU ', NULL),
('40', '12', '0', '1', '1', '2015-08-03', '0000-00-00', 'CR00040', '0', '0', '50907.31', '0', '0', '0', '0', '0', '1', '0', '0', '0', NULL, NULL, NULL),
('41', '12', '0', '2', '2', '2015-08-28', '0000-00-00', 'CR00041', '0', '0', '15000', '0', '0', '0', '0', '0', '1', '0', '0', '0', NULL, NULL, NULL),
('42', '12', '0', '1', '1', '2015-09-02', '0000-00-00', 'CR00042', '0', '0', '50000', '0', '0', '0', '0', '0', '1', '0', '0', '0', NULL, NULL, NULL),
('44', '12', '0', '1', '1', '2015-11-03', '0000-00-00', 'CR00043', '0', '0', '31723.72', '0', '0', '0', '0', '0', '1', '0', '0', '0', NULL, NULL, NULL),
('45', '12', '0', '2', '2', '2015-12-31', '0000-00-00', 'CR00044', '0', '0', '16711.99', '0', '0', '0', '0', '0', '1', '0', '0', '0', NULL, NULL, NULL),
('46', '12', '0', '2', '2', '2015-12-28', '0000-00-00', 'CR00045', '0', '0', '12163.5', '0', '0', '0', '0', '0', '1', '0', '0', '0', NULL, NULL, NULL),
('47', '12', '0', '1', '1', '2015-10-02', '0000-00-00', 'CR00046', '0', '0', '30000', '0', '0', '0', '0', '0', '1', '0', '0', '0', NULL, NULL, NULL),
('2', '13', '17', '2', '2', '2015-02-04', '2015-03-06', 'auto', '1', '2', '15400', '0', '0', '0', '0', '0', '1', '1', '0', '0', '5', NULL, NULL),
('3', '13', '18', '2', '2', '2015-05-30', '2015-06-29', 'auto', '1', '3', '14000', '0', '0', '0', '0', '0', '1', '1', '0', '0', '5', NULL, NULL),
('4', '13', '18', '2', '2', '2015-07-03', '2015-08-02', 'auto', '1', '4', '24500', '0', '0', '0', '0', '0', '1', '1', '0', '0', '5', NULL, NULL),
('5', '13', '17', '2', '2', '2015-05-25', '2015-08-07', 'IN15004', '1', '5', '60102', '0', '0', '0', '0', '0', '1', '1', '0', '0', '5', NULL, NULL),
('6', '13', '17', '2', '2', '2015-06-11', '2015-08-07', 'IN15005', '1', '6', '38398.5', '0', '0', '0', '0', '0', '1', '1', '0', '0', '5', NULL, NULL),
('7', '13', '16', '2', '2', '2015-06-30', '2015-08-07', 'auto', '1', '7', '32330', '0', '0', '0', '0', '0', '1', '1', '0', '0', '5', NULL, NULL),
('8', '13', '16', '2', '2', '2015-01-22', '2015-08-07', 'auto', '1', '8', '24000', '0', '0', '0', '0', '0', '1', '1', '0', '0', '5', NULL, NULL),
('9', '13', '16', '2', '2', '2015-02-23', '2015-08-07', 'auto', '1', '9', '12500', '0', '0', '0', '0', '0', '1', '1', '0', '0', '5', NULL, NULL),
('10', '13', '17', '2', '2', '2015-03-23', '2015-08-07', 'auto', '1', '10', '20000', '0', '0', '0', '0', '0', '1', '1', '0', '0', '5', NULL, NULL),
('11', '13', '16', '2', '2', '2015-05-25', '2015-08-07', 'auto', '1', '11', '22790', '0', '0', '0', '0', '0', '1', '1', '0', '0', '5', NULL, NULL),
('12', '13', '16', '2', '2', '2015-06-11', '2015-08-07', 'auto', '1', '12', '22260', '0', '0', '0', '0', '0', '1', '1', '0', '0', '5', NULL, NULL),
('17', '13', '17', '3', '3', '2015-02-05', '2015-08-07', 'auto', '1', '17', '44838', '0', '0', '0', '0', '0', '1', '1', '0', '0', '5', NULL, NULL),
('18', '13', '17', '3', '3', '2015-03-16', '2015-08-07', 'auto', '1', '18', '25612', '0', '0', '0', '0', '0', '1', '1', '0', '0', '5', NULL, NULL),
('19', '13', '17', '3', '3', '2015-03-31', '2015-08-07', 'auto', '1', '19', '23334', '0', '0', '0', '0', '0', '1', '1', '0', '0', '5', NULL, NULL),
('20', '13', '17', '3', '3', '2015-05-27', '2015-08-07', 'IN15019', '1', '20', '37988.7', '0', '0', '0', '0', '0', '1', '1', '0', '0', '5', NULL, NULL),
('21', '13', '17', '3', '3', '2015-06-30', '2015-08-07', 'IN15020', '1', '21', '36296.1', '0', '0', '0', '0', '0', '1', '1', '0', '0', '5', NULL, NULL),
('26', '13', '14', '2', '2', '2015-03-25', '2015-07-08', 'auto', '1', '26', '26950', '0', '0', '0', '0', '0', '1', '1', '0', '0', '5', NULL, NULL),
('27', '13', '5', '2', '2', '2015-07-13', '2015-08-12', 'auto', '1', '27', '11660', '0', '0', '0', '0', '0', '1', '1', '0', '0', '5', NULL, NULL),
('28', '13', '5', '2', '2', '2015-07-13', '2015-08-12', 'auto', '1', '28', '51754.5', '0', '0', '0', '0', '0', '1', '1', '0', '0', '5', NULL, NULL),
('30', '13', '5', '1', '1', '2015-03-31', '2015-04-30', 'auto', '1', '30', '111723.72', '0', '0', '0', '0', '0', '1', '1', '0', '0', '5', NULL, NULL),
('31', '13', '5', '1', '1', '2015-08-28', '2015-09-27', 'auto', '1', '31', '33835', '0', '0', '0', '0', '0', '1', '1', '0', '0', '5', NULL, NULL),
('32', '13', '5', '3', '3', '2015-08-13', '2015-09-12', 'auto', '1', '32', '36012.86', '0', '0', '0', '0', '0', '1', '1', '0', '0', '5', NULL, NULL),
('34', '13', '5', '2', '2', '2015-08-13', '2015-09-12', 'auto', '1', '34', '63441', '0', '0', '0', '0', '0', '1', '1', '0', '0', '5', NULL, NULL),
('35', '13', '5', '2', '2', '2015-09-04', '2015-10-04', 'auto', '1', '35', '24698', '0', '0', '0', '0', '0', '1', '1', '0', '0', '5', NULL, NULL),
('37', '13', '1', '3', '3', '2015-09-18', '2015-10-18', 'auto', '1', '37', '16949.603773585', '0', '0', '0', '0', '0', '1', '1', '0', '0', '5', NULL, NULL),
('38', '13', '1', '2', '2', '2015-09-09', '2015-10-09', 'auto', '1', '38', '75250', '0', '0', '0', '0', '0', '1', '1', '0', '0', '5', NULL, NULL),
('39', '13', '1', '2', '2', '2015-10-13', '2016-01-24', 'auto', '1', '39', '66500', '0', '0', '0', '0', '0', '1', '1', '0', '0', '5', NULL, NULL),
('40', '13', '1', '2', '2', '2015-11-04', '2015-12-04', 'auto', '1', '40', '15322.396226415', '0', '0', '0', '0', '0', '1', '1', '0', '0', '5', NULL, NULL),
('41', '13', '1', '2', '2', '2015-11-04', '2015-12-04', 'auto', '1', '41', '20560', '0', '0', '0', '0', '0', '1', '1', '0', '0', '5', NULL, NULL),
('42', '13', '1', '2', '2', '2015-11-13', '2015-12-13', 'auto', '1', '42', '40250', '0', '0', '0', '0', '0', '1', '1', '0', '0', '5', NULL, NULL),
('43', '13', '1', '2', '2', '2015-12-28', '2016-01-30', 'auto', '1', '43', '172393.39622642', '0', '0', '0', '0', '0', '1', '1', '0', '0', '5', NULL, NULL),
('44', '13', '2', '1', '1', '2015-03-02', '2016-01-30', 'auto', '1', '1', '0', '0', '0', '0', '0', '0', '1', '1', '0', '0', '5', NULL, NULL);

### Structure of table `debtor_trans_details` ###

DROP TABLE IF EXISTS `debtor_trans_details`;

CREATE TABLE `debtor_trans_details` (
  `id` int(11) NOT NULL AUTO_INCREMENT,
  `debtor_trans_no` int(11) DEFAULT NULL,
  `debtor_trans_type` int(11) DEFAULT NULL,
  `stock_id` varchar(20) COLLATE utf8_unicode_ci NOT NULL DEFAULT '',
  `description` tinytext COLLATE utf8_unicode_ci,
  `unit_price` double NOT NULL DEFAULT '0',
  `unit_tax` double NOT NULL DEFAULT '0',
  `quantity` double NOT NULL DEFAULT '0',
  `discount_percent` double NOT NULL DEFAULT '0',
  `standard_cost` double NOT NULL DEFAULT '0',
  `qty_done` double NOT NULL DEFAULT '0',
  `src_id` int(11) NOT NULL,
  `tax_type_id` int(11) DEFAULT NULL,
  PRIMARY KEY (`id`),
  KEY `Transaction` (`debtor_trans_type`,`debtor_trans_no`),
  KEY `src_id` (`src_id`)
) ENGINE=InnoDB AUTO_INCREMENT=228 DEFAULT CHARSET=utf8 COLLATE=utf8_unicode_ci ;

### Data of table `debtor_trans_details` ###

INSERT INTO `debtor_trans_details` VALUES
('4', '2', '13', 'MATRADE', 'PUSUT PAMERAN MATRADE', '13860', '0', '1', '0', '0', '1', '2', '37'),
('5', '2', '13', 'RETENTION', 'RETENTION FUND - MATRADE', '1540', '0', '1', '0', '0', '1', '3', '37'),
('8', '3', '13', 'MATRADE', 'PUSUT PAMERAN MATRADE', '12600', '0', '1', '0', '0', '1', '4', '37'),
('9', '3', '13', 'RETENTION', 'RETENTION FUND - MATRADE', '1400', '0', '1', '0', '0', '1', '5', '37'),
('12', '4', '13', 'MATRADE', 'PUSUT PAMERAN MATRADE', '22050', '0', '1', '0', '0', '1', '6', '37'),
('13', '4', '13', 'RETENTION', 'RETENTION FUND - MATRADE', '2450', '0', '1', '0', '0', '1', '7', '37'),
('24', '7', '13', 'IPH', 'IMPERIA PUTERI HARBOUR', '32330', '0', '1', '0', '0', '1', '12', '26'),
('25', '7', '10', 'IPH', 'IMPERIA PUTERI HARBOUR', '32330', '1830', '1', '0', '0', '0', '24', '26'),
('26', '8', '13', 'KL_SENTRAL', 'KL SENTRAL LOT B', '24000', '0', '1', '0', '0', '1', '13', '37'),
('27', '8', '10', 'KL_SENTRAL', 'KL SENTRAL LOT B', '24000', '0', '1', '0', '0', '0', '26', '37'),
('28', '9', '13', 'KL_SENTRAL', 'KL SENTRAL LOT B', '12500', '0', '1', '0', '0', '1', '14', '37'),
('29', '9', '10', 'KL_SENTRAL', 'KL SENTRAL LOT B', '12500', '0', '1', '0', '0', '0', '28', '37'),
('30', '10', '13', 'KL_SENTRAL', 'KL SENTRAL LOT B', '20000', '0', '1', '0', '0', '1', '15', '26'),
('32', '11', '13', 'KL_SENTRAL', 'KL SENTRAL LOT B', '22790', '0', '1', '0', '0', '1', '16', '26'),
('33', '11', '10', 'KL_SENTRAL', 'KL SENTRAL LOT B', '22790', '1290', '1', '0', '0', '0', '32', '26'),
('34', '12', '13', 'KL_SENTRAL', 'KL SENTRAL LOT B', '22260', '0', '1', '0', '0', '1', '17', '26'),
('35', '12', '10', 'KL_SENTRAL', 'KL SENTRAL LOT B', '22260', '1260', '1', '0', '0', '0', '34', '26'),
('60', '17', '13', 'R4', 'RETENTION FUND - TEEGA PUTERI HARBOUR', '35870.4', '0', '1', '0', '0', '1', '26', '37'),
('61', '17', '13', 'TPH', 'TEEGA PUTERI HARBOUR', '8967.6', '0', '1', '0', '0', '1', '27', '37'),
('64', '18', '13', 'TPH', 'TEEGA PUTERI HARBOUR', '20489.6', '0', '1', '0', '0', '1', '28', '37'),
('65', '18', '13', 'R4', 'RETENTION FUND - TEEGA PUTERI HARBOUR', '5122.4', '0', '1', '0', '0', '1', '29', '37'),
('68', '19', '13', 'TPH', 'TEEGA PUTERI HARBOUR', '18667.2', '0', '1', '0', '0', '1', '30', '37'),
('69', '19', '13', 'R4', 'RETENTION FUND - TEEGA PUTERI HARBOUR', '4666.8', '0', '1', '0', '0', '1', '31', '37'),
('117', '25', '10', 'BCS_DAMANSARA', 'BUILDING CONTROL SYSTEM DAMANSARA CITY PHASE 2', '178785.9', '0', '1', '0', '0', '0', '0', '37'),
('118', '25', '10', 'R3', 'RETENTION FUND - DAMANSARA CITY PHASE 2', '-17878.59', '0', '1', '0', '0', '0', '0', '37'),
('123', '19', '10', 'TPH', 'TEEGA PUTERI HARBOUR', '23334', '0', '1', '0', '0', '0', '0', '37'),
('124', '19', '10', 'R4', 'RETENTION FUND - TEEGA PUTERI HARBOUR', '-4666.8', '0', '1', '0', '0', '0', '0', '37'),
('131', '2', '10', 'MATRADE', 'PUSUT PAMERAN MATRADE', '15400', '0', '1', '0', '0', '0', '0', '37'),
('132', '2', '10', 'RETENTION', 'RETENTION FUND - MATRADE', '-1540', '0', '1', '0', '0', '0', '0', '37'),
('144', '26', '13', 'MATRADE', 'PUSUT PAMERAN MATRADE', '24500', '0', '1', '0', '0', '1', '44', '37'),
('145', '26', '13', 'RETENTION', 'RETENTION FUND - MATRADE', '2450', '0', '1', '0', '0', '1', '45', '37'),
('148', '26', '10', 'MATRADE', 'PUSUT PAMERAN MATRADE', '24500', '0', '1', '0', '0', '0', '0', '37'),
('149', '26', '10', 'RETENTION', 'RETENTION FUND - MATRADE', '-2450', '0', '1', '0', '0', '0', '0', '37'),
('150', '22', '10', 'BCS_DAMANSARA', 'BUILDING CONTROL SYSTEM DAMANSARA CITY PHASE 2', '37028.16', '0', '1', '0', '0', '0', '0', '37'),
('151', '22', '10', 'R3', 'RETENTION FUND - DAMANSARA CITY PHASE 2', '-3702.82', '0', '1', '0', '0', '0', '0', '37'),
('152', '23', '10', 'BCS_DAMANSARA', 'BUILDING CONTROL SYSTEM DAMANSARA CITY PHASE 2', '73278', '0', '1', '0', '0', '0', '0', '37'),
('153', '23', '10', 'R3', 'RETENTION FUND - DAMANSARA CITY PHASE 2', '-7327.8', '0', '1', '0', '0', '0', '0', '37'),
('156', '18', '10', 'TPH', 'TEEGA PUTERI HARBOUR', '25612', '0', '1', '0', '0', '0', '0', '37'),
('157', '18', '10', 'R4', 'RETENTION FUND - TEEGA PUTERI HARBOUR', '-5122.4', '0', '1', '0', '0', '0', '0', '37'),
('158', '3', '10', 'MATRADE', 'PUSUT PAMERAN MATRADE', '14000', '0', '1', '0', '0', '0', '0', '37'),
('159', '3', '10', 'RETENTION', 'RETENTION FUND - MATRADE', '-1400', '0', '1', '0', '0', '0', '0', '37'),
('160', '10', '10', 'KL_SENTRAL', 'KL SENTRAL LOT B', '20000', '0', '1', '0', '0', '0', '0', '37'),
('161', '24', '10', 'BCS_DAMANSARA', 'BUILDING CONTROL SYSTEM DAMANSARA CITY PHASE 2', '54859.14', '0', '1', '0', '0', '0', '0', '37'),
('162', '24', '10', 'R3', 'RETENTION FUND - DAMANSARA CITY PHASE 2', '-5485.91', '0', '1', '0', '0', '0', '0', '37'),
('166', '17', '10', 'IPH', 'IMPERIA PUTERI HARBOUR', '44838', '0', '1', '0', '0', '0', '0', '37'),
('167', '17', '10', 'R4', 'RETENTION FUND - TEEGA PUTERI HARBOUR', '-8967.6', '0', '1', '0', '0', '0', '0', '37'),
('168', '27', '13', 'KL_SENTRAL', 'KL SENTRAL LOT B', '11660', '0', '1', '0', '0', '1', '46', '26'),
('169', '27', '10', 'KL_SENTRAL', 'KL SENTRAL LOT B', '11660', '660', '1', '0', '0', '0', '168', '26'),
('170', '28', '13', 'MATRADE', 'PUSUT PAMERAN MATRADE', '51754.5', '0', '1', '0', '0', '1', '47', '26'),
('171', '28', '10', 'MATRADE', 'PUSUT PAMERAN MATRADE', '51754.5', '2929.5', '1', '0', '0', '0', '170', '26'),
('174', '30', '13', 'BCS_SALES', 'BCS DAMANSARA', '111723.72', '0', '1', '0', '0', '1', '49', '31'),
('175', '30', '10', 'BCS_SALES', 'BCS DAMANSARA', '111723.72', '0', '1', '0', '0', '0', '174', '31'),
('176', '31', '13', 'BCS_SALES', 'BCS DAMANSARA', '33835', '0', '1', '0', '0', '1', '50', '26'),
('177', '31', '10', 'BCS_SALES', 'BCS DAMANSARA', '33835', '1915.1886792453', '1', '0', '0', '0', '176', '26'),
('178', '32', '13', 'PHTP', 'PHTP-PUTERI HARBOUR TEEGA PROJECT', '36012.86', '0', '1', '0', '0', '1', '51', '26'),
('179', '32', '10', 'PHTP', 'PHTP-PUTERI HARBOUR TEEGA PROJECT', '36012.86', '2038.4637735849', '1', '0', '0', '0', '178', '26'),
('182', '34', '13', 'MKL', 'MKL-MATRADE KUALA LUMPUR', '63441', '0', '1', '0', '0', '1', '53', '26'),
('183', '34', '10', 'MKL', 'MKL-MATRADE KUALA LUMPUR', '63441', '3591', '1', '0', '0', '0', '182', '26'),
('184', '35', '13', 'IPHJ', 'IPHJ-IMPERIAL PUTERI HARBOUR JOHOR', '24698', '0', '1', '0', '0', '1', '54', '26'),
('185', '35', '10', 'IPHJ', 'IPHJ-IMPERIAL PUTERI HARBOUR JOHOR', '24698', '1398', '1', '0', '0', '0', '184', '26'),
('186', '6', '13', 'MATRADE', 'PUSUT PAMERAN MATRADE', '38398.5', '0', '1', '0', '0', '0', '0', '26'),
('187', '6', '13', 'RETENTION', 'RETENTION FUND - MATRADE', '-4025', '0', '1', '0', '0', '0', '0', '31'),
('188', '6', '13', 'MATRADE', 'PUSUT PAMERAN MATRADE', '4025', '0', '1', '0', '0', '0', '0', '31'),
('189', '6', '10', 'MATRADE', 'PUSUT PAMERAN MATRADE', '38398.5', '2173.5', '1', '0', '0', '0', '0', '26'),
('190', '6', '10', 'RETENTION', 'RETENTION FUND - MATRADE', '-4025', '0', '1', '0', '0', '0', '0', '31'),
('191', '6', '10', 'MATRADE', 'PUSUT PAMERAN MATRADE', '4025', '0', '1', '0', '0', '0', '0', '31'),
('192', '21', '13', 'TPH', 'TEEGA PUTERI HARBOUR', '36296.1', '0', '1', '0', '0', '0', '0', '26'),
('193', '21', '13', 'R4', 'RETENTION FUND - TEEGA PUTERI HARBOUR', '-8560.4', '0', '1', '0', '0', '0', '0', '31'),
('194', '21', '13', 'TPH', 'TEEGA PUTERI HARBOUR', '8560.4', '0', '1', '0', '0', '0', '0', '31'),
('195', '21', '10', 'TPH', 'TEEGA PUTERI HARBOUR', '36296.1', '2054.4962264151', '1', '0', '0', '0', '0', '26'),
('196', '21', '10', 'R4', 'RETENTION FUND - TEEGA PUTERI HARBOUR', '-8560.4', '0', '1', '0', '0', '0', '0', '31'),
('197', '21', '10', 'TPH', 'TEEGA PUTERI HARBOUR', '8560.4', '0', '1', '0', '0', '0', '0', '31'),
('198', '20', '13', 'TPH', 'TEEGA PUTERI HARBOUR', '37988.7', '0', '1', '0', '0', '0', '0', '26'),
('199', '20', '13', 'R4', 'RETENTION FUND - TEEGA PUTERI HARBOUR', '-8959.6', '0', '1', '0', '0', '0', '0', '31'),
('200', '20', '13', 'TPH', 'TEEGA PUTERI HARBOUR', '8959.6', '0', '1', '0', '0', '0', '0', '31'),
('201', '20', '10', 'TPH', 'TEEGA PUTERI HARBOUR', '37988.7', '2150.3037735849', '1', '0', '0', '0', '0', '26'),
('202', '20', '10', 'R4', 'RETENTION FUND - TEEGA PUTERI HARBOUR', '-8959.6', '0', '1', '0', '0', '0', '0', '31'),
('203', '20', '10', 'TPH', 'TEEGA PUTERI HARBOUR', '8959.6', '0', '1', '0', '0', '0', '0', '31'),
('204', '5', '13', 'MATRADE', 'PUSUT PAMERAN MATRADE', '60102', '0', '1', '0', '0', '0', '0', '26'),
('205', '5', '13', 'RETENTION', 'RETENTION FUND - MATRADE', '-6300', '0', '1', '0', '0', '0', '0', '31'),
('206', '5', '13', 'MATRADE', 'PUSUT PAMERAN MATRADE', '6300', '0', '1', '0', '0', '0', '0', '31'),
('207', '5', '10', 'MATRADE', 'PUSUT PAMERAN MATRADE', '60102', '3402', '1', '0', '0', '0', '0', '26'),
('208', '5', '10', 'RETENTION', 'RETENTION FUND - MATRADE', '-6300', '0', '1', '0', '0', '0', '0', '31'),
('209', '5', '10', 'MATRADE', 'PUSUT PAMERAN MATRADE', '6300', '0', '1', '0', '0', '0', '0', '31'),
('212', '37', '13', 'PHTP', 'PHTP-PUTERI HARBOUR TEEGA PROJECT', '17966.58', '0', '1', '0', '0', '1', '56', '26'),
('213', '40', '10', 'PHTP', 'PHTP-PUTERI HARBOUR TEEGA PROJECT', '17966.58', '1016.9762264151', '1', '0', '0', '0', '212', '26'),
('214', '38', '13', 'MKL', 'MKL-MATRADE KUALA LUMPUR', '79765', '0', '1', '0', '0', '1', '57', '26'),
('215', '41', '10', 'MKL', 'MKL-MATRADE KUALA LUMPUR', '79765', '4515', '1', '0', '0', '0', '214', '26'),
('216', '39', '13', 'MKL', 'MKL-MATRADE KUALA LUMPUR', '70490', '0', '1', '0', '0', '1', '58', '26'),
('217', '42', '10', 'MKL', 'MKL-MATRADE KUALA LUMPUR', '70490', '3990', '1', '0', '0', '0', '216', '26'),
('218', '40', '13', 'PHTP', 'PHTP-PUTERI HARBOUR TEEGA PROJECT', '16241.74', '0', '1', '0', '0', '1', '59', '26'),
('219', '43', '10', 'PHTP', 'PHTP-PUTERI HARBOUR TEEGA PROJECT', '16241.74', '919.34377358491', '1', '0', '0', '0', '218', '26'),
('220', '41', '13', 'PHTP', 'PHTP-PUTERI HARBOUR TEEGA PROJECT', '21793.6', '0', '1', '0', '0', '1', '60', '26'),
('221', '44', '10', 'PHTP', 'PHTP-PUTERI HARBOUR TEEGA PROJECT', '21793.6', '1233.6', '1', '0', '0', '0', '220', '26'),
('222', '42', '13', 'MKL', 'MKL-MATRADE KUALA LUMPUR', '42665', '0', '1', '0', '0', '1', '61', '26'),
('223', '45', '10', 'MKL', 'MKL-MATRADE KUALA LUMPUR', '42665', '2415', '1', '0', '0', '0', '222', '26'),
('224', '43', '13', 'BCS_SALES', 'BCS DAMANSARA', '182737', '0', '1', '0', '0', '1', '62', '26'),
('225', '46', '10', 'BCS_SALES', 'BCS DAMANSARA', '182737', '10343.603773585', '1', '0', '0', '0', '224', '26'),
('226', '44', '13', 'IPHJ', 'IPHJ-IMPERIAL PUTERI HARBOUR JOHOR', '0', '0', '0', '0', '0', '1', '0', '26'),
('227', '47', '10', 'IPHJ', 'IPHJ-IMPERIAL PUTERI HARBOUR JOHOR', '0', '0', '0', '0', '0', '0', '0', '26');

### Structure of table `debtors_master` ###

DROP TABLE IF EXISTS `debtors_master`;

CREATE TABLE `debtors_master` (
  `debtor_no` int(11) NOT NULL AUTO_INCREMENT,
  `name` varchar(100) COLLATE utf8_unicode_ci NOT NULL DEFAULT '',
  `debtor_ref` varchar(30) COLLATE utf8_unicode_ci NOT NULL,
  `address` tinytext COLLATE utf8_unicode_ci,
  `tax_id` varchar(55) COLLATE utf8_unicode_ci NOT NULL DEFAULT '',
  `curr_code` char(3) COLLATE utf8_unicode_ci NOT NULL DEFAULT '',
  `sales_type` int(11) NOT NULL DEFAULT '1',
  `dimension_id` int(11) NOT NULL DEFAULT '0',
  `dimension2_id` int(11) NOT NULL DEFAULT '0',
  `credit_status` int(11) NOT NULL DEFAULT '0',
  `payment_terms` int(11) DEFAULT NULL,
  `discount` double NOT NULL DEFAULT '0',
  `pymt_discount` double NOT NULL DEFAULT '0',
  `credit_limit` float NOT NULL DEFAULT '1000',
  `notes` tinytext COLLATE utf8_unicode_ci NOT NULL,
  `inactive` tinyint(1) NOT NULL DEFAULT '0',
  `customer_tax_id` int(11) DEFAULT NULL,
  `industry_code` int(11) DEFAULT NULL,
  `msic` char(10) COLLATE utf8_unicode_ci NOT NULL,
  PRIMARY KEY (`debtor_no`),
  UNIQUE KEY `debtor_ref` (`debtor_ref`),
  KEY `name` (`name`)
) ENGINE=MyISAM AUTO_INCREMENT=4 DEFAULT CHARSET=utf8 COLLATE=utf8_unicode_ci ;

### Data of table `debtors_master` ###

INSERT INTO `debtors_master` VALUES
('1', 'ELEMENT EDGE SDN BHD', 'ELEMENT EDGE', 'NO.6-1,JALAN PJS8/11,\nSUNWAY MENTARI,DATARAN MENTARI,\n46150 PETALING JAYA,SELANGOR', '', 'MYR', '1', '0', '0', '1', '5', '0', '0', '1000000', '', '0', '26', NULL, '-1'),
('2', 'METRONIC ENGINEERING SDN BHD', 'METRONIC', 'NO.2,JALAN ASTAKA U8/83,SECTION U8,\nBUKIT JELUTONG ,SHAH ALAM\n40150 SELANGOR', '', 'MYR', '1', '0', '0', '1', '5', '0', '0', '1000000', '', '0', '26', NULL, '-1'),
('3', 'JAYA SARANA ENGINEERING SDN BHD', 'JAYA SARANA', '4-01,JALAN BENTARA SATU,\nTAMAN ISKANDAR,\n80500 JOHOR BAHRU', '', 'MYR', '1', '0', '0', '1', '5', '0', '0', '1000000', '', '0', '26', NULL, '-1');

### Structure of table `dimensions` ###

DROP TABLE IF EXISTS `dimensions`;

CREATE TABLE `dimensions` (
  `id` int(11) NOT NULL AUTO_INCREMENT,
  `reference` varchar(60) COLLATE utf8_unicode_ci NOT NULL DEFAULT '',
  `name` varchar(60) COLLATE utf8_unicode_ci NOT NULL DEFAULT '',
  `type_` tinyint(1) NOT NULL DEFAULT '1',
  `closed` tinyint(1) NOT NULL DEFAULT '0',
  `date_` date NOT NULL DEFAULT '0000-00-00',
  `due_date` date NOT NULL DEFAULT '0000-00-00',
  PRIMARY KEY (`id`),
  UNIQUE KEY `reference` (`reference`),
  KEY `date_` (`date_`),
  KEY `due_date` (`due_date`),
  KEY `type_` (`type_`)
) ENGINE=InnoDB AUTO_INCREMENT=3 DEFAULT CHARSET=utf8 COLLATE=utf8_unicode_ci ;

### Data of table `dimensions` ###

INSERT INTO `dimensions` VALUES
('1', '1', 'Support', '1', '1', '2014-06-21', '2020-07-11'),
('2', '2', 'Development', '1', '0', '2014-06-21', '2014-06-21');

### Structure of table `exchange_rates` ###

DROP TABLE IF EXISTS `exchange_rates`;

CREATE TABLE `exchange_rates` (
  `id` int(11) NOT NULL AUTO_INCREMENT,
  `curr_code` char(3) COLLATE utf8_unicode_ci NOT NULL DEFAULT '',
  `rate_buy` double NOT NULL DEFAULT '0',
  `rate_sell` double NOT NULL DEFAULT '0',
  `date_` date NOT NULL DEFAULT '0000-00-00',
  PRIMARY KEY (`id`),
  UNIQUE KEY `curr_code` (`curr_code`,`date_`)
) ENGINE=MyISAM AUTO_INCREMENT=25 DEFAULT CHARSET=utf8 COLLATE=utf8_unicode_ci ;

### Data of table `exchange_rates` ###


### Structure of table `fiscal_year` ###

DROP TABLE IF EXISTS `fiscal_year`;

CREATE TABLE `fiscal_year` (
  `id` int(11) NOT NULL AUTO_INCREMENT,
  `begin` date DEFAULT '0000-00-00',
  `end` date DEFAULT '0000-00-00',
  `closed` tinyint(1) NOT NULL DEFAULT '0',
  PRIMARY KEY (`id`),
  UNIQUE KEY `begin` (`begin`),
  UNIQUE KEY `end` (`end`)
) ENGINE=InnoDB AUTO_INCREMENT=5 DEFAULT CHARSET=utf8 COLLATE=utf8_unicode_ci ;

### Data of table `fiscal_year` ###

INSERT INTO `fiscal_year` VALUES
('1', '2014-01-01', '2014-12-31', '1'),
('2', '2015-01-01', '2015-12-31', '0'),
('3', '2016-01-01', '2016-12-31', '0');

### Structure of table `gl_trans` ###

DROP TABLE IF EXISTS `gl_trans`;

CREATE TABLE `gl_trans` (
  `counter` int(11) NOT NULL AUTO_INCREMENT,
  `type` smallint(6) NOT NULL DEFAULT '0',
  `type_no` bigint(16) NOT NULL DEFAULT '1',
  `tran_date` date NOT NULL DEFAULT '0000-00-00',
  `account` varchar(15) COLLATE utf8_unicode_ci NOT NULL DEFAULT '',
  `memo_` tinytext COLLATE utf8_unicode_ci NOT NULL,
  `amount` double NOT NULL DEFAULT '0',
  `dimension_id` int(11) NOT NULL DEFAULT '0',
  `dimension2_id` int(11) NOT NULL DEFAULT '0',
  `person_type_id` int(11) DEFAULT NULL,
  `person_id` tinyblob,
  `gst` int(11) NOT NULL,
  `openning` varchar(255) COLLATE utf8_unicode_ci NOT NULL DEFAULT '',
  PRIMARY KEY (`counter`),
  KEY `Type_and_Number` (`type`,`type_no`),
  KEY `dimension_id` (`dimension_id`),
  KEY `dimension2_id` (`dimension2_id`),
  KEY `tran_date` (`tran_date`),
  KEY `account_and_tran_date` (`account`,`tran_date`)
) ENGINE=InnoDB AUTO_INCREMENT=3470 DEFAULT CHARSET=utf8 COLLATE=utf8_unicode_ci ;

### Data of table `gl_trans` ###

INSERT INTO `gl_trans` VALUES
('3441', '0', '7', '2017-12-31', '1060', 'Open Balance', '0', '0', '0', NULL, NULL, '0', ''),
('3442', '0', '7', '2017-12-31', '1064', 'Open Balance', '117590.87', '0', '0', NULL, NULL, '0', ''),
('3443', '0', '7', '2017-12-31', '1065', 'Open Balance', '105012.71999999996', '0', '0', NULL, NULL, '0', ''),
('3444', '0', '7', '2017-12-31', '1200', 'Open Balance', '300421.31000000006', '0', '0', NULL, NULL, '0', ''),
('3445', '0', '7', '2017-12-31', '1210', 'Open Balance', '278411.12', '0', '0', NULL, NULL, '0', ''),
('3446', '0', '7', '2017-12-31', '1299', 'Open Balance', '1022', '0', '0', NULL, NULL, '0', ''),
('3447', '0', '7', '2017-12-31', '1300', 'Open Balance', '26811.660000000007', '0', '0', NULL, NULL, '0', ''),
('3448', '0', '7', '2017-12-31', '1301', 'Open Balance', '10139.43', '0', '0', NULL, NULL, '0', ''),
('3449', '0', '7', '2017-12-31', '1510', 'Open Balance', '0', '0', '0', NULL, NULL, '0', ''),
('3450', '0', '7', '2017-12-31', '1820', 'Open Balance', '0', '0', '0', NULL, NULL, '0', ''),
('3451', '0', '7', '2017-12-31', '1840', 'Open Balance', '77761.92', '0', '0', NULL, NULL, '0', ''),
('3452', '0', '7', '2017-12-31', '2100', 'Open Balance', '-617987.9099999997', '0', '0', NULL, NULL, '0', ''),
('3453', '0', '7', '2017-12-31', '2110', 'Open Balance', '222.2', '0', '0', NULL, NULL, '0', ''),
('3454', '0', '7', '2017-12-31', '2120', 'Open Balance', '204000', '0', '0', NULL, NULL, '0', ''),
('3455', '0', '7', '2017-12-31', '2130', 'Open Balance', '-62113.06999999999', '0', '0', NULL, NULL, '0', ''),
('3456', '0', '7', '2017-12-31', '2150', 'Open Balance', '-53953.16999999999', '0', '0', NULL, NULL, '0', ''),
('3457', '0', '7', '2017-12-31', '2210', 'Open Balance', '147838', '0', '0', NULL, NULL, '0', ''),
('3458', '0', '7', '2017-12-31', '2211', 'Open Balance', '375.8', '0', '0', NULL, NULL, '0', ''),
('3459', '0', '7', '2017-12-31', '2250', 'Open Balance', '3293', '0', '0', NULL, NULL, '0', ''),
('3460', '0', '7', '2017-12-31', '2620', 'Open Balance', '-80088', '0', '0', NULL, NULL, '0', ''),
('3461', '0', '7', '2017-12-31', '2630', 'Open Balance', '9088', '0', '0', NULL, NULL, '0', ''),
('3462', '0', '7', '2017-12-31', '2670', 'Open Balance', '-5', '0', '0', NULL, NULL, '0', ''),
('3463', '0', '7', '2017-12-31', '2680', 'Open Balance', '-204322.95', '0', '0', NULL, NULL, '0', ''),
('3464', '0', '7', '2017-12-31', '3350', 'Open Balance', '100', '0', '0', NULL, NULL, '0', ''),
('3465', '0', '7', '2017-12-31', '3590', 'Open Balance', '6426.72', '0', '0', NULL, NULL, '0', ''),
('3466', '10', '47', '2015-03-02', '4010', '', '0', '0', '0', '2', '1', '0', ''),
('3467', '10', '47', '2015-03-02', '2150', '', '0', '0', '0', '2', '1', '0', ''),
('3468', '10', '47', '2015-03-02', '1200', '', '0', '0', '0', '2', '1', '0', ''),
('3469', '10', '47', '2015-03-02', '4451', '', '0', '0', '0', '2', '1', '0', '');

### Structure of table `grn_batch` ###

DROP TABLE IF EXISTS `grn_batch`;

CREATE TABLE `grn_batch` (
  `id` int(11) NOT NULL AUTO_INCREMENT,
  `supplier_id` int(11) NOT NULL DEFAULT '0',
  `purch_order_no` int(11) DEFAULT NULL,
  `reference` varchar(60) COLLATE utf8_unicode_ci NOT NULL DEFAULT '',
  `delivery_date` date NOT NULL DEFAULT '0000-00-00',
  `loc_code` varchar(5) COLLATE utf8_unicode_ci DEFAULT NULL,
  PRIMARY KEY (`id`),
  KEY `delivery_date` (`delivery_date`),
  KEY `purch_order_no` (`purch_order_no`)
) ENGINE=InnoDB AUTO_INCREMENT=369 DEFAULT CHARSET=utf8 COLLATE=utf8_unicode_ci ;

### Data of table `grn_batch` ###


### Structure of table `grn_items` ###

DROP TABLE IF EXISTS `grn_items`;

CREATE TABLE `grn_items` (
  `id` int(11) NOT NULL AUTO_INCREMENT,
  `grn_batch_id` int(11) DEFAULT NULL,
  `po_detail_item` int(11) NOT NULL DEFAULT '0',
  `item_code` varchar(20) COLLATE utf8_unicode_ci NOT NULL DEFAULT '',
  `description` tinytext COLLATE utf8_unicode_ci,
  `qty_recd` double NOT NULL DEFAULT '0',
  `quantity_inv` double NOT NULL DEFAULT '0',
  `tax_type_id` int(11) DEFAULT NULL,
  PRIMARY KEY (`id`),
  KEY `grn_batch_id` (`grn_batch_id`)
) ENGINE=InnoDB AUTO_INCREMENT=369 DEFAULT CHARSET=utf8 COLLATE=utf8_unicode_ci ;

### Data of table `grn_items` ###


### Structure of table `groups` ###

DROP TABLE IF EXISTS `groups`;

CREATE TABLE `groups` (
  `id` smallint(6) unsigned NOT NULL AUTO_INCREMENT,
  `description` varchar(60) COLLATE utf8_unicode_ci NOT NULL DEFAULT '',
  `inactive` tinyint(1) NOT NULL DEFAULT '0',
  PRIMARY KEY (`id`),
  UNIQUE KEY `description` (`description`)
) ENGINE=MyISAM AUTO_INCREMENT=4 DEFAULT CHARSET=utf8 COLLATE=utf8_unicode_ci ;

### Data of table `groups` ###

INSERT INTO `groups` VALUES
('1', 'Small', '0'),
('2', 'Medium', '0'),
('3', 'Large', '0');

### Structure of table `import_process` ###

DROP TABLE IF EXISTS `import_process`;

CREATE TABLE `import_process` (
  `id` int(11) NOT NULL AUTO_INCREMENT,
  `module` char(100) NOT NULL,
  `total` int(10) NOT NULL,
  `complate` int(10) NOT NULL,
  `created` timestamp NOT NULL DEFAULT CURRENT_TIMESTAMP,
  `file` varchar(100) NOT NULL,
  PRIMARY KEY (`id`),
  KEY `id` (`id`),
  KEY `id_2` (`id`)
) ENGINE=InnoDB DEFAULT CHARSET=latin1 ;

### Data of table `import_process` ###


### Structure of table `item_codes` ###

DROP TABLE IF EXISTS `item_codes`;

CREATE TABLE `item_codes` (
  `id` int(11) unsigned NOT NULL AUTO_INCREMENT,
  `item_code` varchar(20) COLLATE utf8_unicode_ci NOT NULL,
  `stock_id` varchar(20) COLLATE utf8_unicode_ci NOT NULL,
  `description` varchar(200) COLLATE utf8_unicode_ci NOT NULL DEFAULT '',
  `category_id` smallint(6) unsigned NOT NULL,
  `quantity` double NOT NULL DEFAULT '1',
  `is_foreign` tinyint(1) NOT NULL DEFAULT '0',
  `inactive` tinyint(1) NOT NULL DEFAULT '0',
  PRIMARY KEY (`id`),
  UNIQUE KEY `stock_id` (`stock_id`,`item_code`),
  KEY `item_code` (`item_code`)
) ENGINE=MyISAM AUTO_INCREMENT=21 DEFAULT CHARSET=utf8 COLLATE=utf8_unicode_ci ;

### Data of table `item_codes` ###

INSERT INTO `item_codes` VALUES
('2', 'KL_SENTRAL', 'KL_SENTRAL', 'KL SENTRAL LOT B', '1', '1', '0', '0'),
('3', 'BMS_ION', 'BMS_ION', 'BUILDING MANAGEMENT SYSTEM IOI CITY MALL', '1', '1', '0', '0'),
('4', 'IPH', 'IPH', 'IMPERIA PUTERI HARBOUR', '1', '1', '0', '0'),
('5', 'MATRADE', 'MATRADE', 'PUSUT PAMERAN MATRADE', '1', '1', '0', '0'),
('6', 'BCS_DAMANSARA', 'BCS_DAMANSARA', 'BUILDING CONTROL SYSTEM DAMANSARA CITY PHASE 2', '1', '1', '0', '0'),
('7', 'TPH', 'TPH', 'TEEGA PUTERI HARBOUR', '1', '1', '0', '0'),
('8', 'PURCHASES', 'PURCHASES', 'PURCHASES - HARDWARE', '2', '1', '0', '0'),
('9', 'RETENTION', 'RETENTION', 'RETENTION FUND - MATRADE', '1', '1', '0', '0'),
('10', 'R1', 'R1', 'RETENTION FUND - KL SENTRAL LOT B', '1', '1', '0', '0'),
('11', 'R2', 'R2', 'RETENTION FUND - IOI CITY MALL', '1', '1', '0', '0'),
('12', 'R3', 'R3', 'RETENTION FUND - DAMANSARA CITY PHASE 2', '1', '1', '0', '0'),
('13', 'R4', 'R4', 'RETENTION FUND - TEEGA PUTERI HARBOUR', '1', '1', '0', '0'),
('14', 'SL', 'SL', 'SUB LABOUR', '2', '1', '0', '0'),
('15', 'BCS_SALES', 'BCS_SALES', 'BCS DAMANSARA', '1', '1', '0', '0'),
('16', 'PHTP', 'PHTP', 'PHTP-PUTERI HARBOUR TEEGA PROJECT', '1', '1', '0', '0'),
('17', 'KLS', 'KLS', 'KLS-KL SENTRAL LOT B PROJECT', '1', '1', '0', '0'),
('18', 'MKL', 'MKL', 'MKL-MATRADE KUALA LUMPUR', '1', '1', '0', '0'),
('19', 'IPHJ', 'IPHJ', 'IPHJ-IMPERIAL PUTERI HARBOUR JOHOR', '1', '1', '0', '0'),
('20', 'TESTING', 'TESTING', 'TESTING &amp; COMMISSIONING', '2', '1', '0', '0');

### Structure of table `item_tax_type_exemptions` ###

DROP TABLE IF EXISTS `item_tax_type_exemptions`;

CREATE TABLE `item_tax_type_exemptions` (
  `item_tax_type_id` int(11) NOT NULL DEFAULT '0',
  `tax_type_id` int(11) NOT NULL DEFAULT '0',
  PRIMARY KEY (`item_tax_type_id`,`tax_type_id`)
) ENGINE=InnoDB DEFAULT CHARSET=utf8 COLLATE=utf8_unicode_ci ;

### Data of table `item_tax_type_exemptions` ###


### Structure of table `item_tax_types` ###

DROP TABLE IF EXISTS `item_tax_types`;

CREATE TABLE `item_tax_types` (
  `id` int(11) NOT NULL AUTO_INCREMENT,
  `name` varchar(60) COLLATE utf8_unicode_ci NOT NULL DEFAULT '',
  `exempt` tinyint(1) NOT NULL DEFAULT '0',
  `inactive` tinyint(1) NOT NULL DEFAULT '0',
  PRIMARY KEY (`id`),
  UNIQUE KEY `name` (`name`)
) ENGINE=InnoDB AUTO_INCREMENT=3 DEFAULT CHARSET=utf8 COLLATE=utf8_unicode_ci ;

### Data of table `item_tax_types` ###

INSERT INTO `item_tax_types` VALUES
('1', 'Standard Rated', '0', '0'),
('2', 'GST Zero Rated', '0', '0');

### Structure of table `item_units` ###

DROP TABLE IF EXISTS `item_units`;

CREATE TABLE `item_units` (
  `abbr` varchar(20) COLLATE utf8_unicode_ci NOT NULL,
  `name` varchar(40) COLLATE utf8_unicode_ci NOT NULL,
  `decimals` tinyint(2) NOT NULL,
  `inactive` tinyint(1) NOT NULL DEFAULT '0',
  PRIMARY KEY (`abbr`),
  UNIQUE KEY `name` (`name`)
) ENGINE=MyISAM DEFAULT CHARSET=utf8 COLLATE=utf8_unicode_ci ;

### Data of table `item_units` ###

INSERT INTO `item_units` VALUES
('each', 'Each', '0', '0'),
('HR', 'HOURS', '2', '0');

### Structure of table `loc_stock` ###

DROP TABLE IF EXISTS `loc_stock`;

CREATE TABLE `loc_stock` (
  `loc_code` char(5) COLLATE utf8_unicode_ci NOT NULL DEFAULT '',
  `stock_id` char(20) COLLATE utf8_unicode_ci NOT NULL DEFAULT '',
  `reorder_level` bigint(20) NOT NULL DEFAULT '0',
  PRIMARY KEY (`loc_code`,`stock_id`),
  KEY `stock_id` (`stock_id`)
) ENGINE=InnoDB DEFAULT CHARSET=utf8 COLLATE=utf8_unicode_ci ;

### Data of table `loc_stock` ###

INSERT INTO `loc_stock` VALUES
('DEF', '_OILCOOKING', '0'),
('DEF', '_PHONE', '0'),
('DEF', '_RICE', '0'),
('DEF', '102', '0'),
('DEF', '103', '0'),
('DEF', '104', '0'),
('DEF', '201', '0'),
('DEF', '3400', '0'),
('DEF', 'BCS_DAMANSARA', '0'),
('DEF', 'BCS_SALES', '0'),
('DEF', 'BMS_ION', '0'),
('DEF', 'IPH', '0'),
('DEF', 'IPHJ', '0'),
('DEF', 'ITM0001', '5'),
('DEF', 'KL_SENTRAL', '0'),
('DEF', 'KLS', '0'),
('DEF', 'MATRADE', '0'),
('DEF', 'MKL', '0'),
('DEF', 'PC0001', '0'),
('DEF', 'PHTP', '0'),
('DEF', 'PURCHASES', '0'),
('DEF', 'R1', '0'),
('DEF', 'R2', '0'),
('DEF', 'R3', '0'),
('DEF', 'R4', '0'),
('DEF', 'RETENTION', '0'),
('DEF', 'SL', '0'),
('DEF', 'SP001', '0'),
('DEF', 'tax-123', '0'),
('DEF', 'Test1', '0'),
('DEF', 'Test2', '0'),
('DEF', 'TESTING', '0'),
('DEF', 'TP0001', '10'),
('DEF', 'TPH', '0');

### Structure of table `locations` ###

DROP TABLE IF EXISTS `locations`;

CREATE TABLE `locations` (
  `loc_code` varchar(5) COLLATE utf8_unicode_ci NOT NULL DEFAULT '',
  `location_name` varchar(60) COLLATE utf8_unicode_ci NOT NULL DEFAULT '',
  `delivery_address` tinytext COLLATE utf8_unicode_ci NOT NULL,
  `phone` varchar(30) COLLATE utf8_unicode_ci NOT NULL DEFAULT '',
  `phone2` varchar(30) COLLATE utf8_unicode_ci NOT NULL DEFAULT '',
  `fax` varchar(30) COLLATE utf8_unicode_ci NOT NULL DEFAULT '',
  `email` varchar(100) COLLATE utf8_unicode_ci NOT NULL DEFAULT '',
  `contact` varchar(30) COLLATE utf8_unicode_ci NOT NULL DEFAULT '',
  `inactive` tinyint(1) NOT NULL DEFAULT '0',
  PRIMARY KEY (`loc_code`)
) ENGINE=MyISAM DEFAULT CHARSET=utf8 COLLATE=utf8_unicode_ci ;

### Data of table `locations` ###

INSERT INTO `locations` VALUES
('DEF', 'Default', 'Delivery 1\nDelivery 2\nDelivery 3', '', '', '', '', '', '0');

### Structure of table `movement_types` ###

DROP TABLE IF EXISTS `movement_types`;

CREATE TABLE `movement_types` (
  `id` int(11) NOT NULL AUTO_INCREMENT,
  `name` varchar(60) COLLATE utf8_unicode_ci NOT NULL DEFAULT '',
  `inactive` tinyint(1) NOT NULL DEFAULT '0',
  PRIMARY KEY (`id`),
  UNIQUE KEY `name` (`name`)
) ENGINE=MyISAM AUTO_INCREMENT=2 DEFAULT CHARSET=utf8 COLLATE=utf8_unicode_ci ;

### Data of table `movement_types` ###

INSERT INTO `movement_types` VALUES
('1', 'Adjustment', '0');

### Structure of table `opening_cache` ###

DROP TABLE IF EXISTS `opening_cache`;

CREATE TABLE `opening_cache` (
  `id` int(11) NOT NULL AUTO_INCREMENT,
  `created` timestamp NOT NULL DEFAULT CURRENT_TIMESTAMP,
  `data` text NOT NULL,
  PRIMARY KEY (`id`),
  KEY `id` (`id`)
) ENGINE=InnoDB AUTO_INCREMENT=382 DEFAULT CHARSET=latin1 ;

### Data of table `opening_cache` ###

INSERT INTO `opening_cache` VALUES
('1', '2015-07-10 00:30:26', '{&quot;id&quot;:&quot;5&quot;,&quot;pay_type&quot;:&quot;credit&quot;,&quot;type&quot;:&quot;1&quot;,&quot;account&quot;:&quot;2100&quot;,&quot;amount&quot;:&quot;-294008.8&quot;,&quot;tran_date&quot;:&quot;2014-12-31&quot;,&quot;gl_tran_id&quot;:&quot;1362&quot;}'),
('2', '2015-07-10 00:30:26', '{&quot;id&quot;:&quot;7&quot;,&quot;pay_type&quot;:&quot;credit&quot;,&quot;type&quot;:&quot;1&quot;,&quot;account&quot;:&quot;2680&quot;,&quot;amount&quot;:&quot;-209451.95&quot;,&quot;tran_date&quot;:&quot;2014-12-31&quot;,&quot;gl_tran_id&quot;:&quot;1364&quot;}'),
('3', '2015-07-10 00:31:38', '{&quot;id&quot;:&quot;5&quot;,&quot;pay_type&quot;:&quot;credit&quot;,&quot;type&quot;:&quot;1&quot;,&quot;account&quot;:&quot;2100&quot;,&quot;amount&quot;:&quot;-294&quot;,&quot;tran_date&quot;:&quot;2014-12-31&quot;,&quot;gl_tran_id&quot;:&quot;1362&quot;}'),
('4', '2015-07-10 00:31:38', '{&quot;id&quot;:&quot;7&quot;,&quot;pay_type&quot;:&quot;credit&quot;,&quot;type&quot;:&quot;1&quot;,&quot;account&quot;:&quot;2680&quot;,&quot;amount&quot;:&quot;-209&quot;,&quot;tran_date&quot;:&quot;2014-12-31&quot;,&quot;gl_tran_id&quot;:&quot;1364&quot;}'),
('5', '2015-07-10 00:31:38', '{&quot;id&quot;:&quot;8&quot;,&quot;pay_type&quot;:&quot;credit&quot;,&quot;type&quot;:&quot;1&quot;,&quot;account&quot;:&quot;2250&quot;,&quot;amount&quot;:&quot;-2500&quot;,&quot;tran_date&quot;:&quot;2014-12-31&quot;,&quot;gl_tran_id&quot;:&quot;1365&quot;}'),
('6', '2015-07-10 00:32:41', '{&quot;id&quot;:&quot;5&quot;,&quot;pay_type&quot;:&quot;credit&quot;,&quot;type&quot;:&quot;1&quot;,&quot;account&quot;:&quot;2100&quot;,&quot;amount&quot;:&quot;-294008.8&quot;,&quot;tran_date&quot;:&quot;2014-12-31&quot;,&quot;gl_tran_id&quot;:&quot;1362&quot;}'),
('7', '2015-07-10 00:32:41', '{&quot;id&quot;:&quot;7&quot;,&quot;pay_type&quot;:&quot;credit&quot;,&quot;type&quot;:&quot;1&quot;,&quot;account&quot;:&quot;2680&quot;,&quot;amount&quot;:&quot;-209451.95&quot;,&quot;tran_date&quot;:&quot;2014-12-31&quot;,&quot;gl_tran_id&quot;:&quot;1364&quot;}'),
('8', '2015-07-10 00:32:41', '{&quot;id&quot;:&quot;8&quot;,&quot;pay_type&quot;:&quot;credit&quot;,&quot;type&quot;:&quot;1&quot;,&quot;account&quot;:&quot;2250&quot;,&quot;amount&quot;:&quot;-2&quot;,&quot;tran_date&quot;:&quot;2014-12-31&quot;,&quot;gl_tran_id&quot;:&quot;1365&quot;}'),
('9', '2015-07-10 00:32:55', '{&quot;id&quot;:&quot;8&quot;,&quot;pay_type&quot;:&quot;credit&quot;,&quot;type&quot;:&quot;1&quot;,&quot;account&quot;:&quot;2250&quot;,&quot;amount&quot;:&quot;-2500&quot;,&quot;tran_date&quot;:&quot;2014-12-31&quot;,&quot;gl_tran_id&quot;:&quot;1365&quot;}'),
('10', '2015-07-10 00:34:15', '{&quot;id&quot;:&quot;5&quot;,&quot;pay_type&quot;:&quot;credit&quot;,&quot;type&quot;:&quot;1&quot;,&quot;account&quot;:&quot;2100&quot;,&quot;amount&quot;:&quot;-294&quot;,&quot;tran_date&quot;:&quot;2014-12-31&quot;,&quot;gl_tran_id&quot;:&quot;1362&quot;}'),
('11', '2015-07-10 00:34:15', '{&quot;id&quot;:&quot;7&quot;,&quot;pay_type&quot;:&quot;credit&quot;,&quot;type&quot;:&quot;1&quot;,&quot;account&quot;:&quot;2680&quot;,&quot;amount&quot;:&quot;-209&quot;,&quot;tran_date&quot;:&quot;2014-12-31&quot;,&quot;gl_tran_id&quot;:&quot;1364&quot;}'),
('12', '2015-07-10 00:34:15', '{&quot;id&quot;:&quot;8&quot;,&quot;pay_type&quot;:&quot;credit&quot;,&quot;type&quot;:&quot;1&quot;,&quot;account&quot;:&quot;2250&quot;,&quot;amount&quot;:&quot;-2&quot;,&quot;tran_date&quot;:&quot;2014-12-31&quot;,&quot;gl_tran_id&quot;:&quot;1365&quot;}'),
('13', '2015-07-10 00:34:32', '{&quot;id&quot;:&quot;5&quot;,&quot;pay_type&quot;:&quot;credit&quot;,&quot;type&quot;:&quot;1&quot;,&quot;account&quot;:&quot;2100&quot;,&quot;amount&quot;:&quot;-294008.8&quot;,&quot;tran_date&quot;:&quot;2014-12-31&quot;,&quot;gl_tran_id&quot;:&quot;1362&quot;}'),
('14', '2015-07-10 00:34:32', '{&quot;id&quot;:&quot;7&quot;,&quot;pay_type&quot;:&quot;credit&quot;,&quot;type&quot;:&quot;1&quot;,&quot;account&quot;:&quot;2680&quot;,&quot;amount&quot;:&quot;-209451.95&quot;,&quot;tran_date&quot;:&quot;2014-12-31&quot;,&quot;gl_tran_id&quot;:&quot;1364&quot;}'),
('15', '2015-07-10 00:34:32', '{&quot;id&quot;:&quot;8&quot;,&quot;pay_type&quot;:&quot;credit&quot;,&quot;type&quot;:&quot;1&quot;,&quot;account&quot;:&quot;2250&quot;,&quot;amount&quot;:&quot;-2500&quot;,&quot;tran_date&quot;:&quot;2014-12-31&quot;,&quot;gl_tran_id&quot;:&quot;1365&quot;}'),
('16', '2015-07-10 00:36:32', '{&quot;id&quot;:&quot;5&quot;,&quot;pay_type&quot;:&quot;credit&quot;,&quot;type&quot;:&quot;1&quot;,&quot;account&quot;:&quot;2100&quot;,&quot;amount&quot;:&quot;-294&quot;,&quot;tran_date&quot;:&quot;2014-12-31&quot;,&quot;gl_tran_id&quot;:&quot;1362&quot;}'),
('17', '2015-07-10 00:39:05', '{&quot;id&quot;:&quot;5&quot;,&quot;pay_type&quot;:&quot;credit&quot;,&quot;type&quot;:&quot;1&quot;,&quot;account&quot;:&quot;2100&quot;,&quot;amount&quot;:&quot;-280&quot;,&quot;tran_date&quot;:&quot;2014-12-31&quot;,&quot;gl_tran_id&quot;:&quot;1362&quot;}'),
('18', '2015-07-10 00:39:05', '{&quot;id&quot;:&quot;8&quot;,&quot;pay_type&quot;:&quot;credit&quot;,&quot;type&quot;:&quot;1&quot;,&quot;account&quot;:&quot;2250&quot;,&quot;amount&quot;:&quot;-2&quot;,&quot;tran_date&quot;:&quot;2014-12-31&quot;,&quot;gl_tran_id&quot;:&quot;1365&quot;}'),
('19', '2015-07-10 00:41:41', '{&quot;id&quot;:&quot;5&quot;,&quot;pay_type&quot;:&quot;credit&quot;,&quot;type&quot;:&quot;1&quot;,&quot;account&quot;:&quot;2100&quot;,&quot;amount&quot;:&quot;-294008.8&quot;,&quot;tran_date&quot;:&quot;2014-12-31&quot;,&quot;gl_tran_id&quot;:&quot;1362&quot;}'),
('20', '2015-07-10 00:41:41', '{&quot;id&quot;:&quot;7&quot;,&quot;pay_type&quot;:&quot;credit&quot;,&quot;type&quot;:&quot;1&quot;,&quot;account&quot;:&quot;2680&quot;,&quot;amount&quot;:&quot;-209&quot;,&quot;tran_date&quot;:&quot;2014-12-31&quot;,&quot;gl_tran_id&quot;:&quot;1364&quot;}'),
('21', '2015-07-10 00:41:41', '{&quot;id&quot;:&quot;8&quot;,&quot;pay_type&quot;:&quot;credit&quot;,&quot;type&quot;:&quot;1&quot;,&quot;account&quot;:&quot;2250&quot;,&quot;amount&quot;:&quot;-2500&quot;,&quot;tran_date&quot;:&quot;2014-12-31&quot;,&quot;gl_tran_id&quot;:&quot;1365&quot;}'),
('22', '2015-07-10 00:43:55', '{&quot;id&quot;:&quot;5&quot;,&quot;pay_type&quot;:&quot;credit&quot;,&quot;type&quot;:&quot;1&quot;,&quot;account&quot;:&quot;2100&quot;,&quot;amount&quot;:&quot;-294&quot;,&quot;tran_date&quot;:&quot;2014-12-31&quot;,&quot;gl_tran_id&quot;:&quot;1362&quot;}'),
('23', '2015-07-10 00:43:55', '{&quot;id&quot;:&quot;7&quot;,&quot;pay_type&quot;:&quot;credit&quot;,&quot;type&quot;:&quot;1&quot;,&quot;account&quot;:&quot;2680&quot;,&quot;amount&quot;:&quot;-209451.95&quot;,&quot;tran_date&quot;:&quot;2014-12-31&quot;,&quot;gl_tran_id&quot;:&quot;1364&quot;}'),
('24', '2015-07-10 00:45:39', '{&quot;id&quot;:&quot;8&quot;,&quot;pay_type&quot;:&quot;credit&quot;,&quot;type&quot;:&quot;1&quot;,&quot;account&quot;:&quot;2250&quot;,&quot;amount&quot;:&quot;-2&quot;,&quot;tran_date&quot;:&quot;2014-12-31&quot;,&quot;gl_tran_id&quot;:&quot;1365&quot;}'),
('25', '2015-07-10 00:52:58', '{&quot;id&quot;:&quot;5&quot;,&quot;pay_type&quot;:&quot;credit&quot;,&quot;type&quot;:&quot;1&quot;,&quot;account&quot;:&quot;2100&quot;,&quot;amount&quot;:&quot;-294008.8&quot;,&quot;tran_date&quot;:&quot;2014-12-31&quot;,&quot;gl_tran_id&quot;:&quot;1362&quot;}'),
('26', '2015-07-10 00:52:58', '{&quot;id&quot;:&quot;7&quot;,&quot;pay_type&quot;:&quot;credit&quot;,&quot;type&quot;:&quot;1&quot;,&quot;account&quot;:&quot;2680&quot;,&quot;amount&quot;:&quot;-209&quot;,&quot;tran_date&quot;:&quot;2014-12-31&quot;,&quot;gl_tran_id&quot;:&quot;1364&quot;}'),
('27', '2015-07-10 00:52:58', '{&quot;id&quot;:&quot;8&quot;,&quot;pay_type&quot;:&quot;credit&quot;,&quot;type&quot;:&quot;1&quot;,&quot;account&quot;:&quot;2250&quot;,&quot;amount&quot;:&quot;-2500&quot;,&quot;tran_date&quot;:&quot;2014-12-31&quot;,&quot;gl_tran_id&quot;:&quot;1365&quot;}'),
('28', '2015-07-10 00:56:23', '{&quot;id&quot;:&quot;7&quot;,&quot;pay_type&quot;:&quot;credit&quot;,&quot;type&quot;:&quot;1&quot;,&quot;account&quot;:&quot;2680&quot;,&quot;amount&quot;:&quot;-209451.95&quot;,&quot;tran_date&quot;:&quot;2014-12-31&quot;,&quot;gl_tran_id&quot;:&quot;1364&quot;}'),
('29', '2015-07-10 00:56:23', '{&quot;id&quot;:&quot;8&quot;,&quot;pay_type&quot;:&quot;credit&quot;,&quot;type&quot;:&quot;1&quot;,&quot;account&quot;:&quot;2250&quot;,&quot;amount&quot;:&quot;-2&quot;,&quot;tran_date&quot;:&quot;2014-12-31&quot;,&quot;gl_tran_id&quot;:&quot;1365&quot;}'),
('30', '2015-07-10 00:58:33', '{&quot;id&quot;:&quot;8&quot;,&quot;pay_type&quot;:&quot;credit&quot;,&quot;type&quot;:&quot;1&quot;,&quot;account&quot;:&quot;2250&quot;,&quot;amount&quot;:&quot;-2500&quot;,&quot;tran_date&quot;:&quot;2014-12-31&quot;,&quot;gl_tran_id&quot;:&quot;1365&quot;}'),
('31', '2015-07-10 09:05:46', '{&quot;id&quot;:&quot;8&quot;,&quot;pay_type&quot;:&quot;credit&quot;,&quot;type&quot;:&quot;1&quot;,&quot;account&quot;:&quot;2250&quot;,&quot;amount&quot;:&quot;-2&quot;,&quot;tran_date&quot;:&quot;2014-12-31&quot;,&quot;gl_tran_id&quot;:&quot;1365&quot;}'),
('32', '2015-07-10 09:41:39', '{&quot;id&quot;:&quot;5&quot;,&quot;pay_type&quot;:&quot;credit&quot;,&quot;type&quot;:&quot;1&quot;,&quot;account&quot;:&quot;2100&quot;,&quot;amount&quot;:&quot;-294&quot;,&quot;tran_date&quot;:&quot;2014-12-31&quot;,&quot;gl_tran_id&quot;:&quot;1362&quot;}'),
('33', '2015-07-10 09:41:39', '{&quot;id&quot;:&quot;8&quot;,&quot;pay_type&quot;:&quot;credit&quot;,&quot;type&quot;:&quot;1&quot;,&quot;account&quot;:&quot;2250&quot;,&quot;amount&quot;:&quot;-2500&quot;,&quot;tran_date&quot;:&quot;2014-12-31&quot;,&quot;gl_tran_id&quot;:&quot;1365&quot;}'),
('34', '2015-07-10 09:42:41', '{&quot;id&quot;:&quot;5&quot;,&quot;pay_type&quot;:&quot;credit&quot;,&quot;type&quot;:&quot;1&quot;,&quot;account&quot;:&quot;2100&quot;,&quot;amount&quot;:&quot;-294008.8&quot;,&quot;tran_date&quot;:&quot;2014-12-31&quot;,&quot;gl_tran_id&quot;:&quot;1362&quot;}'),
('35', '2015-07-10 09:42:41', '{&quot;id&quot;:&quot;7&quot;,&quot;pay_type&quot;:&quot;credit&quot;,&quot;type&quot;:&quot;1&quot;,&quot;account&quot;:&quot;2680&quot;,&quot;amount&quot;:&quot;-209&quot;,&quot;tran_date&quot;:&quot;2014-12-31&quot;,&quot;gl_tran_id&quot;:&quot;1364&quot;}'),
('36', '2015-07-10 09:42:41', '{&quot;id&quot;:&quot;8&quot;,&quot;pay_type&quot;:&quot;credit&quot;,&quot;type&quot;:&quot;1&quot;,&quot;account&quot;:&quot;2250&quot;,&quot;amount&quot;:&quot;-2&quot;,&quot;tran_date&quot;:&quot;2014-12-31&quot;,&quot;gl_tran_id&quot;:&quot;1365&quot;}'),
('37', '2015-07-10 23:20:03', '{&quot;id&quot;:&quot;5&quot;,&quot;pay_type&quot;:&quot;credit&quot;,&quot;type&quot;:&quot;1&quot;,&quot;account&quot;:&quot;2100&quot;,&quot;amount&quot;:&quot;-294&quot;,&quot;tran_date&quot;:&quot;2014-12-31&quot;,&quot;gl_tran_id&quot;:&quot;1362&quot;}'),
('38', '2015-07-10 23:20:03', '{&quot;id&quot;:&quot;7&quot;,&quot;pay_type&quot;:&quot;credit&quot;,&quot;type&quot;:&quot;1&quot;,&quot;account&quot;:&quot;2680&quot;,&quot;amount&quot;:&quot;-209451.95&quot;,&quot;tran_date&quot;:&quot;2014-12-31&quot;,&quot;gl_tran_id&quot;:&quot;1364&quot;}'),
('39', '2015-07-10 23:20:03', '{&quot;id&quot;:&quot;8&quot;,&quot;pay_type&quot;:&quot;credit&quot;,&quot;type&quot;:&quot;1&quot;,&quot;account&quot;:&quot;2250&quot;,&quot;amount&quot;:&quot;-2500&quot;,&quot;tran_date&quot;:&quot;2014-12-31&quot;,&quot;gl_tran_id&quot;:&quot;1365&quot;}'),
('40', '2015-07-11 09:16:16', '{&quot;id&quot;:&quot;5&quot;,&quot;pay_type&quot;:&quot;credit&quot;,&quot;type&quot;:&quot;1&quot;,&quot;account&quot;:&quot;2100&quot;,&quot;amount&quot;:&quot;-294008.8&quot;,&quot;tran_date&quot;:&quot;2014-12-31&quot;,&quot;gl_tran_id&quot;:&quot;1362&quot;}'),
('41', '2015-07-11 09:16:16', '{&quot;id&quot;:&quot;8&quot;,&quot;pay_type&quot;:&quot;credit&quot;,&quot;type&quot;:&quot;1&quot;,&quot;account&quot;:&quot;2250&quot;,&quot;amount&quot;:&quot;-2&quot;,&quot;tran_date&quot;:&quot;2014-12-31&quot;,&quot;gl_tran_id&quot;:&quot;1365&quot;}'),
('42', '2015-07-11 18:45:25', '{&quot;id&quot;:&quot;8&quot;,&quot;pay_type&quot;:&quot;credit&quot;,&quot;type&quot;:&quot;1&quot;,&quot;account&quot;:&quot;2250&quot;,&quot;amount&quot;:&quot;-2500&quot;,&quot;tran_date&quot;:&quot;2014-12-31&quot;,&quot;gl_tran_id&quot;:&quot;1365&quot;}'),
('43', '2015-07-25 09:58:05', '{&quot;id&quot;:&quot;8&quot;,&quot;pay_type&quot;:&quot;credit&quot;,&quot;type&quot;:&quot;1&quot;,&quot;account&quot;:&quot;2250&quot;,&quot;amount&quot;:&quot;-2&quot;,&quot;tran_date&quot;:&quot;2014-12-31&quot;,&quot;gl_tran_id&quot;:&quot;1365&quot;}'),
('44', '2015-07-25 10:52:44', '{&quot;id&quot;:&quot;5&quot;,&quot;pay_type&quot;:&quot;credit&quot;,&quot;type&quot;:&quot;1&quot;,&quot;account&quot;:&quot;2100&quot;,&quot;amount&quot;:&quot;-294&quot;,&quot;tran_date&quot;:&quot;2014-12-31&quot;,&quot;gl_tran_id&quot;:&quot;1362&quot;}'),
('45', '2015-07-25 11:43:13', '{&quot;id&quot;:&quot;7&quot;,&quot;pay_type&quot;:&quot;credit&quot;,&quot;type&quot;:&quot;1&quot;,&quot;account&quot;:&quot;2680&quot;,&quot;amount&quot;:&quot;-209&quot;,&quot;tran_date&quot;:&quot;2014-12-31&quot;,&quot;gl_tran_id&quot;:&quot;1364&quot;}'),
('46', '2015-09-05 20:15:34', '{&quot;id&quot;:&quot;1&quot;,&quot;pay_type&quot;:&quot;debit&quot;,&quot;type&quot;:&quot;1&quot;,&quot;account&quot;:&quot;1060&quot;,&quot;amount&quot;:&quot;100&quot;,&quot;tran_date&quot;:&quot;2014-12-31&quot;,&quot;gl_tran_id&quot;:&quot;1358&quot;}'),
('47', '2015-09-05 20:15:34', '{&quot;id&quot;:&quot;2&quot;,&quot;pay_type&quot;:&quot;debit&quot;,&quot;type&quot;:&quot;1&quot;,&quot;account&quot;:&quot;1200&quot;,&quot;amount&quot;:&quot;280446.6&quot;,&quot;tran_date&quot;:&quot;2014-12-31&quot;,&quot;gl_tran_id&quot;:&quot;1359&quot;}'),
('48', '2015-09-05 20:15:34', '{&quot;id&quot;:&quot;3&quot;,&quot;pay_type&quot;:&quot;debit&quot;,&quot;type&quot;:&quot;1&quot;,&quot;account&quot;:&quot;1210&quot;,&quot;amount&quot;:&quot;192024.2&quot;,&quot;tran_date&quot;:&quot;2014-12-31&quot;,&quot;gl_tran_id&quot;:&quot;1360&quot;}'),
('49', '2015-09-05 20:15:35', '{&quot;id&quot;:&quot;4&quot;,&quot;pay_type&quot;:&quot;debit&quot;,&quot;type&quot;:&quot;1&quot;,&quot;account&quot;:&quot;1064&quot;,&quot;amount&quot;:&quot;32286.23&quot;,&quot;tran_date&quot;:&quot;2014-12-31&quot;,&quot;gl_tran_id&quot;:&quot;1361&quot;}'),
('50', '2015-09-05 20:15:35', '{&quot;id&quot;:&quot;5&quot;,&quot;pay_type&quot;:&quot;credit&quot;,&quot;type&quot;:&quot;1&quot;,&quot;account&quot;:&quot;2100&quot;,&quot;amount&quot;:&quot;-294008.8&quot;,&quot;tran_date&quot;:&quot;2014-12-31&quot;,&quot;gl_tran_id&quot;:&quot;1362&quot;}'),
('51', '2015-09-05 20:15:35', '{&quot;id&quot;:&quot;6&quot;,&quot;pay_type&quot;:&quot;credit&quot;,&quot;type&quot;:&quot;1&quot;,&quot;account&quot;:&quot;2670&quot;,&quot;amount&quot;:&quot;-5&quot;,&quot;tran_date&quot;:&quot;2014-12-31&quot;,&quot;gl_tran_id&quot;:&quot;1363&quot;}'),
('52', '2015-09-05 20:15:35', '{&quot;id&quot;:&quot;7&quot;,&quot;pay_type&quot;:&quot;credit&quot;,&quot;type&quot;:&quot;1&quot;,&quot;account&quot;:&quot;2680&quot;,&quot;amount&quot;:&quot;-209451.95&quot;,&quot;tran_date&quot;:&quot;2014-12-31&quot;,&quot;gl_tran_id&quot;:&quot;1364&quot;}'),
('53', '2015-09-05 20:15:35', '{&quot;id&quot;:&quot;8&quot;,&quot;pay_type&quot;:&quot;credit&quot;,&quot;type&quot;:&quot;1&quot;,&quot;account&quot;:&quot;2250&quot;,&quot;amount&quot;:&quot;-2500&quot;,&quot;tran_date&quot;:&quot;2014-12-31&quot;,&quot;gl_tran_id&quot;:&quot;1365&quot;}'),
('54', '2015-09-05 20:15:45', '{&quot;id&quot;:&quot;1&quot;,&quot;pay_type&quot;:&quot;debit&quot;,&quot;type&quot;:&quot;1&quot;,&quot;account&quot;:&quot;1060&quot;,&quot;amount&quot;:&quot;100&quot;,&quot;tran_date&quot;:&quot;2014-12-31&quot;,&quot;gl_tran_id&quot;:&quot;1358&quot;}'),
('55', '2015-09-05 20:15:45', '{&quot;id&quot;:&quot;2&quot;,&quot;pay_type&quot;:&quot;debit&quot;,&quot;type&quot;:&quot;1&quot;,&quot;account&quot;:&quot;1200&quot;,&quot;amount&quot;:&quot;280446.6&quot;,&quot;tran_date&quot;:&quot;2014-12-31&quot;,&quot;gl_tran_id&quot;:&quot;1359&quot;}'),
('56', '2015-09-05 20:15:45', '{&quot;id&quot;:&quot;3&quot;,&quot;pay_type&quot;:&quot;debit&quot;,&quot;type&quot;:&quot;1&quot;,&quot;account&quot;:&quot;1210&quot;,&quot;amount&quot;:&quot;192024.2&quot;,&quot;tran_date&quot;:&quot;2014-12-31&quot;,&quot;gl_tran_id&quot;:&quot;1360&quot;}'),
('57', '2015-09-05 20:15:45', '{&quot;id&quot;:&quot;4&quot;,&quot;pay_type&quot;:&quot;debit&quot;,&quot;type&quot;:&quot;1&quot;,&quot;account&quot;:&quot;1064&quot;,&quot;amount&quot;:&quot;32286.23&quot;,&quot;tran_date&quot;:&quot;2014-12-31&quot;,&quot;gl_tran_id&quot;:&quot;1361&quot;}'),
('58', '2015-09-05 20:15:45', '{&quot;id&quot;:&quot;10&quot;,&quot;pay_type&quot;:&quot;debit&quot;,&quot;type&quot;:&quot;1&quot;,&quot;account&quot;:&quot;1299&quot;,&quot;amount&quot;:&quot;1022&quot;,&quot;tran_date&quot;:&quot;2014-12-31&quot;,&quot;gl_tran_id&quot;:&quot;1876&quot;}'),
('59', '2015-09-05 20:15:45', '{&quot;id&quot;:&quot;5&quot;,&quot;pay_type&quot;:&quot;credit&quot;,&quot;type&quot;:&quot;1&quot;,&quot;account&quot;:&quot;2100&quot;,&quot;amount&quot;:&quot;-294008.8&quot;,&quot;tran_date&quot;:&quot;2014-12-31&quot;,&quot;gl_tran_id&quot;:&quot;1362&quot;}'),
('60', '2015-09-05 20:15:45', '{&quot;id&quot;:&quot;6&quot;,&quot;pay_type&quot;:&quot;credit&quot;,&quot;type&quot;:&quot;1&quot;,&quot;account&quot;:&quot;2670&quot;,&quot;amount&quot;:&quot;-5&quot;,&quot;tran_date&quot;:&quot;2014-12-31&quot;,&quot;gl_tran_id&quot;:&quot;1363&quot;}'),
('61', '2015-09-05 20:15:45', '{&quot;id&quot;:&quot;7&quot;,&quot;pay_type&quot;:&quot;credit&quot;,&quot;type&quot;:&quot;1&quot;,&quot;account&quot;:&quot;2680&quot;,&quot;amount&quot;:&quot;-209451.95&quot;,&quot;tran_date&quot;:&quot;2014-12-31&quot;,&quot;gl_tran_id&quot;:&quot;1364&quot;}'),
('62', '2015-09-05 20:15:45', '{&quot;id&quot;:&quot;8&quot;,&quot;pay_type&quot;:&quot;credit&quot;,&quot;type&quot;:&quot;1&quot;,&quot;account&quot;:&quot;2250&quot;,&quot;amount&quot;:&quot;-2500&quot;,&quot;tran_date&quot;:&quot;2014-12-31&quot;,&quot;gl_tran_id&quot;:&quot;1365&quot;}'),
('63', '2015-09-05 20:15:45', '{&quot;id&quot;:&quot;11&quot;,&quot;pay_type&quot;:&quot;credit&quot;,&quot;type&quot;:&quot;1&quot;,&quot;account&quot;:&quot;3590&quot;,&quot;amount&quot;:&quot;-6427&quot;,&quot;tran_date&quot;:&quot;2014-12-31&quot;,&quot;gl_tran_id&quot;:&quot;1877&quot;}'),
('64', '2015-09-05 20:25:35', '{&quot;id&quot;:&quot;1&quot;,&quot;pay_type&quot;:&quot;debit&quot;,&quot;type&quot;:&quot;1&quot;,&quot;account&quot;:&quot;1060&quot;,&quot;amount&quot;:&quot;100&quot;,&quot;tran_date&quot;:&quot;2014-12-31&quot;,&quot;gl_tran_id&quot;:&quot;1358&quot;}'),
('65', '2015-09-05 20:25:35', '{&quot;id&quot;:&quot;2&quot;,&quot;pay_type&quot;:&quot;debit&quot;,&quot;type&quot;:&quot;1&quot;,&quot;account&quot;:&quot;1200&quot;,&quot;amount&quot;:&quot;280446.6&quot;,&quot;tran_date&quot;:&quot;2014-12-31&quot;,&quot;gl_tran_id&quot;:&quot;1359&quot;}'),
('66', '2015-09-05 20:25:35', '{&quot;id&quot;:&quot;3&quot;,&quot;pay_type&quot;:&quot;debit&quot;,&quot;type&quot;:&quot;1&quot;,&quot;account&quot;:&quot;1210&quot;,&quot;amount&quot;:&quot;192024.2&quot;,&quot;tran_date&quot;:&quot;2014-12-31&quot;,&quot;gl_tran_id&quot;:&quot;1360&quot;}'),
('67', '2015-09-05 20:25:35', '{&quot;id&quot;:&quot;4&quot;,&quot;pay_type&quot;:&quot;debit&quot;,&quot;type&quot;:&quot;1&quot;,&quot;account&quot;:&quot;1064&quot;,&quot;amount&quot;:&quot;32286.23&quot;,&quot;tran_date&quot;:&quot;2014-12-31&quot;,&quot;gl_tran_id&quot;:&quot;1361&quot;}'),
('68', '2015-09-05 20:25:35', '{&quot;id&quot;:&quot;10&quot;,&quot;pay_type&quot;:&quot;debit&quot;,&quot;type&quot;:&quot;1&quot;,&quot;account&quot;:&quot;1299&quot;,&quot;amount&quot;:&quot;1022&quot;,&quot;tran_date&quot;:&quot;2014-12-31&quot;,&quot;gl_tran_id&quot;:&quot;1876&quot;}'),
('69', '2015-09-05 20:25:35', '{&quot;id&quot;:&quot;9&quot;,&quot;pay_type&quot;:&quot;debit&quot;,&quot;type&quot;:&quot;1&quot;,&quot;account&quot;:&quot;3590&quot;,&quot;amount&quot;:&quot;1108.72&quot;,&quot;tran_date&quot;:&quot;2014-12-31&quot;,&quot;gl_tran_id&quot;:&quot;0&quot;}'),
('70', '2015-09-05 20:25:35', '{&quot;id&quot;:&quot;5&quot;,&quot;pay_type&quot;:&quot;credit&quot;,&quot;type&quot;:&quot;1&quot;,&quot;account&quot;:&quot;2100&quot;,&quot;amount&quot;:&quot;-294008.8&quot;,&quot;tran_date&quot;:&quot;2014-12-31&quot;,&quot;gl_tran_id&quot;:&quot;1362&quot;}'),
('71', '2015-09-05 20:25:35', '{&quot;id&quot;:&quot;6&quot;,&quot;pay_type&quot;:&quot;credit&quot;,&quot;type&quot;:&quot;1&quot;,&quot;account&quot;:&quot;2670&quot;,&quot;amount&quot;:&quot;-5&quot;,&quot;tran_date&quot;:&quot;2014-12-31&quot;,&quot;gl_tran_id&quot;:&quot;1363&quot;}'),
('72', '2015-09-05 20:25:35', '{&quot;id&quot;:&quot;7&quot;,&quot;pay_type&quot;:&quot;credit&quot;,&quot;type&quot;:&quot;1&quot;,&quot;account&quot;:&quot;2680&quot;,&quot;amount&quot;:&quot;-209451.95&quot;,&quot;tran_date&quot;:&quot;2014-12-31&quot;,&quot;gl_tran_id&quot;:&quot;1364&quot;}'),
('73', '2015-09-05 20:25:35', '{&quot;id&quot;:&quot;8&quot;,&quot;pay_type&quot;:&quot;credit&quot;,&quot;type&quot;:&quot;1&quot;,&quot;account&quot;:&quot;2250&quot;,&quot;amount&quot;:&quot;-2500&quot;,&quot;tran_date&quot;:&quot;2014-12-31&quot;,&quot;gl_tran_id&quot;:&quot;1365&quot;}'),
('74', '2015-09-05 20:25:35', '{&quot;id&quot;:&quot;11&quot;,&quot;pay_type&quot;:&quot;credit&quot;,&quot;type&quot;:&quot;1&quot;,&quot;account&quot;:&quot;3590&quot;,&quot;amount&quot;:&quot;-6427&quot;,&quot;tran_date&quot;:&quot;2014-12-31&quot;,&quot;gl_tran_id&quot;:&quot;1877&quot;}'),
('75', '2015-09-05 20:26:09', '{&quot;id&quot;:&quot;1&quot;,&quot;pay_type&quot;:&quot;debit&quot;,&quot;type&quot;:&quot;1&quot;,&quot;account&quot;:&quot;1060&quot;,&quot;amount&quot;:&quot;100&quot;,&quot;tran_date&quot;:&quot;2014-12-31&quot;,&quot;gl_tran_id&quot;:&quot;1358&quot;}'),
('76', '2015-09-05 20:26:09', '{&quot;id&quot;:&quot;2&quot;,&quot;pay_type&quot;:&quot;debit&quot;,&quot;type&quot;:&quot;1&quot;,&quot;account&quot;:&quot;1200&quot;,&quot;amount&quot;:&quot;280446.6&quot;,&quot;tran_date&quot;:&quot;2014-12-31&quot;,&quot;gl_tran_id&quot;:&quot;1359&quot;}'),
('77', '2015-09-05 20:26:09', '{&quot;id&quot;:&quot;3&quot;,&quot;pay_type&quot;:&quot;debit&quot;,&quot;type&quot;:&quot;1&quot;,&quot;account&quot;:&quot;1210&quot;,&quot;amount&quot;:&quot;192024.2&quot;,&quot;tran_date&quot;:&quot;2014-12-31&quot;,&quot;gl_tran_id&quot;:&quot;1360&quot;}'),
('78', '2015-09-05 20:26:09', '{&quot;id&quot;:&quot;4&quot;,&quot;pay_type&quot;:&quot;debit&quot;,&quot;type&quot;:&quot;1&quot;,&quot;account&quot;:&quot;1064&quot;,&quot;amount&quot;:&quot;32286.23&quot;,&quot;tran_date&quot;:&quot;2014-12-31&quot;,&quot;gl_tran_id&quot;:&quot;1361&quot;}'),
('79', '2015-09-05 20:26:09', '{&quot;id&quot;:&quot;10&quot;,&quot;pay_type&quot;:&quot;debit&quot;,&quot;type&quot;:&quot;1&quot;,&quot;account&quot;:&quot;1299&quot;,&quot;amount&quot;:&quot;1022&quot;,&quot;tran_date&quot;:&quot;2014-12-31&quot;,&quot;gl_tran_id&quot;:&quot;1876&quot;}'),
('80', '2015-09-05 20:26:09', '{&quot;id&quot;:&quot;9&quot;,&quot;pay_type&quot;:&quot;debit&quot;,&quot;type&quot;:&quot;1&quot;,&quot;account&quot;:&quot;3590&quot;,&quot;amount&quot;:&quot;1108.72&quot;,&quot;tran_date&quot;:&quot;2014-12-31&quot;,&quot;gl_tran_id&quot;:&quot;1878&quot;}'),
('81', '2015-09-05 20:26:09', '{&quot;id&quot;:&quot;5&quot;,&quot;pay_type&quot;:&quot;credit&quot;,&quot;type&quot;:&quot;1&quot;,&quot;account&quot;:&quot;2100&quot;,&quot;amount&quot;:&quot;-294008.8&quot;,&quot;tran_date&quot;:&quot;2014-12-31&quot;,&quot;gl_tran_id&quot;:&quot;1362&quot;}'),
('82', '2015-09-05 20:26:09', '{&quot;id&quot;:&quot;6&quot;,&quot;pay_type&quot;:&quot;credit&quot;,&quot;type&quot;:&quot;1&quot;,&quot;account&quot;:&quot;2670&quot;,&quot;amount&quot;:&quot;-5&quot;,&quot;tran_date&quot;:&quot;2014-12-31&quot;,&quot;gl_tran_id&quot;:&quot;1363&quot;}'),
('83', '2015-09-05 20:26:09', '{&quot;id&quot;:&quot;7&quot;,&quot;pay_type&quot;:&quot;credit&quot;,&quot;type&quot;:&quot;1&quot;,&quot;account&quot;:&quot;2680&quot;,&quot;amount&quot;:&quot;-209451.95&quot;,&quot;tran_date&quot;:&quot;2014-12-31&quot;,&quot;gl_tran_id&quot;:&quot;1364&quot;}'),
('84', '2015-09-05 20:26:09', '{&quot;id&quot;:&quot;8&quot;,&quot;pay_type&quot;:&quot;credit&quot;,&quot;type&quot;:&quot;1&quot;,&quot;account&quot;:&quot;2250&quot;,&quot;amount&quot;:&quot;-8840&quot;,&quot;tran_date&quot;:&quot;2014-12-31&quot;,&quot;gl_tran_id&quot;:&quot;1365&quot;}'),
('85', '2015-09-05 20:26:36', '{&quot;id&quot;:&quot;1&quot;,&quot;pay_type&quot;:&quot;debit&quot;,&quot;type&quot;:&quot;1&quot;,&quot;account&quot;:&quot;1060&quot;,&quot;amount&quot;:&quot;100&quot;,&quot;tran_date&quot;:&quot;2014-12-31&quot;,&quot;gl_tran_id&quot;:&quot;1358&quot;}'),
('86', '2015-09-05 20:26:36', '{&quot;id&quot;:&quot;2&quot;,&quot;pay_type&quot;:&quot;debit&quot;,&quot;type&quot;:&quot;1&quot;,&quot;account&quot;:&quot;1200&quot;,&quot;amount&quot;:&quot;280446.6&quot;,&quot;tran_date&quot;:&quot;2014-12-31&quot;,&quot;gl_tran_id&quot;:&quot;1359&quot;}'),
('87', '2015-09-05 20:26:36', '{&quot;id&quot;:&quot;3&quot;,&quot;pay_type&quot;:&quot;debit&quot;,&quot;type&quot;:&quot;1&quot;,&quot;account&quot;:&quot;1210&quot;,&quot;amount&quot;:&quot;192024.2&quot;,&quot;tran_date&quot;:&quot;2014-12-31&quot;,&quot;gl_tran_id&quot;:&quot;1360&quot;}'),
('88', '2015-09-05 20:26:36', '{&quot;id&quot;:&quot;4&quot;,&quot;pay_type&quot;:&quot;debit&quot;,&quot;type&quot;:&quot;1&quot;,&quot;account&quot;:&quot;1064&quot;,&quot;amount&quot;:&quot;32286.23&quot;,&quot;tran_date&quot;:&quot;2014-12-31&quot;,&quot;gl_tran_id&quot;:&quot;1361&quot;}'),
('89', '2015-09-05 20:26:36', '{&quot;id&quot;:&quot;10&quot;,&quot;pay_type&quot;:&quot;debit&quot;,&quot;type&quot;:&quot;1&quot;,&quot;account&quot;:&quot;1299&quot;,&quot;amount&quot;:&quot;1022&quot;,&quot;tran_date&quot;:&quot;2014-12-31&quot;,&quot;gl_tran_id&quot;:&quot;1876&quot;}'),
('90', '2015-09-05 20:26:36', '{&quot;id&quot;:&quot;9&quot;,&quot;pay_type&quot;:&quot;debit&quot;,&quot;type&quot;:&quot;1&quot;,&quot;account&quot;:&quot;3590&quot;,&quot;amount&quot;:&quot;6427&quot;,&quot;tran_date&quot;:&quot;2014-12-31&quot;,&quot;gl_tran_id&quot;:&quot;1878&quot;}'),
('91', '2015-09-05 20:26:36', '{&quot;id&quot;:&quot;5&quot;,&quot;pay_type&quot;:&quot;credit&quot;,&quot;type&quot;:&quot;1&quot;,&quot;account&quot;:&quot;2100&quot;,&quot;amount&quot;:&quot;-294008.8&quot;,&quot;tran_date&quot;:&quot;2014-12-31&quot;,&quot;gl_tran_id&quot;:&quot;1362&quot;}'),
('92', '2015-09-05 20:26:36', '{&quot;id&quot;:&quot;6&quot;,&quot;pay_type&quot;:&quot;credit&quot;,&quot;type&quot;:&quot;1&quot;,&quot;account&quot;:&quot;2670&quot;,&quot;amount&quot;:&quot;-5&quot;,&quot;tran_date&quot;:&quot;2014-12-31&quot;,&quot;gl_tran_id&quot;:&quot;1363&quot;}'),
('93', '2015-09-05 20:26:36', '{&quot;id&quot;:&quot;7&quot;,&quot;pay_type&quot;:&quot;credit&quot;,&quot;type&quot;:&quot;1&quot;,&quot;account&quot;:&quot;2680&quot;,&quot;amount&quot;:&quot;-209451.95&quot;,&quot;tran_date&quot;:&quot;2014-12-31&quot;,&quot;gl_tran_id&quot;:&quot;1364&quot;}'),
('94', '2015-09-05 20:26:36', '{&quot;id&quot;:&quot;8&quot;,&quot;pay_type&quot;:&quot;credit&quot;,&quot;type&quot;:&quot;1&quot;,&quot;account&quot;:&quot;2250&quot;,&quot;amount&quot;:&quot;-8840&quot;,&quot;tran_date&quot;:&quot;2014-12-31&quot;,&quot;gl_tran_id&quot;:&quot;1365&quot;}'),
('95', '2015-09-05 20:26:36', '{&quot;id&quot;:&quot;11&quot;,&quot;pay_type&quot;:&quot;credit&quot;,&quot;type&quot;:&quot;1&quot;,&quot;account&quot;:&quot;3590&quot;,&quot;amount&quot;:&quot;-6427&quot;,&quot;tran_date&quot;:&quot;2014-12-31&quot;,&quot;gl_tran_id&quot;:&quot;1877&quot;}'),
('96', '2015-09-05 20:28:25', '{&quot;id&quot;:&quot;1&quot;,&quot;pay_type&quot;:&quot;debit&quot;,&quot;type&quot;:&quot;1&quot;,&quot;account&quot;:&quot;1060&quot;,&quot;amount&quot;:&quot;100&quot;,&quot;tran_date&quot;:&quot;2014-12-31&quot;,&quot;gl_tran_id&quot;:&quot;1358&quot;}'),
('97', '2015-09-05 20:28:25', '{&quot;id&quot;:&quot;2&quot;,&quot;pay_type&quot;:&quot;debit&quot;,&quot;type&quot;:&quot;1&quot;,&quot;account&quot;:&quot;1200&quot;,&quot;amount&quot;:&quot;280446.6&quot;,&quot;tran_date&quot;:&quot;2014-12-31&quot;,&quot;gl_tran_id&quot;:&quot;1359&quot;}'),
('98', '2015-09-05 20:28:25', '{&quot;id&quot;:&quot;3&quot;,&quot;pay_type&quot;:&quot;debit&quot;,&quot;type&quot;:&quot;1&quot;,&quot;account&quot;:&quot;1210&quot;,&quot;amount&quot;:&quot;192024.2&quot;,&quot;tran_date&quot;:&quot;2014-12-31&quot;,&quot;gl_tran_id&quot;:&quot;1360&quot;}'),
('99', '2015-09-05 20:28:25', '{&quot;id&quot;:&quot;4&quot;,&quot;pay_type&quot;:&quot;debit&quot;,&quot;type&quot;:&quot;1&quot;,&quot;account&quot;:&quot;1064&quot;,&quot;amount&quot;:&quot;32286.23&quot;,&quot;tran_date&quot;:&quot;2014-12-31&quot;,&quot;gl_tran_id&quot;:&quot;1361&quot;}'),
('100', '2015-09-05 20:28:25', '{&quot;id&quot;:&quot;10&quot;,&quot;pay_type&quot;:&quot;debit&quot;,&quot;type&quot;:&quot;1&quot;,&quot;account&quot;:&quot;1299&quot;,&quot;amount&quot;:&quot;1022&quot;,&quot;tran_date&quot;:&quot;2014-12-31&quot;,&quot;gl_tran_id&quot;:&quot;1876&quot;}'),
('101', '2015-09-05 20:28:25', '{&quot;id&quot;:&quot;9&quot;,&quot;pay_type&quot;:&quot;debit&quot;,&quot;type&quot;:&quot;1&quot;,&quot;account&quot;:&quot;3590&quot;,&quot;amount&quot;:&quot;6427&quot;,&quot;tran_date&quot;:&quot;2014-12-31&quot;,&quot;gl_tran_id&quot;:&quot;1878&quot;}'),
('102', '2015-09-05 20:28:25', '{&quot;id&quot;:&quot;5&quot;,&quot;pay_type&quot;:&quot;credit&quot;,&quot;type&quot;:&quot;1&quot;,&quot;account&quot;:&quot;2100&quot;,&quot;amount&quot;:&quot;-294008.8&quot;,&quot;tran_date&quot;:&quot;2014-12-31&quot;,&quot;gl_tran_id&quot;:&quot;1362&quot;}'),
('103', '2015-09-05 20:28:25', '{&quot;id&quot;:&quot;6&quot;,&quot;pay_type&quot;:&quot;credit&quot;,&quot;type&quot;:&quot;1&quot;,&quot;account&quot;:&quot;2670&quot;,&quot;amount&quot;:&quot;-5&quot;,&quot;tran_date&quot;:&quot;2014-12-31&quot;,&quot;gl_tran_id&quot;:&quot;1363&quot;}'),
('104', '2015-09-05 20:28:25', '{&quot;id&quot;:&quot;7&quot;,&quot;pay_type&quot;:&quot;credit&quot;,&quot;type&quot;:&quot;1&quot;,&quot;account&quot;:&quot;2680&quot;,&quot;amount&quot;:&quot;-209451.95&quot;,&quot;tran_date&quot;:&quot;2014-12-31&quot;,&quot;gl_tran_id&quot;:&quot;1364&quot;}'),
('105', '2015-09-05 20:28:25', '{&quot;id&quot;:&quot;8&quot;,&quot;pay_type&quot;:&quot;credit&quot;,&quot;type&quot;:&quot;1&quot;,&quot;account&quot;:&quot;2250&quot;,&quot;amount&quot;:&quot;-8840&quot;,&quot;tran_date&quot;:&quot;2014-12-31&quot;,&quot;gl_tran_id&quot;:&quot;1365&quot;}'),
('106', '2015-09-05 20:30:35', '{&quot;id&quot;:&quot;1&quot;,&quot;pay_type&quot;:&quot;debit&quot;,&quot;type&quot;:&quot;1&quot;,&quot;account&quot;:&quot;1060&quot;,&quot;amount&quot;:&quot;100&quot;,&quot;tran_date&quot;:&quot;2014-12-31&quot;,&quot;gl_tran_id&quot;:&quot;1358&quot;}'),
('107', '2015-09-05 20:30:35', '{&quot;id&quot;:&quot;2&quot;,&quot;pay_type&quot;:&quot;debit&quot;,&quot;type&quot;:&quot;1&quot;,&quot;account&quot;:&quot;1200&quot;,&quot;amount&quot;:&quot;280446.6&quot;,&quot;tran_date&quot;:&quot;2014-12-31&quot;,&quot;gl_tran_id&quot;:&quot;1359&quot;}'),
('108', '2015-09-05 20:30:35', '{&quot;id&quot;:&quot;3&quot;,&quot;pay_type&quot;:&quot;debit&quot;,&quot;type&quot;:&quot;1&quot;,&quot;account&quot;:&quot;1210&quot;,&quot;amount&quot;:&quot;192024.2&quot;,&quot;tran_date&quot;:&quot;2014-12-31&quot;,&quot;gl_tran_id&quot;:&quot;1360&quot;}'),
('109', '2015-09-05 20:30:35', '{&quot;id&quot;:&quot;4&quot;,&quot;pay_type&quot;:&quot;debit&quot;,&quot;type&quot;:&quot;1&quot;,&quot;account&quot;:&quot;1064&quot;,&quot;amount&quot;:&quot;32286.23&quot;,&quot;tran_date&quot;:&quot;2014-12-31&quot;,&quot;gl_tran_id&quot;:&quot;1361&quot;}'),
('110', '2015-09-05 20:30:35', '{&quot;id&quot;:&quot;10&quot;,&quot;pay_type&quot;:&quot;debit&quot;,&quot;type&quot;:&quot;1&quot;,&quot;account&quot;:&quot;1299&quot;,&quot;amount&quot;:&quot;1022&quot;,&quot;tran_date&quot;:&quot;2014-12-31&quot;,&quot;gl_tran_id&quot;:&quot;1876&quot;}'),
('111', '2015-09-05 20:30:35', '{&quot;id&quot;:&quot;5&quot;,&quot;pay_type&quot;:&quot;credit&quot;,&quot;type&quot;:&quot;1&quot;,&quot;account&quot;:&quot;2100&quot;,&quot;amount&quot;:&quot;-294008.8&quot;,&quot;tran_date&quot;:&quot;2014-12-31&quot;,&quot;gl_tran_id&quot;:&quot;1362&quot;}'),
('112', '2015-09-05 20:30:35', '{&quot;id&quot;:&quot;6&quot;,&quot;pay_type&quot;:&quot;credit&quot;,&quot;type&quot;:&quot;1&quot;,&quot;account&quot;:&quot;2670&quot;,&quot;amount&quot;:&quot;-5&quot;,&quot;tran_date&quot;:&quot;2014-12-31&quot;,&quot;gl_tran_id&quot;:&quot;1363&quot;}'),
('113', '2015-09-05 20:30:35', '{&quot;id&quot;:&quot;7&quot;,&quot;pay_type&quot;:&quot;credit&quot;,&quot;type&quot;:&quot;1&quot;,&quot;account&quot;:&quot;2680&quot;,&quot;amount&quot;:&quot;-209451.95&quot;,&quot;tran_date&quot;:&quot;2014-12-31&quot;,&quot;gl_tran_id&quot;:&quot;1364&quot;}'),
('114', '2015-09-05 20:30:35', '{&quot;id&quot;:&quot;8&quot;,&quot;pay_type&quot;:&quot;credit&quot;,&quot;type&quot;:&quot;1&quot;,&quot;account&quot;:&quot;2250&quot;,&quot;amount&quot;:&quot;-8840&quot;,&quot;tran_date&quot;:&quot;2014-12-31&quot;,&quot;gl_tran_id&quot;:&quot;1365&quot;}'),
('115', '2015-09-05 20:30:44', '{&quot;id&quot;:&quot;1&quot;,&quot;pay_type&quot;:&quot;debit&quot;,&quot;type&quot;:&quot;1&quot;,&quot;account&quot;:&quot;1060&quot;,&quot;amount&quot;:&quot;100&quot;,&quot;tran_date&quot;:&quot;2014-12-31&quot;,&quot;gl_tran_id&quot;:&quot;1358&quot;}'),
('116', '2015-09-05 20:30:44', '{&quot;id&quot;:&quot;2&quot;,&quot;pay_type&quot;:&quot;debit&quot;,&quot;type&quot;:&quot;1&quot;,&quot;account&quot;:&quot;1200&quot;,&quot;amount&quot;:&quot;280446.6&quot;,&quot;tran_date&quot;:&quot;2014-12-31&quot;,&quot;gl_tran_id&quot;:&quot;1359&quot;}'),
('117', '2015-09-05 20:30:44', '{&quot;id&quot;:&quot;3&quot;,&quot;pay_type&quot;:&quot;debit&quot;,&quot;type&quot;:&quot;1&quot;,&quot;account&quot;:&quot;1210&quot;,&quot;amount&quot;:&quot;192024.2&quot;,&quot;tran_date&quot;:&quot;2014-12-31&quot;,&quot;gl_tran_id&quot;:&quot;1360&quot;}'),
('118', '2015-09-05 20:30:44', '{&quot;id&quot;:&quot;4&quot;,&quot;pay_type&quot;:&quot;debit&quot;,&quot;type&quot;:&quot;1&quot;,&quot;account&quot;:&quot;1064&quot;,&quot;amount&quot;:&quot;32286.23&quot;,&quot;tran_date&quot;:&quot;2014-12-31&quot;,&quot;gl_tran_id&quot;:&quot;1361&quot;}'),
('119', '2015-09-05 20:30:44', '{&quot;id&quot;:&quot;10&quot;,&quot;pay_type&quot;:&quot;debit&quot;,&quot;type&quot;:&quot;1&quot;,&quot;account&quot;:&quot;1299&quot;,&quot;amount&quot;:&quot;1022&quot;,&quot;tran_date&quot;:&quot;2014-12-31&quot;,&quot;gl_tran_id&quot;:&quot;1876&quot;}'),
('120', '2015-09-05 20:30:44', '{&quot;id&quot;:&quot;9&quot;,&quot;pay_type&quot;:&quot;debit&quot;,&quot;type&quot;:&quot;1&quot;,&quot;account&quot;:&quot;3590&quot;,&quot;amount&quot;:&quot;6427.72&quot;,&quot;tran_date&quot;:&quot;2014-12-31&quot;,&quot;gl_tran_id&quot;:&quot;1878&quot;}'),
('121', '2015-09-05 20:30:44', '{&quot;id&quot;:&quot;5&quot;,&quot;pay_type&quot;:&quot;credit&quot;,&quot;type&quot;:&quot;1&quot;,&quot;account&quot;:&quot;2100&quot;,&quot;amount&quot;:&quot;-294008.8&quot;,&quot;tran_date&quot;:&quot;2014-12-31&quot;,&quot;gl_tran_id&quot;:&quot;1362&quot;}'),
('122', '2015-09-05 20:30:44', '{&quot;id&quot;:&quot;6&quot;,&quot;pay_type&quot;:&quot;credit&quot;,&quot;type&quot;:&quot;1&quot;,&quot;account&quot;:&quot;2670&quot;,&quot;amount&quot;:&quot;-5&quot;,&quot;tran_date&quot;:&quot;2014-12-31&quot;,&quot;gl_tran_id&quot;:&quot;1363&quot;}'),
('123', '2015-09-05 20:30:44', '{&quot;id&quot;:&quot;7&quot;,&quot;pay_type&quot;:&quot;credit&quot;,&quot;type&quot;:&quot;1&quot;,&quot;account&quot;:&quot;2680&quot;,&quot;amount&quot;:&quot;-209451.95&quot;,&quot;tran_date&quot;:&quot;2014-12-31&quot;,&quot;gl_tran_id&quot;:&quot;1364&quot;}'),
('124', '2015-09-05 20:30:44', '{&quot;id&quot;:&quot;8&quot;,&quot;pay_type&quot;:&quot;credit&quot;,&quot;type&quot;:&quot;1&quot;,&quot;account&quot;:&quot;2250&quot;,&quot;amount&quot;:&quot;-8840&quot;,&quot;tran_date&quot;:&quot;2014-12-31&quot;,&quot;gl_tran_id&quot;:&quot;1365&quot;}'),
('125', '2015-09-05 20:34:30', '{&quot;id&quot;:&quot;1&quot;,&quot;pay_type&quot;:&quot;debit&quot;,&quot;type&quot;:&quot;1&quot;,&quot;account&quot;:&quot;1060&quot;,&quot;amount&quot;:&quot;100&quot;,&quot;tran_date&quot;:&quot;2014-12-31&quot;,&quot;gl_tran_id&quot;:&quot;1358&quot;}'),
('126', '2015-09-05 20:34:30', '{&quot;id&quot;:&quot;2&quot;,&quot;pay_type&quot;:&quot;debit&quot;,&quot;type&quot;:&quot;1&quot;,&quot;account&quot;:&quot;1200&quot;,&quot;amount&quot;:&quot;280446.6&quot;,&quot;tran_date&quot;:&quot;2014-12-31&quot;,&quot;gl_tran_id&quot;:&quot;1359&quot;}'),
('127', '2015-09-05 20:34:30', '{&quot;id&quot;:&quot;3&quot;,&quot;pay_type&quot;:&quot;debit&quot;,&quot;type&quot;:&quot;1&quot;,&quot;account&quot;:&quot;1210&quot;,&quot;amount&quot;:&quot;192024.2&quot;,&quot;tran_date&quot;:&quot;2014-12-31&quot;,&quot;gl_tran_id&quot;:&quot;1360&quot;}'),
('128', '2015-09-05 20:34:30', '{&quot;id&quot;:&quot;4&quot;,&quot;pay_type&quot;:&quot;debit&quot;,&quot;type&quot;:&quot;1&quot;,&quot;account&quot;:&quot;1064&quot;,&quot;amount&quot;:&quot;32286.23&quot;,&quot;tran_date&quot;:&quot;2014-12-31&quot;,&quot;gl_tran_id&quot;:&quot;1361&quot;}'),
('129', '2015-09-05 20:34:30', '{&quot;id&quot;:&quot;10&quot;,&quot;pay_type&quot;:&quot;debit&quot;,&quot;type&quot;:&quot;1&quot;,&quot;account&quot;:&quot;1299&quot;,&quot;amount&quot;:&quot;1022&quot;,&quot;tran_date&quot;:&quot;2014-12-31&quot;,&quot;gl_tran_id&quot;:&quot;1876&quot;}'),
('130', '2015-09-05 20:34:30', '{&quot;id&quot;:&quot;9&quot;,&quot;pay_type&quot;:&quot;debit&quot;,&quot;type&quot;:&quot;1&quot;,&quot;account&quot;:&quot;3590&quot;,&quot;amount&quot;:&quot;0&quot;,&quot;tran_date&quot;:&quot;2014-12-31&quot;,&quot;gl_tran_id&quot;:&quot;1878&quot;}'),
('131', '2015-09-05 20:34:30', '{&quot;id&quot;:&quot;5&quot;,&quot;pay_type&quot;:&quot;credit&quot;,&quot;type&quot;:&quot;1&quot;,&quot;account&quot;:&quot;2100&quot;,&quot;amount&quot;:&quot;-294008.8&quot;,&quot;tran_date&quot;:&quot;2014-12-31&quot;,&quot;gl_tran_id&quot;:&quot;1362&quot;}'),
('132', '2015-09-05 20:34:30', '{&quot;id&quot;:&quot;6&quot;,&quot;pay_type&quot;:&quot;credit&quot;,&quot;type&quot;:&quot;1&quot;,&quot;account&quot;:&quot;2670&quot;,&quot;amount&quot;:&quot;-5&quot;,&quot;tran_date&quot;:&quot;2014-12-31&quot;,&quot;gl_tran_id&quot;:&quot;1363&quot;}'),
('133', '2015-09-05 20:34:30', '{&quot;id&quot;:&quot;7&quot;,&quot;pay_type&quot;:&quot;credit&quot;,&quot;type&quot;:&quot;1&quot;,&quot;account&quot;:&quot;2680&quot;,&quot;amount&quot;:&quot;-209451.95&quot;,&quot;tran_date&quot;:&quot;2014-12-31&quot;,&quot;gl_tran_id&quot;:&quot;1364&quot;}'),
('134', '2015-09-05 20:34:30', '{&quot;id&quot;:&quot;8&quot;,&quot;pay_type&quot;:&quot;credit&quot;,&quot;type&quot;:&quot;1&quot;,&quot;account&quot;:&quot;2250&quot;,&quot;amount&quot;:&quot;-8840&quot;,&quot;tran_date&quot;:&quot;2014-12-31&quot;,&quot;gl_tran_id&quot;:&quot;1365&quot;}'),
('135', '2015-09-05 20:36:03', '{&quot;id&quot;:&quot;1&quot;,&quot;pay_type&quot;:&quot;debit&quot;,&quot;type&quot;:&quot;1&quot;,&quot;account&quot;:&quot;1060&quot;,&quot;amount&quot;:&quot;100&quot;,&quot;tran_date&quot;:&quot;2014-12-31&quot;,&quot;gl_tran_id&quot;:&quot;1358&quot;}'),
('136', '2015-09-05 20:36:03', '{&quot;id&quot;:&quot;2&quot;,&quot;pay_type&quot;:&quot;debit&quot;,&quot;type&quot;:&quot;1&quot;,&quot;account&quot;:&quot;1200&quot;,&quot;amount&quot;:&quot;280446.6&quot;,&quot;tran_date&quot;:&quot;2014-12-31&quot;,&quot;gl_tran_id&quot;:&quot;1359&quot;}'),
('137', '2015-09-05 20:36:03', '{&quot;id&quot;:&quot;3&quot;,&quot;pay_type&quot;:&quot;debit&quot;,&quot;type&quot;:&quot;1&quot;,&quot;account&quot;:&quot;1210&quot;,&quot;amount&quot;:&quot;192024.2&quot;,&quot;tran_date&quot;:&quot;2014-12-31&quot;,&quot;gl_tran_id&quot;:&quot;1360&quot;}'),
('138', '2015-09-05 20:36:03', '{&quot;id&quot;:&quot;4&quot;,&quot;pay_type&quot;:&quot;debit&quot;,&quot;type&quot;:&quot;1&quot;,&quot;account&quot;:&quot;1064&quot;,&quot;amount&quot;:&quot;32286.23&quot;,&quot;tran_date&quot;:&quot;2014-12-31&quot;,&quot;gl_tran_id&quot;:&quot;1361&quot;}'),
('139', '2015-09-05 20:36:03', '{&quot;id&quot;:&quot;9&quot;,&quot;pay_type&quot;:&quot;debit&quot;,&quot;type&quot;:&quot;1&quot;,&quot;account&quot;:&quot;3590&quot;,&quot;amount&quot;:&quot;6425.72&quot;,&quot;tran_date&quot;:&quot;2014-12-31&quot;,&quot;gl_tran_id&quot;:&quot;1878&quot;}'),
('140', '2015-09-05 20:36:03', '{&quot;id&quot;:&quot;5&quot;,&quot;pay_type&quot;:&quot;credit&quot;,&quot;type&quot;:&quot;1&quot;,&quot;account&quot;:&quot;2100&quot;,&quot;amount&quot;:&quot;-294008.8&quot;,&quot;tran_date&quot;:&quot;2014-12-31&quot;,&quot;gl_tran_id&quot;:&quot;1362&quot;}'),
('141', '2015-09-05 20:36:03', '{&quot;id&quot;:&quot;6&quot;,&quot;pay_type&quot;:&quot;credit&quot;,&quot;type&quot;:&quot;1&quot;,&quot;account&quot;:&quot;2670&quot;,&quot;amount&quot;:&quot;-5&quot;,&quot;tran_date&quot;:&quot;2014-12-31&quot;,&quot;gl_tran_id&quot;:&quot;1363&quot;}'),
('142', '2015-09-05 20:36:03', '{&quot;id&quot;:&quot;7&quot;,&quot;pay_type&quot;:&quot;credit&quot;,&quot;type&quot;:&quot;1&quot;,&quot;account&quot;:&quot;2680&quot;,&quot;amount&quot;:&quot;-209451.95&quot;,&quot;tran_date&quot;:&quot;2014-12-31&quot;,&quot;gl_tran_id&quot;:&quot;1364&quot;}'),
('143', '2015-09-05 20:36:03', '{&quot;id&quot;:&quot;8&quot;,&quot;pay_type&quot;:&quot;credit&quot;,&quot;type&quot;:&quot;1&quot;,&quot;account&quot;:&quot;2250&quot;,&quot;amount&quot;:&quot;-8840&quot;,&quot;tran_date&quot;:&quot;2014-12-31&quot;,&quot;gl_tran_id&quot;:&quot;1365&quot;}'),
('144', '2015-09-05 20:37:47', '{&quot;id&quot;:&quot;1&quot;,&quot;pay_type&quot;:&quot;debit&quot;,&quot;type&quot;:&quot;1&quot;,&quot;account&quot;:&quot;1060&quot;,&quot;amount&quot;:&quot;100&quot;,&quot;tran_date&quot;:&quot;2014-12-31&quot;,&quot;gl_tran_id&quot;:&quot;1358&quot;}'),
('145', '2015-09-05 20:37:47', '{&quot;id&quot;:&quot;2&quot;,&quot;pay_type&quot;:&quot;debit&quot;,&quot;type&quot;:&quot;1&quot;,&quot;account&quot;:&quot;1200&quot;,&quot;amount&quot;:&quot;280446.6&quot;,&quot;tran_date&quot;:&quot;2014-12-31&quot;,&quot;gl_tran_id&quot;:&quot;1359&quot;}'),
('146', '2015-09-05 20:37:47', '{&quot;id&quot;:&quot;3&quot;,&quot;pay_type&quot;:&quot;debit&quot;,&quot;type&quot;:&quot;1&quot;,&quot;account&quot;:&quot;1210&quot;,&quot;amount&quot;:&quot;192024.2&quot;,&quot;tran_date&quot;:&quot;2014-12-31&quot;,&quot;gl_tran_id&quot;:&quot;1360&quot;}'),
('147', '2015-09-05 20:37:47', '{&quot;id&quot;:&quot;4&quot;,&quot;pay_type&quot;:&quot;debit&quot;,&quot;type&quot;:&quot;1&quot;,&quot;account&quot;:&quot;1064&quot;,&quot;amount&quot;:&quot;32286.23&quot;,&quot;tran_date&quot;:&quot;2014-12-31&quot;,&quot;gl_tran_id&quot;:&quot;1361&quot;}'),
('148', '2015-09-05 20:37:47', '{&quot;id&quot;:&quot;10&quot;,&quot;pay_type&quot;:&quot;debit&quot;,&quot;type&quot;:&quot;1&quot;,&quot;account&quot;:&quot;1299&quot;,&quot;amount&quot;:&quot;1022&quot;,&quot;tran_date&quot;:&quot;2014-12-31&quot;,&quot;gl_tran_id&quot;:&quot;1876&quot;}'),
('149', '2015-09-05 20:37:47', '{&quot;id&quot;:&quot;9&quot;,&quot;pay_type&quot;:&quot;debit&quot;,&quot;type&quot;:&quot;1&quot;,&quot;account&quot;:&quot;3590&quot;,&quot;amount&quot;:&quot;6425.72&quot;,&quot;tran_date&quot;:&quot;2014-12-31&quot;,&quot;gl_tran_id&quot;:&quot;1878&quot;}'),
('150', '2015-09-05 20:37:47', '{&quot;id&quot;:&quot;12&quot;,&quot;pay_type&quot;:&quot;credit&quot;,&quot;type&quot;:&quot;1&quot;,&quot;account&quot;:&quot;1299&quot;,&quot;amount&quot;:&quot;-1022&quot;,&quot;tran_date&quot;:&quot;2014-12-31&quot;,&quot;gl_tran_id&quot;:&quot;1879&quot;}'),
('151', '2015-09-05 20:37:47', '{&quot;id&quot;:&quot;5&quot;,&quot;pay_type&quot;:&quot;credit&quot;,&quot;type&quot;:&quot;1&quot;,&quot;account&quot;:&quot;2100&quot;,&quot;amount&quot;:&quot;-294008.8&quot;,&quot;tran_date&quot;:&quot;2014-12-31&quot;,&quot;gl_tran_id&quot;:&quot;1362&quot;}'),
('152', '2015-09-05 20:37:47', '{&quot;id&quot;:&quot;6&quot;,&quot;pay_type&quot;:&quot;credit&quot;,&quot;type&quot;:&quot;1&quot;,&quot;account&quot;:&quot;2670&quot;,&quot;amount&quot;:&quot;-5&quot;,&quot;tran_date&quot;:&quot;2014-12-31&quot;,&quot;gl_tran_id&quot;:&quot;1363&quot;}'),
('153', '2015-09-05 20:37:47', '{&quot;id&quot;:&quot;7&quot;,&quot;pay_type&quot;:&quot;credit&quot;,&quot;type&quot;:&quot;1&quot;,&quot;account&quot;:&quot;2680&quot;,&quot;amount&quot;:&quot;-209451.95&quot;,&quot;tran_date&quot;:&quot;2014-12-31&quot;,&quot;gl_tran_id&quot;:&quot;1364&quot;}'),
('154', '2015-09-05 20:37:47', '{&quot;id&quot;:&quot;8&quot;,&quot;pay_type&quot;:&quot;credit&quot;,&quot;type&quot;:&quot;1&quot;,&quot;account&quot;:&quot;2250&quot;,&quot;amount&quot;:&quot;-8840&quot;,&quot;tran_date&quot;:&quot;2014-12-31&quot;,&quot;gl_tran_id&quot;:&quot;1365&quot;}'),
('155', '2015-09-05 20:37:56', '{&quot;id&quot;:&quot;1&quot;,&quot;pay_type&quot;:&quot;debit&quot;,&quot;type&quot;:&quot;1&quot;,&quot;account&quot;:&quot;1060&quot;,&quot;amount&quot;:&quot;100&quot;,&quot;tran_date&quot;:&quot;2014-12-31&quot;,&quot;gl_tran_id&quot;:&quot;1358&quot;}'),
('156', '2015-09-05 20:37:56', '{&quot;id&quot;:&quot;2&quot;,&quot;pay_type&quot;:&quot;debit&quot;,&quot;type&quot;:&quot;1&quot;,&quot;account&quot;:&quot;1200&quot;,&quot;amount&quot;:&quot;280446.6&quot;,&quot;tran_date&quot;:&quot;2014-12-31&quot;,&quot;gl_tran_id&quot;:&quot;1359&quot;}'),
('157', '2015-09-05 20:37:56', '{&quot;id&quot;:&quot;3&quot;,&quot;pay_type&quot;:&quot;debit&quot;,&quot;type&quot;:&quot;1&quot;,&quot;account&quot;:&quot;1210&quot;,&quot;amount&quot;:&quot;192024.2&quot;,&quot;tran_date&quot;:&quot;2014-12-31&quot;,&quot;gl_tran_id&quot;:&quot;1360&quot;}'),
('158', '2015-09-05 20:37:56', '{&quot;id&quot;:&quot;4&quot;,&quot;pay_type&quot;:&quot;debit&quot;,&quot;type&quot;:&quot;1&quot;,&quot;account&quot;:&quot;1064&quot;,&quot;amount&quot;:&quot;32286.23&quot;,&quot;tran_date&quot;:&quot;2014-12-31&quot;,&quot;gl_tran_id&quot;:&quot;1361&quot;}'),
('159', '2015-09-05 20:37:56', '{&quot;id&quot;:&quot;10&quot;,&quot;pay_type&quot;:&quot;debit&quot;,&quot;type&quot;:&quot;1&quot;,&quot;account&quot;:&quot;1299&quot;,&quot;amount&quot;:&quot;1022&quot;,&quot;tran_date&quot;:&quot;2014-12-31&quot;,&quot;gl_tran_id&quot;:&quot;1876&quot;}'),
('160', '2015-09-05 20:37:56', '{&quot;id&quot;:&quot;9&quot;,&quot;pay_type&quot;:&quot;debit&quot;,&quot;type&quot;:&quot;1&quot;,&quot;account&quot;:&quot;3590&quot;,&quot;amount&quot;:&quot;6426.72&quot;,&quot;tran_date&quot;:&quot;2014-12-31&quot;,&quot;gl_tran_id&quot;:&quot;1878&quot;}'),
('161', '2015-09-05 20:37:56', '{&quot;id&quot;:&quot;12&quot;,&quot;pay_type&quot;:&quot;credit&quot;,&quot;type&quot;:&quot;1&quot;,&quot;account&quot;:&quot;1299&quot;,&quot;amount&quot;:&quot;-1022&quot;,&quot;tran_date&quot;:&quot;2014-12-31&quot;,&quot;gl_tran_id&quot;:&quot;1879&quot;}'),
('162', '2015-09-05 20:37:56', '{&quot;id&quot;:&quot;5&quot;,&quot;pay_type&quot;:&quot;credit&quot;,&quot;type&quot;:&quot;1&quot;,&quot;account&quot;:&quot;2100&quot;,&quot;amount&quot;:&quot;-294008.8&quot;,&quot;tran_date&quot;:&quot;2014-12-31&quot;,&quot;gl_tran_id&quot;:&quot;1362&quot;}'),
('163', '2015-09-05 20:37:56', '{&quot;id&quot;:&quot;6&quot;,&quot;pay_type&quot;:&quot;credit&quot;,&quot;type&quot;:&quot;1&quot;,&quot;account&quot;:&quot;2670&quot;,&quot;amount&quot;:&quot;-5&quot;,&quot;tran_date&quot;:&quot;2014-12-31&quot;,&quot;gl_tran_id&quot;:&quot;1363&quot;}'),
('164', '2015-09-05 20:37:56', '{&quot;id&quot;:&quot;7&quot;,&quot;pay_type&quot;:&quot;credit&quot;,&quot;type&quot;:&quot;1&quot;,&quot;account&quot;:&quot;2680&quot;,&quot;amount&quot;:&quot;-209451.95&quot;,&quot;tran_date&quot;:&quot;2014-12-31&quot;,&quot;gl_tran_id&quot;:&quot;1364&quot;}'),
('165', '2015-09-05 20:37:56', '{&quot;id&quot;:&quot;8&quot;,&quot;pay_type&quot;:&quot;credit&quot;,&quot;type&quot;:&quot;1&quot;,&quot;account&quot;:&quot;2250&quot;,&quot;amount&quot;:&quot;-8840&quot;,&quot;tran_date&quot;:&quot;2014-12-31&quot;,&quot;gl_tran_id&quot;:&quot;1365&quot;}'),
('166', '2015-09-05 20:38:02', '{&quot;id&quot;:&quot;1&quot;,&quot;pay_type&quot;:&quot;debit&quot;,&quot;type&quot;:&quot;1&quot;,&quot;account&quot;:&quot;1060&quot;,&quot;amount&quot;:&quot;100&quot;,&quot;tran_date&quot;:&quot;2014-12-31&quot;,&quot;gl_tran_id&quot;:&quot;1358&quot;}'),
('167', '2015-09-05 20:38:02', '{&quot;id&quot;:&quot;2&quot;,&quot;pay_type&quot;:&quot;debit&quot;,&quot;type&quot;:&quot;1&quot;,&quot;account&quot;:&quot;1200&quot;,&quot;amount&quot;:&quot;280446.6&quot;,&quot;tran_date&quot;:&quot;2014-12-31&quot;,&quot;gl_tran_id&quot;:&quot;1359&quot;}'),
('168', '2015-09-05 20:38:02', '{&quot;id&quot;:&quot;3&quot;,&quot;pay_type&quot;:&quot;debit&quot;,&quot;type&quot;:&quot;1&quot;,&quot;account&quot;:&quot;1210&quot;,&quot;amount&quot;:&quot;192024.2&quot;,&quot;tran_date&quot;:&quot;2014-12-31&quot;,&quot;gl_tran_id&quot;:&quot;1360&quot;}'),
('169', '2015-09-05 20:38:02', '{&quot;id&quot;:&quot;4&quot;,&quot;pay_type&quot;:&quot;debit&quot;,&quot;type&quot;:&quot;1&quot;,&quot;account&quot;:&quot;1064&quot;,&quot;amount&quot;:&quot;32286.23&quot;,&quot;tran_date&quot;:&quot;2014-12-31&quot;,&quot;gl_tran_id&quot;:&quot;1361&quot;}');
INSERT INTO `opening_cache` VALUES
('170', '2015-09-05 20:38:02', '{&quot;id&quot;:&quot;10&quot;,&quot;pay_type&quot;:&quot;debit&quot;,&quot;type&quot;:&quot;1&quot;,&quot;account&quot;:&quot;1299&quot;,&quot;amount&quot;:&quot;0&quot;,&quot;tran_date&quot;:&quot;2014-12-31&quot;,&quot;gl_tran_id&quot;:&quot;1876&quot;}'),
('171', '2015-09-05 20:38:02', '{&quot;id&quot;:&quot;9&quot;,&quot;pay_type&quot;:&quot;debit&quot;,&quot;type&quot;:&quot;1&quot;,&quot;account&quot;:&quot;3590&quot;,&quot;amount&quot;:&quot;6426.72&quot;,&quot;tran_date&quot;:&quot;2014-12-31&quot;,&quot;gl_tran_id&quot;:&quot;1878&quot;}'),
('172', '2015-09-05 20:38:02', '{&quot;id&quot;:&quot;5&quot;,&quot;pay_type&quot;:&quot;credit&quot;,&quot;type&quot;:&quot;1&quot;,&quot;account&quot;:&quot;2100&quot;,&quot;amount&quot;:&quot;-294008.8&quot;,&quot;tran_date&quot;:&quot;2014-12-31&quot;,&quot;gl_tran_id&quot;:&quot;1362&quot;}'),
('173', '2015-09-05 20:38:02', '{&quot;id&quot;:&quot;6&quot;,&quot;pay_type&quot;:&quot;credit&quot;,&quot;type&quot;:&quot;1&quot;,&quot;account&quot;:&quot;2670&quot;,&quot;amount&quot;:&quot;-5&quot;,&quot;tran_date&quot;:&quot;2014-12-31&quot;,&quot;gl_tran_id&quot;:&quot;1363&quot;}'),
('174', '2015-09-05 20:38:02', '{&quot;id&quot;:&quot;7&quot;,&quot;pay_type&quot;:&quot;credit&quot;,&quot;type&quot;:&quot;1&quot;,&quot;account&quot;:&quot;2680&quot;,&quot;amount&quot;:&quot;-209451.95&quot;,&quot;tran_date&quot;:&quot;2014-12-31&quot;,&quot;gl_tran_id&quot;:&quot;1364&quot;}'),
('175', '2015-09-05 20:38:02', '{&quot;id&quot;:&quot;8&quot;,&quot;pay_type&quot;:&quot;credit&quot;,&quot;type&quot;:&quot;1&quot;,&quot;account&quot;:&quot;2250&quot;,&quot;amount&quot;:&quot;-8840&quot;,&quot;tran_date&quot;:&quot;2014-12-31&quot;,&quot;gl_tran_id&quot;:&quot;1365&quot;}'),
('176', '2015-09-05 20:38:15', '{&quot;id&quot;:&quot;1&quot;,&quot;pay_type&quot;:&quot;debit&quot;,&quot;type&quot;:&quot;1&quot;,&quot;account&quot;:&quot;1060&quot;,&quot;amount&quot;:&quot;100&quot;,&quot;tran_date&quot;:&quot;2014-12-31&quot;,&quot;gl_tran_id&quot;:&quot;1358&quot;}'),
('177', '2015-09-05 20:38:15', '{&quot;id&quot;:&quot;2&quot;,&quot;pay_type&quot;:&quot;debit&quot;,&quot;type&quot;:&quot;1&quot;,&quot;account&quot;:&quot;1200&quot;,&quot;amount&quot;:&quot;280446.6&quot;,&quot;tran_date&quot;:&quot;2014-12-31&quot;,&quot;gl_tran_id&quot;:&quot;1359&quot;}'),
('178', '2015-09-05 20:38:15', '{&quot;id&quot;:&quot;3&quot;,&quot;pay_type&quot;:&quot;debit&quot;,&quot;type&quot;:&quot;1&quot;,&quot;account&quot;:&quot;1210&quot;,&quot;amount&quot;:&quot;192024.2&quot;,&quot;tran_date&quot;:&quot;2014-12-31&quot;,&quot;gl_tran_id&quot;:&quot;1360&quot;}'),
('179', '2015-09-05 20:38:15', '{&quot;id&quot;:&quot;4&quot;,&quot;pay_type&quot;:&quot;debit&quot;,&quot;type&quot;:&quot;1&quot;,&quot;account&quot;:&quot;1064&quot;,&quot;amount&quot;:&quot;32286.23&quot;,&quot;tran_date&quot;:&quot;2014-12-31&quot;,&quot;gl_tran_id&quot;:&quot;1361&quot;}'),
('180', '2015-09-05 20:38:15', '{&quot;id&quot;:&quot;10&quot;,&quot;pay_type&quot;:&quot;debit&quot;,&quot;type&quot;:&quot;1&quot;,&quot;account&quot;:&quot;1299&quot;,&quot;amount&quot;:&quot;1022&quot;,&quot;tran_date&quot;:&quot;2014-12-31&quot;,&quot;gl_tran_id&quot;:&quot;1876&quot;}'),
('181', '2015-09-05 20:38:15', '{&quot;id&quot;:&quot;9&quot;,&quot;pay_type&quot;:&quot;debit&quot;,&quot;type&quot;:&quot;1&quot;,&quot;account&quot;:&quot;3590&quot;,&quot;amount&quot;:&quot;6426.72&quot;,&quot;tran_date&quot;:&quot;2014-12-31&quot;,&quot;gl_tran_id&quot;:&quot;1878&quot;}'),
('182', '2015-09-05 20:38:15', '{&quot;id&quot;:&quot;12&quot;,&quot;pay_type&quot;:&quot;credit&quot;,&quot;type&quot;:&quot;1&quot;,&quot;account&quot;:&quot;1299&quot;,&quot;amount&quot;:&quot;-1022&quot;,&quot;tran_date&quot;:&quot;2014-12-31&quot;,&quot;gl_tran_id&quot;:&quot;1879&quot;}'),
('183', '2015-09-05 20:38:15', '{&quot;id&quot;:&quot;5&quot;,&quot;pay_type&quot;:&quot;credit&quot;,&quot;type&quot;:&quot;1&quot;,&quot;account&quot;:&quot;2100&quot;,&quot;amount&quot;:&quot;-294008.8&quot;,&quot;tran_date&quot;:&quot;2014-12-31&quot;,&quot;gl_tran_id&quot;:&quot;1362&quot;}'),
('184', '2015-09-05 20:38:15', '{&quot;id&quot;:&quot;6&quot;,&quot;pay_type&quot;:&quot;credit&quot;,&quot;type&quot;:&quot;1&quot;,&quot;account&quot;:&quot;2670&quot;,&quot;amount&quot;:&quot;-5&quot;,&quot;tran_date&quot;:&quot;2014-12-31&quot;,&quot;gl_tran_id&quot;:&quot;1363&quot;}'),
('185', '2015-09-05 20:38:15', '{&quot;id&quot;:&quot;7&quot;,&quot;pay_type&quot;:&quot;credit&quot;,&quot;type&quot;:&quot;1&quot;,&quot;account&quot;:&quot;2680&quot;,&quot;amount&quot;:&quot;-209451.95&quot;,&quot;tran_date&quot;:&quot;2014-12-31&quot;,&quot;gl_tran_id&quot;:&quot;1364&quot;}'),
('186', '2015-09-05 20:38:15', '{&quot;id&quot;:&quot;8&quot;,&quot;pay_type&quot;:&quot;credit&quot;,&quot;type&quot;:&quot;1&quot;,&quot;account&quot;:&quot;2250&quot;,&quot;amount&quot;:&quot;-8840&quot;,&quot;tran_date&quot;:&quot;2014-12-31&quot;,&quot;gl_tran_id&quot;:&quot;1365&quot;}'),
('187', '2015-09-24 11:37:11', '{&quot;id&quot;:&quot;1&quot;,&quot;pay_type&quot;:&quot;debit&quot;,&quot;type&quot;:&quot;1&quot;,&quot;account&quot;:&quot;1060&quot;,&quot;amount&quot;:&quot;100&quot;,&quot;tran_date&quot;:&quot;2014-12-31&quot;,&quot;gl_tran_id&quot;:&quot;1358&quot;}'),
('188', '2015-09-24 11:37:11', '{&quot;id&quot;:&quot;2&quot;,&quot;pay_type&quot;:&quot;debit&quot;,&quot;type&quot;:&quot;1&quot;,&quot;account&quot;:&quot;1200&quot;,&quot;amount&quot;:&quot;280446.6&quot;,&quot;tran_date&quot;:&quot;2014-12-31&quot;,&quot;gl_tran_id&quot;:&quot;1359&quot;}'),
('189', '2015-09-24 11:37:11', '{&quot;id&quot;:&quot;3&quot;,&quot;pay_type&quot;:&quot;debit&quot;,&quot;type&quot;:&quot;1&quot;,&quot;account&quot;:&quot;1210&quot;,&quot;amount&quot;:&quot;192024.2&quot;,&quot;tran_date&quot;:&quot;2014-12-31&quot;,&quot;gl_tran_id&quot;:&quot;1360&quot;}'),
('190', '2015-09-24 11:37:11', '{&quot;id&quot;:&quot;4&quot;,&quot;pay_type&quot;:&quot;debit&quot;,&quot;type&quot;:&quot;1&quot;,&quot;account&quot;:&quot;1064&quot;,&quot;amount&quot;:&quot;32286.23&quot;,&quot;tran_date&quot;:&quot;2014-12-31&quot;,&quot;gl_tran_id&quot;:&quot;1361&quot;}'),
('191', '2015-09-24 11:37:11', '{&quot;id&quot;:&quot;10&quot;,&quot;pay_type&quot;:&quot;debit&quot;,&quot;type&quot;:&quot;1&quot;,&quot;account&quot;:&quot;1299&quot;,&quot;amount&quot;:&quot;1022&quot;,&quot;tran_date&quot;:&quot;2014-12-31&quot;,&quot;gl_tran_id&quot;:&quot;1876&quot;}'),
('192', '2015-09-24 11:37:11', '{&quot;id&quot;:&quot;9&quot;,&quot;pay_type&quot;:&quot;debit&quot;,&quot;type&quot;:&quot;1&quot;,&quot;account&quot;:&quot;3590&quot;,&quot;amount&quot;:&quot;6426.72&quot;,&quot;tran_date&quot;:&quot;2014-12-31&quot;,&quot;gl_tran_id&quot;:&quot;1878&quot;}'),
('193', '2015-09-24 11:37:11', '{&quot;id&quot;:&quot;5&quot;,&quot;pay_type&quot;:&quot;credit&quot;,&quot;type&quot;:&quot;1&quot;,&quot;account&quot;:&quot;2100&quot;,&quot;amount&quot;:&quot;-294008.8&quot;,&quot;tran_date&quot;:&quot;2014-12-31&quot;,&quot;gl_tran_id&quot;:&quot;1362&quot;}'),
('194', '2015-09-24 11:37:11', '{&quot;id&quot;:&quot;6&quot;,&quot;pay_type&quot;:&quot;credit&quot;,&quot;type&quot;:&quot;1&quot;,&quot;account&quot;:&quot;2670&quot;,&quot;amount&quot;:&quot;-5&quot;,&quot;tran_date&quot;:&quot;2014-12-31&quot;,&quot;gl_tran_id&quot;:&quot;1363&quot;}'),
('195', '2015-09-24 11:37:11', '{&quot;id&quot;:&quot;7&quot;,&quot;pay_type&quot;:&quot;credit&quot;,&quot;type&quot;:&quot;1&quot;,&quot;account&quot;:&quot;2680&quot;,&quot;amount&quot;:&quot;-209451.95&quot;,&quot;tran_date&quot;:&quot;2014-12-31&quot;,&quot;gl_tran_id&quot;:&quot;1364&quot;}'),
('196', '2015-09-24 11:37:11', '{&quot;id&quot;:&quot;8&quot;,&quot;pay_type&quot;:&quot;credit&quot;,&quot;type&quot;:&quot;1&quot;,&quot;account&quot;:&quot;2250&quot;,&quot;amount&quot;:&quot;-8840&quot;,&quot;tran_date&quot;:&quot;2014-12-31&quot;,&quot;gl_tran_id&quot;:&quot;1365&quot;}'),
('197', '2015-09-24 11:39:57', '{&quot;id&quot;:&quot;1&quot;,&quot;pay_type&quot;:&quot;debit&quot;,&quot;type&quot;:&quot;1&quot;,&quot;account&quot;:&quot;1060&quot;,&quot;amount&quot;:&quot;100&quot;,&quot;tran_date&quot;:&quot;2014-12-31&quot;,&quot;gl_tran_id&quot;:&quot;1358&quot;}'),
('198', '2015-09-24 11:39:57', '{&quot;id&quot;:&quot;2&quot;,&quot;pay_type&quot;:&quot;debit&quot;,&quot;type&quot;:&quot;1&quot;,&quot;account&quot;:&quot;1200&quot;,&quot;amount&quot;:&quot;280446.6&quot;,&quot;tran_date&quot;:&quot;2014-12-31&quot;,&quot;gl_tran_id&quot;:&quot;1359&quot;}'),
('199', '2015-09-24 11:39:57', '{&quot;id&quot;:&quot;3&quot;,&quot;pay_type&quot;:&quot;debit&quot;,&quot;type&quot;:&quot;1&quot;,&quot;account&quot;:&quot;1210&quot;,&quot;amount&quot;:&quot;192024.2&quot;,&quot;tran_date&quot;:&quot;2014-12-31&quot;,&quot;gl_tran_id&quot;:&quot;1360&quot;}'),
('200', '2015-09-24 11:39:57', '{&quot;id&quot;:&quot;4&quot;,&quot;pay_type&quot;:&quot;debit&quot;,&quot;type&quot;:&quot;1&quot;,&quot;account&quot;:&quot;1064&quot;,&quot;amount&quot;:&quot;32286.23&quot;,&quot;tran_date&quot;:&quot;2014-12-31&quot;,&quot;gl_tran_id&quot;:&quot;1361&quot;}'),
('201', '2015-09-24 11:39:57', '{&quot;id&quot;:&quot;10&quot;,&quot;pay_type&quot;:&quot;debit&quot;,&quot;type&quot;:&quot;1&quot;,&quot;account&quot;:&quot;1299&quot;,&quot;amount&quot;:&quot;1022&quot;,&quot;tran_date&quot;:&quot;2014-12-31&quot;,&quot;gl_tran_id&quot;:&quot;1876&quot;}'),
('202', '2015-09-24 11:39:57', '{&quot;id&quot;:&quot;9&quot;,&quot;pay_type&quot;:&quot;debit&quot;,&quot;type&quot;:&quot;1&quot;,&quot;account&quot;:&quot;3590&quot;,&quot;amount&quot;:&quot;6426.72&quot;,&quot;tran_date&quot;:&quot;2014-12-31&quot;,&quot;gl_tran_id&quot;:&quot;1878&quot;}'),
('203', '2015-09-24 11:39:57', '{&quot;id&quot;:&quot;5&quot;,&quot;pay_type&quot;:&quot;credit&quot;,&quot;type&quot;:&quot;1&quot;,&quot;account&quot;:&quot;2100&quot;,&quot;amount&quot;:&quot;-294008.8&quot;,&quot;tran_date&quot;:&quot;2014-12-31&quot;,&quot;gl_tran_id&quot;:&quot;1362&quot;}'),
('204', '2015-09-24 11:39:57', '{&quot;id&quot;:&quot;6&quot;,&quot;pay_type&quot;:&quot;credit&quot;,&quot;type&quot;:&quot;1&quot;,&quot;account&quot;:&quot;2670&quot;,&quot;amount&quot;:&quot;-5&quot;,&quot;tran_date&quot;:&quot;2014-12-31&quot;,&quot;gl_tran_id&quot;:&quot;1363&quot;}'),
('205', '2015-09-24 11:39:57', '{&quot;id&quot;:&quot;7&quot;,&quot;pay_type&quot;:&quot;credit&quot;,&quot;type&quot;:&quot;1&quot;,&quot;account&quot;:&quot;2680&quot;,&quot;amount&quot;:&quot;-209451.95&quot;,&quot;tran_date&quot;:&quot;2014-12-31&quot;,&quot;gl_tran_id&quot;:&quot;1364&quot;}'),
('206', '2015-09-24 11:39:57', '{&quot;id&quot;:&quot;8&quot;,&quot;pay_type&quot;:&quot;credit&quot;,&quot;type&quot;:&quot;1&quot;,&quot;account&quot;:&quot;2250&quot;,&quot;amount&quot;:&quot;-8840&quot;,&quot;tran_date&quot;:&quot;2014-12-31&quot;,&quot;gl_tran_id&quot;:&quot;1365&quot;}'),
('207', '2015-09-24 11:41:27', '{&quot;id&quot;:&quot;1&quot;,&quot;pay_type&quot;:&quot;debit&quot;,&quot;type&quot;:&quot;1&quot;,&quot;account&quot;:&quot;1060&quot;,&quot;amount&quot;:&quot;100&quot;,&quot;tran_date&quot;:&quot;2014-12-31&quot;,&quot;gl_tran_id&quot;:&quot;1358&quot;}'),
('208', '2015-09-24 11:41:27', '{&quot;id&quot;:&quot;2&quot;,&quot;pay_type&quot;:&quot;debit&quot;,&quot;type&quot;:&quot;1&quot;,&quot;account&quot;:&quot;1200&quot;,&quot;amount&quot;:&quot;280446.6&quot;,&quot;tran_date&quot;:&quot;2014-12-31&quot;,&quot;gl_tran_id&quot;:&quot;1359&quot;}'),
('209', '2015-09-24 11:41:27', '{&quot;id&quot;:&quot;3&quot;,&quot;pay_type&quot;:&quot;debit&quot;,&quot;type&quot;:&quot;1&quot;,&quot;account&quot;:&quot;1210&quot;,&quot;amount&quot;:&quot;192024.2&quot;,&quot;tran_date&quot;:&quot;2014-12-31&quot;,&quot;gl_tran_id&quot;:&quot;1360&quot;}'),
('210', '2015-09-24 11:41:27', '{&quot;id&quot;:&quot;4&quot;,&quot;pay_type&quot;:&quot;debit&quot;,&quot;type&quot;:&quot;1&quot;,&quot;account&quot;:&quot;1064&quot;,&quot;amount&quot;:&quot;32286.23&quot;,&quot;tran_date&quot;:&quot;2014-12-31&quot;,&quot;gl_tran_id&quot;:&quot;1361&quot;}'),
('211', '2015-09-24 11:41:27', '{&quot;id&quot;:&quot;10&quot;,&quot;pay_type&quot;:&quot;debit&quot;,&quot;type&quot;:&quot;1&quot;,&quot;account&quot;:&quot;1299&quot;,&quot;amount&quot;:&quot;1022&quot;,&quot;tran_date&quot;:&quot;2014-12-31&quot;,&quot;gl_tran_id&quot;:&quot;1876&quot;}'),
('212', '2015-09-24 11:41:27', '{&quot;id&quot;:&quot;9&quot;,&quot;pay_type&quot;:&quot;debit&quot;,&quot;type&quot;:&quot;1&quot;,&quot;account&quot;:&quot;3590&quot;,&quot;amount&quot;:&quot;1&quot;,&quot;tran_date&quot;:&quot;2014-12-31&quot;,&quot;gl_tran_id&quot;:&quot;1878&quot;}'),
('213', '2015-09-24 11:41:27', '{&quot;id&quot;:&quot;5&quot;,&quot;pay_type&quot;:&quot;credit&quot;,&quot;type&quot;:&quot;1&quot;,&quot;account&quot;:&quot;2100&quot;,&quot;amount&quot;:&quot;-294008.8&quot;,&quot;tran_date&quot;:&quot;2014-12-31&quot;,&quot;gl_tran_id&quot;:&quot;1362&quot;}'),
('214', '2015-09-24 11:41:27', '{&quot;id&quot;:&quot;6&quot;,&quot;pay_type&quot;:&quot;credit&quot;,&quot;type&quot;:&quot;1&quot;,&quot;account&quot;:&quot;2670&quot;,&quot;amount&quot;:&quot;-5&quot;,&quot;tran_date&quot;:&quot;2014-12-31&quot;,&quot;gl_tran_id&quot;:&quot;1363&quot;}'),
('215', '2015-09-24 11:41:27', '{&quot;id&quot;:&quot;7&quot;,&quot;pay_type&quot;:&quot;credit&quot;,&quot;type&quot;:&quot;1&quot;,&quot;account&quot;:&quot;2680&quot;,&quot;amount&quot;:&quot;-209451.95&quot;,&quot;tran_date&quot;:&quot;2014-12-31&quot;,&quot;gl_tran_id&quot;:&quot;1364&quot;}'),
('216', '2015-09-24 11:41:27', '{&quot;id&quot;:&quot;8&quot;,&quot;pay_type&quot;:&quot;credit&quot;,&quot;type&quot;:&quot;1&quot;,&quot;account&quot;:&quot;2250&quot;,&quot;amount&quot;:&quot;-8840&quot;,&quot;tran_date&quot;:&quot;2014-12-31&quot;,&quot;gl_tran_id&quot;:&quot;1365&quot;}'),
('217', '2015-09-24 17:09:42', '{&quot;id&quot;:&quot;1&quot;,&quot;pay_type&quot;:&quot;debit&quot;,&quot;type&quot;:&quot;1&quot;,&quot;account&quot;:&quot;1060&quot;,&quot;amount&quot;:&quot;100&quot;,&quot;tran_date&quot;:&quot;2014-12-31&quot;,&quot;gl_tran_id&quot;:&quot;1358&quot;}'),
('218', '2015-09-24 17:09:42', '{&quot;id&quot;:&quot;2&quot;,&quot;pay_type&quot;:&quot;debit&quot;,&quot;type&quot;:&quot;1&quot;,&quot;account&quot;:&quot;1200&quot;,&quot;amount&quot;:&quot;280446.6&quot;,&quot;tran_date&quot;:&quot;2014-12-31&quot;,&quot;gl_tran_id&quot;:&quot;1359&quot;}'),
('219', '2015-09-24 17:09:42', '{&quot;id&quot;:&quot;3&quot;,&quot;pay_type&quot;:&quot;debit&quot;,&quot;type&quot;:&quot;1&quot;,&quot;account&quot;:&quot;1210&quot;,&quot;amount&quot;:&quot;192024.2&quot;,&quot;tran_date&quot;:&quot;2014-12-31&quot;,&quot;gl_tran_id&quot;:&quot;1360&quot;}'),
('220', '2015-09-24 17:09:42', '{&quot;id&quot;:&quot;4&quot;,&quot;pay_type&quot;:&quot;debit&quot;,&quot;type&quot;:&quot;1&quot;,&quot;account&quot;:&quot;1064&quot;,&quot;amount&quot;:&quot;32286.23&quot;,&quot;tran_date&quot;:&quot;2014-12-31&quot;,&quot;gl_tran_id&quot;:&quot;1361&quot;}'),
('221', '2015-09-24 17:09:42', '{&quot;id&quot;:&quot;10&quot;,&quot;pay_type&quot;:&quot;debit&quot;,&quot;type&quot;:&quot;1&quot;,&quot;account&quot;:&quot;1299&quot;,&quot;amount&quot;:&quot;1022&quot;,&quot;tran_date&quot;:&quot;2014-12-31&quot;,&quot;gl_tran_id&quot;:&quot;1876&quot;}'),
('222', '2015-09-24 17:09:42', '{&quot;id&quot;:&quot;9&quot;,&quot;pay_type&quot;:&quot;debit&quot;,&quot;type&quot;:&quot;1&quot;,&quot;account&quot;:&quot;3590&quot;,&quot;amount&quot;:&quot;6426.72&quot;,&quot;tran_date&quot;:&quot;2014-12-31&quot;,&quot;gl_tran_id&quot;:&quot;1878&quot;}'),
('223', '2015-09-24 17:09:42', '{&quot;id&quot;:&quot;5&quot;,&quot;pay_type&quot;:&quot;credit&quot;,&quot;type&quot;:&quot;1&quot;,&quot;account&quot;:&quot;2100&quot;,&quot;amount&quot;:&quot;-294008.8&quot;,&quot;tran_date&quot;:&quot;2014-12-31&quot;,&quot;gl_tran_id&quot;:&quot;1362&quot;}'),
('224', '2015-09-24 17:09:42', '{&quot;id&quot;:&quot;6&quot;,&quot;pay_type&quot;:&quot;credit&quot;,&quot;type&quot;:&quot;1&quot;,&quot;account&quot;:&quot;2670&quot;,&quot;amount&quot;:&quot;-5&quot;,&quot;tran_date&quot;:&quot;2014-12-31&quot;,&quot;gl_tran_id&quot;:&quot;1363&quot;}'),
('225', '2015-09-24 17:09:42', '{&quot;id&quot;:&quot;7&quot;,&quot;pay_type&quot;:&quot;credit&quot;,&quot;type&quot;:&quot;1&quot;,&quot;account&quot;:&quot;2680&quot;,&quot;amount&quot;:&quot;-209451.95&quot;,&quot;tran_date&quot;:&quot;2014-12-31&quot;,&quot;gl_tran_id&quot;:&quot;1364&quot;}'),
('226', '2015-09-24 17:09:42', '{&quot;id&quot;:&quot;8&quot;,&quot;pay_type&quot;:&quot;credit&quot;,&quot;type&quot;:&quot;1&quot;,&quot;account&quot;:&quot;2250&quot;,&quot;amount&quot;:&quot;-8840&quot;,&quot;tran_date&quot;:&quot;2014-12-31&quot;,&quot;gl_tran_id&quot;:&quot;1365&quot;}'),
('227', '2015-09-24 17:11:09', '{&quot;id&quot;:&quot;1&quot;,&quot;pay_type&quot;:&quot;debit&quot;,&quot;type&quot;:&quot;1&quot;,&quot;account&quot;:&quot;1060&quot;,&quot;amount&quot;:&quot;100&quot;,&quot;tran_date&quot;:&quot;2014-12-31&quot;,&quot;gl_tran_id&quot;:&quot;1358&quot;}'),
('228', '2015-09-24 17:11:09', '{&quot;id&quot;:&quot;2&quot;,&quot;pay_type&quot;:&quot;debit&quot;,&quot;type&quot;:&quot;1&quot;,&quot;account&quot;:&quot;1200&quot;,&quot;amount&quot;:&quot;280446.6&quot;,&quot;tran_date&quot;:&quot;2014-12-31&quot;,&quot;gl_tran_id&quot;:&quot;1359&quot;}'),
('229', '2015-09-24 17:11:09', '{&quot;id&quot;:&quot;3&quot;,&quot;pay_type&quot;:&quot;debit&quot;,&quot;type&quot;:&quot;1&quot;,&quot;account&quot;:&quot;1210&quot;,&quot;amount&quot;:&quot;192024.2&quot;,&quot;tran_date&quot;:&quot;2014-12-31&quot;,&quot;gl_tran_id&quot;:&quot;1360&quot;}'),
('230', '2015-09-24 17:11:09', '{&quot;id&quot;:&quot;4&quot;,&quot;pay_type&quot;:&quot;debit&quot;,&quot;type&quot;:&quot;1&quot;,&quot;account&quot;:&quot;1064&quot;,&quot;amount&quot;:&quot;32286.23&quot;,&quot;tran_date&quot;:&quot;2014-12-31&quot;,&quot;gl_tran_id&quot;:&quot;1361&quot;}'),
('231', '2015-09-24 17:11:09', '{&quot;id&quot;:&quot;10&quot;,&quot;pay_type&quot;:&quot;debit&quot;,&quot;type&quot;:&quot;1&quot;,&quot;account&quot;:&quot;1299&quot;,&quot;amount&quot;:&quot;1022&quot;,&quot;tran_date&quot;:&quot;2014-12-31&quot;,&quot;gl_tran_id&quot;:&quot;1876&quot;}'),
('232', '2015-09-24 17:11:09', '{&quot;id&quot;:&quot;9&quot;,&quot;pay_type&quot;:&quot;debit&quot;,&quot;type&quot;:&quot;1&quot;,&quot;account&quot;:&quot;3590&quot;,&quot;amount&quot;:&quot;0&quot;,&quot;tran_date&quot;:&quot;2014-12-31&quot;,&quot;gl_tran_id&quot;:&quot;1878&quot;}'),
('233', '2015-09-24 17:11:09', '{&quot;id&quot;:&quot;5&quot;,&quot;pay_type&quot;:&quot;credit&quot;,&quot;type&quot;:&quot;1&quot;,&quot;account&quot;:&quot;2100&quot;,&quot;amount&quot;:&quot;-294008.8&quot;,&quot;tran_date&quot;:&quot;2014-12-31&quot;,&quot;gl_tran_id&quot;:&quot;1362&quot;}'),
('234', '2015-09-24 17:11:09', '{&quot;id&quot;:&quot;6&quot;,&quot;pay_type&quot;:&quot;credit&quot;,&quot;type&quot;:&quot;1&quot;,&quot;account&quot;:&quot;2670&quot;,&quot;amount&quot;:&quot;-5&quot;,&quot;tran_date&quot;:&quot;2014-12-31&quot;,&quot;gl_tran_id&quot;:&quot;1363&quot;}'),
('235', '2015-09-24 17:11:09', '{&quot;id&quot;:&quot;7&quot;,&quot;pay_type&quot;:&quot;credit&quot;,&quot;type&quot;:&quot;1&quot;,&quot;account&quot;:&quot;2680&quot;,&quot;amount&quot;:&quot;-209451.95&quot;,&quot;tran_date&quot;:&quot;2014-12-31&quot;,&quot;gl_tran_id&quot;:&quot;1364&quot;}'),
('236', '2015-09-24 17:11:09', '{&quot;id&quot;:&quot;8&quot;,&quot;pay_type&quot;:&quot;credit&quot;,&quot;type&quot;:&quot;1&quot;,&quot;account&quot;:&quot;2250&quot;,&quot;amount&quot;:&quot;-8840&quot;,&quot;tran_date&quot;:&quot;2014-12-31&quot;,&quot;gl_tran_id&quot;:&quot;1365&quot;}'),
('237', '2015-09-24 17:37:24', '{&quot;id&quot;:&quot;1&quot;,&quot;pay_type&quot;:&quot;debit&quot;,&quot;type&quot;:&quot;1&quot;,&quot;account&quot;:&quot;1060&quot;,&quot;amount&quot;:&quot;100&quot;,&quot;tran_date&quot;:&quot;2014-12-31&quot;,&quot;gl_tran_id&quot;:&quot;1358&quot;}'),
('238', '2015-09-24 17:37:24', '{&quot;id&quot;:&quot;2&quot;,&quot;pay_type&quot;:&quot;debit&quot;,&quot;type&quot;:&quot;1&quot;,&quot;account&quot;:&quot;1200&quot;,&quot;amount&quot;:&quot;280446.6&quot;,&quot;tran_date&quot;:&quot;2014-12-31&quot;,&quot;gl_tran_id&quot;:&quot;1359&quot;}'),
('239', '2015-09-24 17:37:24', '{&quot;id&quot;:&quot;3&quot;,&quot;pay_type&quot;:&quot;debit&quot;,&quot;type&quot;:&quot;1&quot;,&quot;account&quot;:&quot;1210&quot;,&quot;amount&quot;:&quot;192024.2&quot;,&quot;tran_date&quot;:&quot;2014-12-31&quot;,&quot;gl_tran_id&quot;:&quot;1360&quot;}'),
('240', '2015-09-24 17:37:24', '{&quot;id&quot;:&quot;4&quot;,&quot;pay_type&quot;:&quot;debit&quot;,&quot;type&quot;:&quot;1&quot;,&quot;account&quot;:&quot;1064&quot;,&quot;amount&quot;:&quot;32286.23&quot;,&quot;tran_date&quot;:&quot;2014-12-31&quot;,&quot;gl_tran_id&quot;:&quot;1361&quot;}'),
('241', '2015-09-24 17:37:24', '{&quot;id&quot;:&quot;10&quot;,&quot;pay_type&quot;:&quot;debit&quot;,&quot;type&quot;:&quot;1&quot;,&quot;account&quot;:&quot;1299&quot;,&quot;amount&quot;:&quot;1022&quot;,&quot;tran_date&quot;:&quot;2014-12-31&quot;,&quot;gl_tran_id&quot;:&quot;1876&quot;}'),
('242', '2015-09-24 17:37:24', '{&quot;id&quot;:&quot;9&quot;,&quot;pay_type&quot;:&quot;debit&quot;,&quot;type&quot;:&quot;1&quot;,&quot;account&quot;:&quot;3590&quot;,&quot;amount&quot;:&quot;5318&quot;,&quot;tran_date&quot;:&quot;2014-12-31&quot;,&quot;gl_tran_id&quot;:&quot;1878&quot;}'),
('243', '2015-09-24 17:37:24', '{&quot;id&quot;:&quot;5&quot;,&quot;pay_type&quot;:&quot;credit&quot;,&quot;type&quot;:&quot;1&quot;,&quot;account&quot;:&quot;2100&quot;,&quot;amount&quot;:&quot;-294008.8&quot;,&quot;tran_date&quot;:&quot;2014-12-31&quot;,&quot;gl_tran_id&quot;:&quot;1362&quot;}'),
('244', '2015-09-24 17:37:24', '{&quot;id&quot;:&quot;6&quot;,&quot;pay_type&quot;:&quot;credit&quot;,&quot;type&quot;:&quot;1&quot;,&quot;account&quot;:&quot;2670&quot;,&quot;amount&quot;:&quot;-5&quot;,&quot;tran_date&quot;:&quot;2014-12-31&quot;,&quot;gl_tran_id&quot;:&quot;1363&quot;}'),
('245', '2015-09-24 17:37:24', '{&quot;id&quot;:&quot;7&quot;,&quot;pay_type&quot;:&quot;credit&quot;,&quot;type&quot;:&quot;1&quot;,&quot;account&quot;:&quot;2680&quot;,&quot;amount&quot;:&quot;-209451.95&quot;,&quot;tran_date&quot;:&quot;2014-12-31&quot;,&quot;gl_tran_id&quot;:&quot;1364&quot;}'),
('246', '2015-09-24 17:37:24', '{&quot;id&quot;:&quot;8&quot;,&quot;pay_type&quot;:&quot;credit&quot;,&quot;type&quot;:&quot;1&quot;,&quot;account&quot;:&quot;2250&quot;,&quot;amount&quot;:&quot;-8840&quot;,&quot;tran_date&quot;:&quot;2014-12-31&quot;,&quot;gl_tran_id&quot;:&quot;1365&quot;}'),
('247', '2015-09-24 17:38:18', '{&quot;id&quot;:&quot;1&quot;,&quot;pay_type&quot;:&quot;debit&quot;,&quot;type&quot;:&quot;1&quot;,&quot;account&quot;:&quot;1060&quot;,&quot;amount&quot;:&quot;100&quot;,&quot;tran_date&quot;:&quot;2014-12-31&quot;,&quot;gl_tran_id&quot;:&quot;1358&quot;}'),
('248', '2015-09-24 17:38:18', '{&quot;id&quot;:&quot;2&quot;,&quot;pay_type&quot;:&quot;debit&quot;,&quot;type&quot;:&quot;1&quot;,&quot;account&quot;:&quot;1200&quot;,&quot;amount&quot;:&quot;280446.6&quot;,&quot;tran_date&quot;:&quot;2014-12-31&quot;,&quot;gl_tran_id&quot;:&quot;1359&quot;}'),
('249', '2015-09-24 17:38:18', '{&quot;id&quot;:&quot;3&quot;,&quot;pay_type&quot;:&quot;debit&quot;,&quot;type&quot;:&quot;1&quot;,&quot;account&quot;:&quot;1210&quot;,&quot;amount&quot;:&quot;192024.2&quot;,&quot;tran_date&quot;:&quot;2014-12-31&quot;,&quot;gl_tran_id&quot;:&quot;1360&quot;}'),
('250', '2015-09-24 17:38:18', '{&quot;id&quot;:&quot;4&quot;,&quot;pay_type&quot;:&quot;debit&quot;,&quot;type&quot;:&quot;1&quot;,&quot;account&quot;:&quot;1064&quot;,&quot;amount&quot;:&quot;32286.23&quot;,&quot;tran_date&quot;:&quot;2014-12-31&quot;,&quot;gl_tran_id&quot;:&quot;1361&quot;}'),
('251', '2015-09-24 17:38:18', '{&quot;id&quot;:&quot;10&quot;,&quot;pay_type&quot;:&quot;debit&quot;,&quot;type&quot;:&quot;1&quot;,&quot;account&quot;:&quot;1299&quot;,&quot;amount&quot;:&quot;1022&quot;,&quot;tran_date&quot;:&quot;2014-12-31&quot;,&quot;gl_tran_id&quot;:&quot;1876&quot;}'),
('252', '2015-09-24 17:38:18', '{&quot;id&quot;:&quot;5&quot;,&quot;pay_type&quot;:&quot;credit&quot;,&quot;type&quot;:&quot;1&quot;,&quot;account&quot;:&quot;2100&quot;,&quot;amount&quot;:&quot;-294008.8&quot;,&quot;tran_date&quot;:&quot;2014-12-31&quot;,&quot;gl_tran_id&quot;:&quot;1362&quot;}'),
('253', '2015-09-24 17:38:18', '{&quot;id&quot;:&quot;6&quot;,&quot;pay_type&quot;:&quot;credit&quot;,&quot;type&quot;:&quot;1&quot;,&quot;account&quot;:&quot;2670&quot;,&quot;amount&quot;:&quot;-5&quot;,&quot;tran_date&quot;:&quot;2014-12-31&quot;,&quot;gl_tran_id&quot;:&quot;1363&quot;}'),
('254', '2015-09-24 17:38:18', '{&quot;id&quot;:&quot;7&quot;,&quot;pay_type&quot;:&quot;credit&quot;,&quot;type&quot;:&quot;1&quot;,&quot;account&quot;:&quot;2680&quot;,&quot;amount&quot;:&quot;-209451.95&quot;,&quot;tran_date&quot;:&quot;2014-12-31&quot;,&quot;gl_tran_id&quot;:&quot;1364&quot;}'),
('255', '2015-09-24 17:38:18', '{&quot;id&quot;:&quot;8&quot;,&quot;pay_type&quot;:&quot;credit&quot;,&quot;type&quot;:&quot;1&quot;,&quot;account&quot;:&quot;2250&quot;,&quot;amount&quot;:&quot;-8840&quot;,&quot;tran_date&quot;:&quot;2014-12-31&quot;,&quot;gl_tran_id&quot;:&quot;1365&quot;}'),
('256', '2015-09-24 17:38:18', '{&quot;id&quot;:&quot;13&quot;,&quot;pay_type&quot;:&quot;credit&quot;,&quot;type&quot;:&quot;1&quot;,&quot;account&quot;:&quot;3350&quot;,&quot;amount&quot;:&quot;-100&quot;,&quot;tran_date&quot;:&quot;2014-12-31&quot;,&quot;gl_tran_id&quot;:&quot;1982&quot;}'),
('257', '2015-09-24 17:38:23', '{&quot;id&quot;:&quot;1&quot;,&quot;pay_type&quot;:&quot;debit&quot;,&quot;type&quot;:&quot;1&quot;,&quot;account&quot;:&quot;1060&quot;,&quot;amount&quot;:&quot;100&quot;,&quot;tran_date&quot;:&quot;2014-12-31&quot;,&quot;gl_tran_id&quot;:&quot;1358&quot;}'),
('258', '2015-09-24 17:38:23', '{&quot;id&quot;:&quot;2&quot;,&quot;pay_type&quot;:&quot;debit&quot;,&quot;type&quot;:&quot;1&quot;,&quot;account&quot;:&quot;1200&quot;,&quot;amount&quot;:&quot;280446.6&quot;,&quot;tran_date&quot;:&quot;2014-12-31&quot;,&quot;gl_tran_id&quot;:&quot;1359&quot;}'),
('259', '2015-09-24 17:38:23', '{&quot;id&quot;:&quot;3&quot;,&quot;pay_type&quot;:&quot;debit&quot;,&quot;type&quot;:&quot;1&quot;,&quot;account&quot;:&quot;1210&quot;,&quot;amount&quot;:&quot;192024.2&quot;,&quot;tran_date&quot;:&quot;2014-12-31&quot;,&quot;gl_tran_id&quot;:&quot;1360&quot;}'),
('260', '2015-09-24 17:38:23', '{&quot;id&quot;:&quot;4&quot;,&quot;pay_type&quot;:&quot;debit&quot;,&quot;type&quot;:&quot;1&quot;,&quot;account&quot;:&quot;1064&quot;,&quot;amount&quot;:&quot;32286.23&quot;,&quot;tran_date&quot;:&quot;2014-12-31&quot;,&quot;gl_tran_id&quot;:&quot;1361&quot;}'),
('261', '2015-09-24 17:38:23', '{&quot;id&quot;:&quot;10&quot;,&quot;pay_type&quot;:&quot;debit&quot;,&quot;type&quot;:&quot;1&quot;,&quot;account&quot;:&quot;1299&quot;,&quot;amount&quot;:&quot;1022&quot;,&quot;tran_date&quot;:&quot;2014-12-31&quot;,&quot;gl_tran_id&quot;:&quot;1876&quot;}'),
('262', '2015-09-24 17:38:23', '{&quot;id&quot;:&quot;9&quot;,&quot;pay_type&quot;:&quot;debit&quot;,&quot;type&quot;:&quot;1&quot;,&quot;account&quot;:&quot;3590&quot;,&quot;amount&quot;:&quot;5318&quot;,&quot;tran_date&quot;:&quot;2014-12-31&quot;,&quot;gl_tran_id&quot;:&quot;1878&quot;}'),
('263', '2015-09-24 17:38:23', '{&quot;id&quot;:&quot;5&quot;,&quot;pay_type&quot;:&quot;credit&quot;,&quot;type&quot;:&quot;1&quot;,&quot;account&quot;:&quot;2100&quot;,&quot;amount&quot;:&quot;-294008.8&quot;,&quot;tran_date&quot;:&quot;2014-12-31&quot;,&quot;gl_tran_id&quot;:&quot;1362&quot;}'),
('264', '2015-09-24 17:38:23', '{&quot;id&quot;:&quot;6&quot;,&quot;pay_type&quot;:&quot;credit&quot;,&quot;type&quot;:&quot;1&quot;,&quot;account&quot;:&quot;2670&quot;,&quot;amount&quot;:&quot;-5&quot;,&quot;tran_date&quot;:&quot;2014-12-31&quot;,&quot;gl_tran_id&quot;:&quot;1363&quot;}'),
('265', '2015-09-24 17:38:23', '{&quot;id&quot;:&quot;7&quot;,&quot;pay_type&quot;:&quot;credit&quot;,&quot;type&quot;:&quot;1&quot;,&quot;account&quot;:&quot;2680&quot;,&quot;amount&quot;:&quot;-209451.95&quot;,&quot;tran_date&quot;:&quot;2014-12-31&quot;,&quot;gl_tran_id&quot;:&quot;1364&quot;}'),
('266', '2015-09-24 17:38:23', '{&quot;id&quot;:&quot;8&quot;,&quot;pay_type&quot;:&quot;credit&quot;,&quot;type&quot;:&quot;1&quot;,&quot;account&quot;:&quot;2250&quot;,&quot;amount&quot;:&quot;-8840&quot;,&quot;tran_date&quot;:&quot;2014-12-31&quot;,&quot;gl_tran_id&quot;:&quot;1365&quot;}'),
('267', '2015-09-24 17:38:23', '{&quot;id&quot;:&quot;13&quot;,&quot;pay_type&quot;:&quot;credit&quot;,&quot;type&quot;:&quot;1&quot;,&quot;account&quot;:&quot;3350&quot;,&quot;amount&quot;:&quot;-100&quot;,&quot;tran_date&quot;:&quot;2014-12-31&quot;,&quot;gl_tran_id&quot;:&quot;1982&quot;}'),
('268', '2015-09-24 17:39:23', '{&quot;id&quot;:&quot;1&quot;,&quot;pay_type&quot;:&quot;debit&quot;,&quot;type&quot;:&quot;1&quot;,&quot;account&quot;:&quot;1060&quot;,&quot;amount&quot;:&quot;100&quot;,&quot;tran_date&quot;:&quot;2014-12-31&quot;,&quot;gl_tran_id&quot;:&quot;1358&quot;}'),
('269', '2015-09-24 17:39:23', '{&quot;id&quot;:&quot;2&quot;,&quot;pay_type&quot;:&quot;debit&quot;,&quot;type&quot;:&quot;1&quot;,&quot;account&quot;:&quot;1200&quot;,&quot;amount&quot;:&quot;280446.6&quot;,&quot;tran_date&quot;:&quot;2014-12-31&quot;,&quot;gl_tran_id&quot;:&quot;1359&quot;}'),
('270', '2015-09-24 17:39:23', '{&quot;id&quot;:&quot;3&quot;,&quot;pay_type&quot;:&quot;debit&quot;,&quot;type&quot;:&quot;1&quot;,&quot;account&quot;:&quot;1210&quot;,&quot;amount&quot;:&quot;192024.2&quot;,&quot;tran_date&quot;:&quot;2014-12-31&quot;,&quot;gl_tran_id&quot;:&quot;1360&quot;}'),
('271', '2015-09-24 17:39:23', '{&quot;id&quot;:&quot;4&quot;,&quot;pay_type&quot;:&quot;debit&quot;,&quot;type&quot;:&quot;1&quot;,&quot;account&quot;:&quot;1064&quot;,&quot;amount&quot;:&quot;32286.23&quot;,&quot;tran_date&quot;:&quot;2014-12-31&quot;,&quot;gl_tran_id&quot;:&quot;1361&quot;}'),
('272', '2015-09-24 17:39:23', '{&quot;id&quot;:&quot;10&quot;,&quot;pay_type&quot;:&quot;debit&quot;,&quot;type&quot;:&quot;1&quot;,&quot;account&quot;:&quot;1299&quot;,&quot;amount&quot;:&quot;1022&quot;,&quot;tran_date&quot;:&quot;2014-12-31&quot;,&quot;gl_tran_id&quot;:&quot;1876&quot;}'),
('273', '2015-09-24 17:39:23', '{&quot;id&quot;:&quot;5&quot;,&quot;pay_type&quot;:&quot;credit&quot;,&quot;type&quot;:&quot;1&quot;,&quot;account&quot;:&quot;2100&quot;,&quot;amount&quot;:&quot;-294008.8&quot;,&quot;tran_date&quot;:&quot;2014-12-31&quot;,&quot;gl_tran_id&quot;:&quot;1362&quot;}'),
('274', '2015-09-24 17:39:23', '{&quot;id&quot;:&quot;6&quot;,&quot;pay_type&quot;:&quot;credit&quot;,&quot;type&quot;:&quot;1&quot;,&quot;account&quot;:&quot;2670&quot;,&quot;amount&quot;:&quot;-5&quot;,&quot;tran_date&quot;:&quot;2014-12-31&quot;,&quot;gl_tran_id&quot;:&quot;1363&quot;}'),
('275', '2015-09-24 17:39:23', '{&quot;id&quot;:&quot;7&quot;,&quot;pay_type&quot;:&quot;credit&quot;,&quot;type&quot;:&quot;1&quot;,&quot;account&quot;:&quot;2680&quot;,&quot;amount&quot;:&quot;-209451.95&quot;,&quot;tran_date&quot;:&quot;2014-12-31&quot;,&quot;gl_tran_id&quot;:&quot;1364&quot;}'),
('276', '2015-09-24 17:39:23', '{&quot;id&quot;:&quot;8&quot;,&quot;pay_type&quot;:&quot;credit&quot;,&quot;type&quot;:&quot;1&quot;,&quot;account&quot;:&quot;2250&quot;,&quot;amount&quot;:&quot;-8840&quot;,&quot;tran_date&quot;:&quot;2014-12-31&quot;,&quot;gl_tran_id&quot;:&quot;1365&quot;}'),
('277', '2015-09-24 17:39:23', '{&quot;id&quot;:&quot;13&quot;,&quot;pay_type&quot;:&quot;credit&quot;,&quot;type&quot;:&quot;1&quot;,&quot;account&quot;:&quot;3350&quot;,&quot;amount&quot;:&quot;-100&quot;,&quot;tran_date&quot;:&quot;2014-12-31&quot;,&quot;gl_tran_id&quot;:&quot;1982&quot;}'),
('278', '2015-09-24 17:40:00', '{&quot;id&quot;:&quot;2&quot;,&quot;pay_type&quot;:&quot;debit&quot;,&quot;type&quot;:&quot;1&quot;,&quot;account&quot;:&quot;1200&quot;,&quot;amount&quot;:&quot;280446.6&quot;,&quot;tran_date&quot;:&quot;2014-12-31&quot;,&quot;gl_tran_id&quot;:&quot;1359&quot;}'),
('279', '2015-09-24 17:40:00', '{&quot;id&quot;:&quot;3&quot;,&quot;pay_type&quot;:&quot;debit&quot;,&quot;type&quot;:&quot;1&quot;,&quot;account&quot;:&quot;1210&quot;,&quot;amount&quot;:&quot;192024.2&quot;,&quot;tran_date&quot;:&quot;2014-12-31&quot;,&quot;gl_tran_id&quot;:&quot;1360&quot;}'),
('280', '2015-09-24 17:40:00', '{&quot;id&quot;:&quot;4&quot;,&quot;pay_type&quot;:&quot;debit&quot;,&quot;type&quot;:&quot;1&quot;,&quot;account&quot;:&quot;1064&quot;,&quot;amount&quot;:&quot;32286.23&quot;,&quot;tran_date&quot;:&quot;2014-12-31&quot;,&quot;gl_tran_id&quot;:&quot;1361&quot;}'),
('281', '2015-09-24 17:40:00', '{&quot;id&quot;:&quot;10&quot;,&quot;pay_type&quot;:&quot;debit&quot;,&quot;type&quot;:&quot;1&quot;,&quot;account&quot;:&quot;1299&quot;,&quot;amount&quot;:&quot;1022&quot;,&quot;tran_date&quot;:&quot;2014-12-31&quot;,&quot;gl_tran_id&quot;:&quot;1876&quot;}'),
('282', '2015-09-24 17:40:00', '{&quot;id&quot;:&quot;5&quot;,&quot;pay_type&quot;:&quot;credit&quot;,&quot;type&quot;:&quot;1&quot;,&quot;account&quot;:&quot;2100&quot;,&quot;amount&quot;:&quot;-294008.8&quot;,&quot;tran_date&quot;:&quot;2014-12-31&quot;,&quot;gl_tran_id&quot;:&quot;1362&quot;}'),
('283', '2015-09-24 17:40:00', '{&quot;id&quot;:&quot;6&quot;,&quot;pay_type&quot;:&quot;credit&quot;,&quot;type&quot;:&quot;1&quot;,&quot;account&quot;:&quot;2670&quot;,&quot;amount&quot;:&quot;-5&quot;,&quot;tran_date&quot;:&quot;2014-12-31&quot;,&quot;gl_tran_id&quot;:&quot;1363&quot;}'),
('284', '2015-09-24 17:40:00', '{&quot;id&quot;:&quot;7&quot;,&quot;pay_type&quot;:&quot;credit&quot;,&quot;type&quot;:&quot;1&quot;,&quot;account&quot;:&quot;2680&quot;,&quot;amount&quot;:&quot;-209451.95&quot;,&quot;tran_date&quot;:&quot;2014-12-31&quot;,&quot;gl_tran_id&quot;:&quot;1364&quot;}'),
('285', '2015-09-24 17:40:00', '{&quot;id&quot;:&quot;8&quot;,&quot;pay_type&quot;:&quot;credit&quot;,&quot;type&quot;:&quot;1&quot;,&quot;account&quot;:&quot;2250&quot;,&quot;amount&quot;:&quot;-8840&quot;,&quot;tran_date&quot;:&quot;2014-12-31&quot;,&quot;gl_tran_id&quot;:&quot;1365&quot;}'),
('286', '2015-09-24 17:40:00', '{&quot;id&quot;:&quot;13&quot;,&quot;pay_type&quot;:&quot;credit&quot;,&quot;type&quot;:&quot;1&quot;,&quot;account&quot;:&quot;3350&quot;,&quot;amount&quot;:&quot;-100&quot;,&quot;tran_date&quot;:&quot;2014-12-31&quot;,&quot;gl_tran_id&quot;:&quot;1982&quot;}'),
('287', '2015-09-24 17:40:14', '{&quot;id&quot;:&quot;2&quot;,&quot;pay_type&quot;:&quot;debit&quot;,&quot;type&quot;:&quot;1&quot;,&quot;account&quot;:&quot;1200&quot;,&quot;amount&quot;:&quot;280446.6&quot;,&quot;tran_date&quot;:&quot;2014-12-31&quot;,&quot;gl_tran_id&quot;:&quot;1359&quot;}'),
('288', '2015-09-24 17:40:14', '{&quot;id&quot;:&quot;3&quot;,&quot;pay_type&quot;:&quot;debit&quot;,&quot;type&quot;:&quot;1&quot;,&quot;account&quot;:&quot;1210&quot;,&quot;amount&quot;:&quot;192024.2&quot;,&quot;tran_date&quot;:&quot;2014-12-31&quot;,&quot;gl_tran_id&quot;:&quot;1360&quot;}'),
('289', '2015-09-24 17:40:14', '{&quot;id&quot;:&quot;4&quot;,&quot;pay_type&quot;:&quot;debit&quot;,&quot;type&quot;:&quot;1&quot;,&quot;account&quot;:&quot;1064&quot;,&quot;amount&quot;:&quot;32286.23&quot;,&quot;tran_date&quot;:&quot;2014-12-31&quot;,&quot;gl_tran_id&quot;:&quot;1361&quot;}'),
('290', '2015-09-24 17:40:14', '{&quot;id&quot;:&quot;10&quot;,&quot;pay_type&quot;:&quot;debit&quot;,&quot;type&quot;:&quot;1&quot;,&quot;account&quot;:&quot;1299&quot;,&quot;amount&quot;:&quot;1022&quot;,&quot;tran_date&quot;:&quot;2014-12-31&quot;,&quot;gl_tran_id&quot;:&quot;1876&quot;}'),
('291', '2015-09-24 17:40:14', '{&quot;id&quot;:&quot;14&quot;,&quot;pay_type&quot;:&quot;debit&quot;,&quot;type&quot;:&quot;1&quot;,&quot;account&quot;:&quot;3350&quot;,&quot;amount&quot;:&quot;100&quot;,&quot;tran_date&quot;:&quot;2014-12-31&quot;,&quot;gl_tran_id&quot;:&quot;1983&quot;}'),
('292', '2015-09-24 17:40:14', '{&quot;id&quot;:&quot;9&quot;,&quot;pay_type&quot;:&quot;debit&quot;,&quot;type&quot;:&quot;1&quot;,&quot;account&quot;:&quot;3590&quot;,&quot;amount&quot;:&quot;0&quot;,&quot;tran_date&quot;:&quot;2014-12-31&quot;,&quot;gl_tran_id&quot;:&quot;1878&quot;}'),
('293', '2015-09-24 17:40:14', '{&quot;id&quot;:&quot;5&quot;,&quot;pay_type&quot;:&quot;credit&quot;,&quot;type&quot;:&quot;1&quot;,&quot;account&quot;:&quot;2100&quot;,&quot;amount&quot;:&quot;-294008.8&quot;,&quot;tran_date&quot;:&quot;2014-12-31&quot;,&quot;gl_tran_id&quot;:&quot;1362&quot;}'),
('294', '2015-09-24 17:40:14', '{&quot;id&quot;:&quot;6&quot;,&quot;pay_type&quot;:&quot;credit&quot;,&quot;type&quot;:&quot;1&quot;,&quot;account&quot;:&quot;2670&quot;,&quot;amount&quot;:&quot;-5&quot;,&quot;tran_date&quot;:&quot;2014-12-31&quot;,&quot;gl_tran_id&quot;:&quot;1363&quot;}'),
('295', '2015-09-24 17:40:14', '{&quot;id&quot;:&quot;7&quot;,&quot;pay_type&quot;:&quot;credit&quot;,&quot;type&quot;:&quot;1&quot;,&quot;account&quot;:&quot;2680&quot;,&quot;amount&quot;:&quot;-209451.95&quot;,&quot;tran_date&quot;:&quot;2014-12-31&quot;,&quot;gl_tran_id&quot;:&quot;1364&quot;}'),
('296', '2015-09-24 17:40:14', '{&quot;id&quot;:&quot;8&quot;,&quot;pay_type&quot;:&quot;credit&quot;,&quot;type&quot;:&quot;1&quot;,&quot;account&quot;:&quot;2250&quot;,&quot;amount&quot;:&quot;-8840&quot;,&quot;tran_date&quot;:&quot;2014-12-31&quot;,&quot;gl_tran_id&quot;:&quot;1365&quot;}'),
('297', '2015-09-24 17:40:49', '{&quot;id&quot;:&quot;1&quot;,&quot;pay_type&quot;:&quot;debit&quot;,&quot;type&quot;:&quot;1&quot;,&quot;account&quot;:&quot;1060&quot;,&quot;amount&quot;:&quot;0&quot;,&quot;tran_date&quot;:&quot;2014-12-31&quot;,&quot;gl_tran_id&quot;:&quot;1358&quot;}'),
('298', '2015-09-24 17:40:49', '{&quot;id&quot;:&quot;2&quot;,&quot;pay_type&quot;:&quot;debit&quot;,&quot;type&quot;:&quot;1&quot;,&quot;account&quot;:&quot;1200&quot;,&quot;amount&quot;:&quot;280446.6&quot;,&quot;tran_date&quot;:&quot;2014-12-31&quot;,&quot;gl_tran_id&quot;:&quot;1359&quot;}'),
('299', '2015-09-24 17:40:49', '{&quot;id&quot;:&quot;3&quot;,&quot;pay_type&quot;:&quot;debit&quot;,&quot;type&quot;:&quot;1&quot;,&quot;account&quot;:&quot;1210&quot;,&quot;amount&quot;:&quot;192024.2&quot;,&quot;tran_date&quot;:&quot;2014-12-31&quot;,&quot;gl_tran_id&quot;:&quot;1360&quot;}'),
('300', '2015-09-24 17:40:49', '{&quot;id&quot;:&quot;4&quot;,&quot;pay_type&quot;:&quot;debit&quot;,&quot;type&quot;:&quot;1&quot;,&quot;account&quot;:&quot;1064&quot;,&quot;amount&quot;:&quot;32286.23&quot;,&quot;tran_date&quot;:&quot;2014-12-31&quot;,&quot;gl_tran_id&quot;:&quot;1361&quot;}'),
('301', '2015-09-24 17:40:49', '{&quot;id&quot;:&quot;10&quot;,&quot;pay_type&quot;:&quot;debit&quot;,&quot;type&quot;:&quot;1&quot;,&quot;account&quot;:&quot;1299&quot;,&quot;amount&quot;:&quot;1022&quot;,&quot;tran_date&quot;:&quot;2014-12-31&quot;,&quot;gl_tran_id&quot;:&quot;1876&quot;}'),
('302', '2015-09-24 17:40:50', '{&quot;id&quot;:&quot;9&quot;,&quot;pay_type&quot;:&quot;debit&quot;,&quot;type&quot;:&quot;1&quot;,&quot;account&quot;:&quot;3590&quot;,&quot;amount&quot;:&quot;6426.72&quot;,&quot;tran_date&quot;:&quot;2014-12-31&quot;,&quot;gl_tran_id&quot;:&quot;1878&quot;}'),
('303', '2015-09-24 17:40:50', '{&quot;id&quot;:&quot;5&quot;,&quot;pay_type&quot;:&quot;credit&quot;,&quot;type&quot;:&quot;1&quot;,&quot;account&quot;:&quot;2100&quot;,&quot;amount&quot;:&quot;-294008.8&quot;,&quot;tran_date&quot;:&quot;2014-12-31&quot;,&quot;gl_tran_id&quot;:&quot;1362&quot;}'),
('304', '2015-09-24 17:40:50', '{&quot;id&quot;:&quot;6&quot;,&quot;pay_type&quot;:&quot;credit&quot;,&quot;type&quot;:&quot;1&quot;,&quot;account&quot;:&quot;2670&quot;,&quot;amount&quot;:&quot;-5&quot;,&quot;tran_date&quot;:&quot;2014-12-31&quot;,&quot;gl_tran_id&quot;:&quot;1363&quot;}'),
('305', '2015-09-24 17:40:50', '{&quot;id&quot;:&quot;7&quot;,&quot;pay_type&quot;:&quot;credit&quot;,&quot;type&quot;:&quot;1&quot;,&quot;account&quot;:&quot;2680&quot;,&quot;amount&quot;:&quot;-209451.95&quot;,&quot;tran_date&quot;:&quot;2014-12-31&quot;,&quot;gl_tran_id&quot;:&quot;1364&quot;}'),
('306', '2015-09-24 17:40:50', '{&quot;id&quot;:&quot;8&quot;,&quot;pay_type&quot;:&quot;credit&quot;,&quot;type&quot;:&quot;1&quot;,&quot;account&quot;:&quot;2250&quot;,&quot;amount&quot;:&quot;-8840&quot;,&quot;tran_date&quot;:&quot;2014-12-31&quot;,&quot;gl_tran_id&quot;:&quot;1365&quot;}'),
('307', '2015-09-24 17:40:50', '{&quot;id&quot;:&quot;13&quot;,&quot;pay_type&quot;:&quot;credit&quot;,&quot;type&quot;:&quot;1&quot;,&quot;account&quot;:&quot;3350&quot;,&quot;amount&quot;:&quot;0&quot;,&quot;tran_date&quot;:&quot;2014-12-31&quot;,&quot;gl_tran_id&quot;:&quot;1982&quot;}'),
('308', '2015-09-24 17:41:12', '{&quot;id&quot;:&quot;1&quot;,&quot;pay_type&quot;:&quot;debit&quot;,&quot;type&quot;:&quot;1&quot;,&quot;account&quot;:&quot;1060&quot;,&quot;amount&quot;:&quot;100&quot;,&quot;tran_date&quot;:&quot;2014-12-31&quot;,&quot;gl_tran_id&quot;:&quot;1358&quot;}'),
('309', '2015-09-24 17:41:12', '{&quot;id&quot;:&quot;2&quot;,&quot;pay_type&quot;:&quot;debit&quot;,&quot;type&quot;:&quot;1&quot;,&quot;account&quot;:&quot;1200&quot;,&quot;amount&quot;:&quot;280446.6&quot;,&quot;tran_date&quot;:&quot;2014-12-31&quot;,&quot;gl_tran_id&quot;:&quot;1359&quot;}'),
('310', '2015-09-24 17:41:12', '{&quot;id&quot;:&quot;3&quot;,&quot;pay_type&quot;:&quot;debit&quot;,&quot;type&quot;:&quot;1&quot;,&quot;account&quot;:&quot;1210&quot;,&quot;amount&quot;:&quot;192024.2&quot;,&quot;tran_date&quot;:&quot;2014-12-31&quot;,&quot;gl_tran_id&quot;:&quot;1360&quot;}'),
('311', '2015-09-24 17:41:12', '{&quot;id&quot;:&quot;4&quot;,&quot;pay_type&quot;:&quot;debit&quot;,&quot;type&quot;:&quot;1&quot;,&quot;account&quot;:&quot;1064&quot;,&quot;amount&quot;:&quot;32286.23&quot;,&quot;tran_date&quot;:&quot;2014-12-31&quot;,&quot;gl_tran_id&quot;:&quot;1361&quot;}'),
('312', '2015-09-24 17:41:12', '{&quot;id&quot;:&quot;10&quot;,&quot;pay_type&quot;:&quot;debit&quot;,&quot;type&quot;:&quot;1&quot;,&quot;account&quot;:&quot;1299&quot;,&quot;amount&quot;:&quot;1022&quot;,&quot;tran_date&quot;:&quot;2014-12-31&quot;,&quot;gl_tran_id&quot;:&quot;1876&quot;}'),
('313', '2015-09-24 17:41:12', '{&quot;id&quot;:&quot;14&quot;,&quot;pay_type&quot;:&quot;debit&quot;,&quot;type&quot;:&quot;1&quot;,&quot;account&quot;:&quot;3350&quot;,&quot;amount&quot;:&quot;100&quot;,&quot;tran_date&quot;:&quot;2014-12-31&quot;,&quot;gl_tran_id&quot;:&quot;1983&quot;}'),
('314', '2015-09-24 17:41:12', '{&quot;id&quot;:&quot;9&quot;,&quot;pay_type&quot;:&quot;debit&quot;,&quot;type&quot;:&quot;1&quot;,&quot;account&quot;:&quot;3590&quot;,&quot;amount&quot;:&quot;0&quot;,&quot;tran_date&quot;:&quot;2014-12-31&quot;,&quot;gl_tran_id&quot;:&quot;1878&quot;}'),
('315', '2015-09-24 17:41:12', '{&quot;id&quot;:&quot;5&quot;,&quot;pay_type&quot;:&quot;credit&quot;,&quot;type&quot;:&quot;1&quot;,&quot;account&quot;:&quot;2100&quot;,&quot;amount&quot;:&quot;-294008.8&quot;,&quot;tran_date&quot;:&quot;2014-12-31&quot;,&quot;gl_tran_id&quot;:&quot;1362&quot;}'),
('316', '2015-09-24 17:41:12', '{&quot;id&quot;:&quot;6&quot;,&quot;pay_type&quot;:&quot;credit&quot;,&quot;type&quot;:&quot;1&quot;,&quot;account&quot;:&quot;2670&quot;,&quot;amount&quot;:&quot;-5&quot;,&quot;tran_date&quot;:&quot;2014-12-31&quot;,&quot;gl_tran_id&quot;:&quot;1363&quot;}'),
('317', '2015-09-24 17:41:12', '{&quot;id&quot;:&quot;7&quot;,&quot;pay_type&quot;:&quot;credit&quot;,&quot;type&quot;:&quot;1&quot;,&quot;account&quot;:&quot;2680&quot;,&quot;amount&quot;:&quot;-209451.95&quot;,&quot;tran_date&quot;:&quot;2014-12-31&quot;,&quot;gl_tran_id&quot;:&quot;1364&quot;}'),
('318', '2015-09-24 17:41:12', '{&quot;id&quot;:&quot;8&quot;,&quot;pay_type&quot;:&quot;credit&quot;,&quot;type&quot;:&quot;1&quot;,&quot;account&quot;:&quot;2250&quot;,&quot;amount&quot;:&quot;-8840&quot;,&quot;tran_date&quot;:&quot;2014-12-31&quot;,&quot;gl_tran_id&quot;:&quot;1365&quot;}'),
('319', '2015-09-24 17:41:12', '{&quot;id&quot;:&quot;13&quot;,&quot;pay_type&quot;:&quot;credit&quot;,&quot;type&quot;:&quot;1&quot;,&quot;account&quot;:&quot;3350&quot;,&quot;amount&quot;:&quot;-100&quot;,&quot;tran_date&quot;:&quot;2014-12-31&quot;,&quot;gl_tran_id&quot;:&quot;1982&quot;}'),
('320', '2015-09-24 17:42:03', '{&quot;id&quot;:&quot;2&quot;,&quot;pay_type&quot;:&quot;debit&quot;,&quot;type&quot;:&quot;1&quot;,&quot;account&quot;:&quot;1200&quot;,&quot;amount&quot;:&quot;280446.6&quot;,&quot;tran_date&quot;:&quot;2014-12-31&quot;,&quot;gl_tran_id&quot;:&quot;1359&quot;}'),
('321', '2015-09-24 17:42:03', '{&quot;id&quot;:&quot;3&quot;,&quot;pay_type&quot;:&quot;debit&quot;,&quot;type&quot;:&quot;1&quot;,&quot;account&quot;:&quot;1210&quot;,&quot;amount&quot;:&quot;192024.2&quot;,&quot;tran_date&quot;:&quot;2014-12-31&quot;,&quot;gl_tran_id&quot;:&quot;1360&quot;}'),
('322', '2015-09-24 17:42:03', '{&quot;id&quot;:&quot;4&quot;,&quot;pay_type&quot;:&quot;debit&quot;,&quot;type&quot;:&quot;1&quot;,&quot;account&quot;:&quot;1064&quot;,&quot;amount&quot;:&quot;32286.23&quot;,&quot;tran_date&quot;:&quot;2014-12-31&quot;,&quot;gl_tran_id&quot;:&quot;1361&quot;}'),
('323', '2015-09-24 17:42:03', '{&quot;id&quot;:&quot;10&quot;,&quot;pay_type&quot;:&quot;debit&quot;,&quot;type&quot;:&quot;1&quot;,&quot;account&quot;:&quot;1299&quot;,&quot;amount&quot;:&quot;1022&quot;,&quot;tran_date&quot;:&quot;2014-12-31&quot;,&quot;gl_tran_id&quot;:&quot;1876&quot;}'),
('324', '2015-09-24 17:42:03', '{&quot;id&quot;:&quot;14&quot;,&quot;pay_type&quot;:&quot;debit&quot;,&quot;type&quot;:&quot;1&quot;,&quot;account&quot;:&quot;3350&quot;,&quot;amount&quot;:&quot;100&quot;,&quot;tran_date&quot;:&quot;2014-12-31&quot;,&quot;gl_tran_id&quot;:&quot;1983&quot;}'),
('325', '2015-09-24 17:42:03', '{&quot;id&quot;:&quot;9&quot;,&quot;pay_type&quot;:&quot;debit&quot;,&quot;type&quot;:&quot;1&quot;,&quot;account&quot;:&quot;3590&quot;,&quot;amount&quot;:&quot;5318&quot;,&quot;tran_date&quot;:&quot;2014-12-31&quot;,&quot;gl_tran_id&quot;:&quot;1878&quot;}'),
('326', '2015-09-24 17:42:03', '{&quot;id&quot;:&quot;5&quot;,&quot;pay_type&quot;:&quot;credit&quot;,&quot;type&quot;:&quot;1&quot;,&quot;account&quot;:&quot;2100&quot;,&quot;amount&quot;:&quot;-294008.8&quot;,&quot;tran_date&quot;:&quot;2014-12-31&quot;,&quot;gl_tran_id&quot;:&quot;1362&quot;}'),
('327', '2015-09-24 17:42:03', '{&quot;id&quot;:&quot;6&quot;,&quot;pay_type&quot;:&quot;credit&quot;,&quot;type&quot;:&quot;1&quot;,&quot;account&quot;:&quot;2670&quot;,&quot;amount&quot;:&quot;-5&quot;,&quot;tran_date&quot;:&quot;2014-12-31&quot;,&quot;gl_tran_id&quot;:&quot;1363&quot;}'),
('328', '2015-09-24 17:42:03', '{&quot;id&quot;:&quot;7&quot;,&quot;pay_type&quot;:&quot;credit&quot;,&quot;type&quot;:&quot;1&quot;,&quot;account&quot;:&quot;2680&quot;,&quot;amount&quot;:&quot;-209451.95&quot;,&quot;tran_date&quot;:&quot;2014-12-31&quot;,&quot;gl_tran_id&quot;:&quot;1364&quot;}'),
('329', '2015-09-24 17:42:03', '{&quot;id&quot;:&quot;8&quot;,&quot;pay_type&quot;:&quot;credit&quot;,&quot;type&quot;:&quot;1&quot;,&quot;account&quot;:&quot;2250&quot;,&quot;amount&quot;:&quot;-8840&quot;,&quot;tran_date&quot;:&quot;2014-12-31&quot;,&quot;gl_tran_id&quot;:&quot;1365&quot;}'),
('330', '2015-09-24 17:42:15', '{&quot;id&quot;:&quot;1&quot;,&quot;pay_type&quot;:&quot;debit&quot;,&quot;type&quot;:&quot;1&quot;,&quot;account&quot;:&quot;1060&quot;,&quot;amount&quot;:&quot;100&quot;,&quot;tran_date&quot;:&quot;2014-12-31&quot;,&quot;gl_tran_id&quot;:&quot;1358&quot;}'),
('331', '2015-09-24 17:42:15', '{&quot;id&quot;:&quot;2&quot;,&quot;pay_type&quot;:&quot;debit&quot;,&quot;type&quot;:&quot;1&quot;,&quot;account&quot;:&quot;1200&quot;,&quot;amount&quot;:&quot;280446.6&quot;,&quot;tran_date&quot;:&quot;2014-12-31&quot;,&quot;gl_tran_id&quot;:&quot;1359&quot;}'),
('332', '2015-09-24 17:42:15', '{&quot;id&quot;:&quot;3&quot;,&quot;pay_type&quot;:&quot;debit&quot;,&quot;type&quot;:&quot;1&quot;,&quot;account&quot;:&quot;1210&quot;,&quot;amount&quot;:&quot;192024.2&quot;,&quot;tran_date&quot;:&quot;2014-12-31&quot;,&quot;gl_tran_id&quot;:&quot;1360&quot;}'),
('333', '2015-09-24 17:42:15', '{&quot;id&quot;:&quot;4&quot;,&quot;pay_type&quot;:&quot;debit&quot;,&quot;type&quot;:&quot;1&quot;,&quot;account&quot;:&quot;1064&quot;,&quot;amount&quot;:&quot;32286.23&quot;,&quot;tran_date&quot;:&quot;2014-12-31&quot;,&quot;gl_tran_id&quot;:&quot;1361&quot;}'),
('334', '2015-09-24 17:42:15', '{&quot;id&quot;:&quot;10&quot;,&quot;pay_type&quot;:&quot;debit&quot;,&quot;type&quot;:&quot;1&quot;,&quot;account&quot;:&quot;1299&quot;,&quot;amount&quot;:&quot;1022&quot;,&quot;tran_date&quot;:&quot;2014-12-31&quot;,&quot;gl_tran_id&quot;:&quot;1876&quot;}'),
('335', '2015-09-24 17:42:15', '{&quot;id&quot;:&quot;14&quot;,&quot;pay_type&quot;:&quot;debit&quot;,&quot;type&quot;:&quot;1&quot;,&quot;account&quot;:&quot;3350&quot;,&quot;amount&quot;:&quot;100&quot;,&quot;tran_date&quot;:&quot;2014-12-31&quot;,&quot;gl_tran_id&quot;:&quot;1983&quot;}'),
('336', '2015-09-24 17:42:15', '{&quot;id&quot;:&quot;9&quot;,&quot;pay_type&quot;:&quot;debit&quot;,&quot;type&quot;:&quot;1&quot;,&quot;account&quot;:&quot;3590&quot;,&quot;amount&quot;:&quot;5318&quot;,&quot;tran_date&quot;:&quot;2014-12-31&quot;,&quot;gl_tran_id&quot;:&quot;1878&quot;}'),
('337', '2015-09-24 17:42:15', '{&quot;id&quot;:&quot;5&quot;,&quot;pay_type&quot;:&quot;credit&quot;,&quot;type&quot;:&quot;1&quot;,&quot;account&quot;:&quot;2100&quot;,&quot;amount&quot;:&quot;-294008.8&quot;,&quot;tran_date&quot;:&quot;2014-12-31&quot;,&quot;gl_tran_id&quot;:&quot;1362&quot;}'),
('338', '2015-09-24 17:42:15', '{&quot;id&quot;:&quot;6&quot;,&quot;pay_type&quot;:&quot;credit&quot;,&quot;type&quot;:&quot;1&quot;,&quot;account&quot;:&quot;2670&quot;,&quot;amount&quot;:&quot;-5&quot;,&quot;tran_date&quot;:&quot;2014-12-31&quot;,&quot;gl_tran_id&quot;:&quot;1363&quot;}');
INSERT INTO `opening_cache` VALUES
('339', '2015-09-24 17:42:15', '{&quot;id&quot;:&quot;7&quot;,&quot;pay_type&quot;:&quot;credit&quot;,&quot;type&quot;:&quot;1&quot;,&quot;account&quot;:&quot;2680&quot;,&quot;amount&quot;:&quot;-209451.95&quot;,&quot;tran_date&quot;:&quot;2014-12-31&quot;,&quot;gl_tran_id&quot;:&quot;1364&quot;}'),
('340', '2015-09-24 17:42:15', '{&quot;id&quot;:&quot;8&quot;,&quot;pay_type&quot;:&quot;credit&quot;,&quot;type&quot;:&quot;1&quot;,&quot;account&quot;:&quot;2250&quot;,&quot;amount&quot;:&quot;-8840&quot;,&quot;tran_date&quot;:&quot;2014-12-31&quot;,&quot;gl_tran_id&quot;:&quot;1365&quot;}'),
('341', '2015-09-24 17:42:15', '{&quot;id&quot;:&quot;13&quot;,&quot;pay_type&quot;:&quot;credit&quot;,&quot;type&quot;:&quot;1&quot;,&quot;account&quot;:&quot;3350&quot;,&quot;amount&quot;:&quot;-100&quot;,&quot;tran_date&quot;:&quot;2014-12-31&quot;,&quot;gl_tran_id&quot;:&quot;1982&quot;}'),
('342', '2015-12-27 10:46:55', '{&quot;id&quot;:&quot;2&quot;,&quot;pay_type&quot;:&quot;debit&quot;,&quot;type&quot;:&quot;1&quot;,&quot;account&quot;:&quot;1200&quot;,&quot;amount&quot;:&quot;280446.6&quot;,&quot;tran_date&quot;:&quot;2014-12-31&quot;,&quot;gl_tran_id&quot;:&quot;1359&quot;}'),
('343', '2015-12-27 10:46:55', '{&quot;id&quot;:&quot;3&quot;,&quot;pay_type&quot;:&quot;debit&quot;,&quot;type&quot;:&quot;1&quot;,&quot;account&quot;:&quot;1210&quot;,&quot;amount&quot;:&quot;192024.2&quot;,&quot;tran_date&quot;:&quot;2014-12-31&quot;,&quot;gl_tran_id&quot;:&quot;1360&quot;}'),
('344', '2015-12-27 10:46:55', '{&quot;id&quot;:&quot;4&quot;,&quot;pay_type&quot;:&quot;debit&quot;,&quot;type&quot;:&quot;1&quot;,&quot;account&quot;:&quot;1064&quot;,&quot;amount&quot;:&quot;32286.23&quot;,&quot;tran_date&quot;:&quot;2014-12-31&quot;,&quot;gl_tran_id&quot;:&quot;1361&quot;}'),
('345', '2015-12-27 10:46:55', '{&quot;id&quot;:&quot;10&quot;,&quot;pay_type&quot;:&quot;debit&quot;,&quot;type&quot;:&quot;1&quot;,&quot;account&quot;:&quot;1299&quot;,&quot;amount&quot;:&quot;1022&quot;,&quot;tran_date&quot;:&quot;2014-12-31&quot;,&quot;gl_tran_id&quot;:&quot;1876&quot;}'),
('346', '2015-12-27 10:46:55', '{&quot;id&quot;:&quot;14&quot;,&quot;pay_type&quot;:&quot;debit&quot;,&quot;type&quot;:&quot;1&quot;,&quot;account&quot;:&quot;3350&quot;,&quot;amount&quot;:&quot;100&quot;,&quot;tran_date&quot;:&quot;2014-12-31&quot;,&quot;gl_tran_id&quot;:&quot;1983&quot;}'),
('347', '2015-12-27 10:46:55', '{&quot;id&quot;:&quot;9&quot;,&quot;pay_type&quot;:&quot;debit&quot;,&quot;type&quot;:&quot;1&quot;,&quot;account&quot;:&quot;3590&quot;,&quot;amount&quot;:&quot;5318&quot;,&quot;tran_date&quot;:&quot;2014-12-31&quot;,&quot;gl_tran_id&quot;:&quot;1878&quot;}'),
('348', '2015-12-27 10:46:55', '{&quot;id&quot;:&quot;5&quot;,&quot;pay_type&quot;:&quot;credit&quot;,&quot;type&quot;:&quot;1&quot;,&quot;account&quot;:&quot;2100&quot;,&quot;amount&quot;:&quot;-294008.8&quot;,&quot;tran_date&quot;:&quot;2014-12-31&quot;,&quot;gl_tran_id&quot;:&quot;1362&quot;}'),
('349', '2015-12-27 10:46:55', '{&quot;id&quot;:&quot;6&quot;,&quot;pay_type&quot;:&quot;credit&quot;,&quot;type&quot;:&quot;1&quot;,&quot;account&quot;:&quot;2670&quot;,&quot;amount&quot;:&quot;-5&quot;,&quot;tran_date&quot;:&quot;2014-12-31&quot;,&quot;gl_tran_id&quot;:&quot;1363&quot;}'),
('350', '2015-12-27 10:46:55', '{&quot;id&quot;:&quot;7&quot;,&quot;pay_type&quot;:&quot;credit&quot;,&quot;type&quot;:&quot;1&quot;,&quot;account&quot;:&quot;2680&quot;,&quot;amount&quot;:&quot;-209451.95&quot;,&quot;tran_date&quot;:&quot;2014-12-31&quot;,&quot;gl_tran_id&quot;:&quot;1364&quot;}'),
('351', '2015-12-27 10:46:55', '{&quot;id&quot;:&quot;8&quot;,&quot;pay_type&quot;:&quot;credit&quot;,&quot;type&quot;:&quot;1&quot;,&quot;account&quot;:&quot;2250&quot;,&quot;amount&quot;:&quot;-8840&quot;,&quot;tran_date&quot;:&quot;2014-12-31&quot;,&quot;gl_tran_id&quot;:&quot;1365&quot;}'),
('352', '2015-12-27 10:47:26', '{&quot;id&quot;:&quot;2&quot;,&quot;pay_type&quot;:&quot;debit&quot;,&quot;type&quot;:&quot;1&quot;,&quot;account&quot;:&quot;1200&quot;,&quot;amount&quot;:&quot;280446.6&quot;,&quot;tran_date&quot;:&quot;2014-12-31&quot;,&quot;gl_tran_id&quot;:&quot;1359&quot;}'),
('353', '2015-12-27 10:47:26', '{&quot;id&quot;:&quot;3&quot;,&quot;pay_type&quot;:&quot;debit&quot;,&quot;type&quot;:&quot;1&quot;,&quot;account&quot;:&quot;1210&quot;,&quot;amount&quot;:&quot;192024.2&quot;,&quot;tran_date&quot;:&quot;2014-12-31&quot;,&quot;gl_tran_id&quot;:&quot;1360&quot;}'),
('354', '2015-12-27 10:47:26', '{&quot;id&quot;:&quot;4&quot;,&quot;pay_type&quot;:&quot;debit&quot;,&quot;type&quot;:&quot;1&quot;,&quot;account&quot;:&quot;1064&quot;,&quot;amount&quot;:&quot;32286.23&quot;,&quot;tran_date&quot;:&quot;2014-12-31&quot;,&quot;gl_tran_id&quot;:&quot;1361&quot;}'),
('355', '2015-12-27 10:47:26', '{&quot;id&quot;:&quot;10&quot;,&quot;pay_type&quot;:&quot;debit&quot;,&quot;type&quot;:&quot;1&quot;,&quot;account&quot;:&quot;1299&quot;,&quot;amount&quot;:&quot;1022&quot;,&quot;tran_date&quot;:&quot;2014-12-31&quot;,&quot;gl_tran_id&quot;:&quot;1876&quot;}'),
('356', '2015-12-27 10:47:26', '{&quot;id&quot;:&quot;14&quot;,&quot;pay_type&quot;:&quot;debit&quot;,&quot;type&quot;:&quot;1&quot;,&quot;account&quot;:&quot;3350&quot;,&quot;amount&quot;:&quot;100&quot;,&quot;tran_date&quot;:&quot;2014-12-31&quot;,&quot;gl_tran_id&quot;:&quot;1983&quot;}'),
('357', '2015-12-27 10:47:26', '{&quot;id&quot;:&quot;9&quot;,&quot;pay_type&quot;:&quot;debit&quot;,&quot;type&quot;:&quot;1&quot;,&quot;account&quot;:&quot;3590&quot;,&quot;amount&quot;:&quot;7448.72&quot;,&quot;tran_date&quot;:&quot;2014-12-31&quot;,&quot;gl_tran_id&quot;:&quot;1878&quot;}'),
('358', '2015-12-27 10:47:26', '{&quot;id&quot;:&quot;5&quot;,&quot;pay_type&quot;:&quot;credit&quot;,&quot;type&quot;:&quot;1&quot;,&quot;account&quot;:&quot;2100&quot;,&quot;amount&quot;:&quot;-294008.8&quot;,&quot;tran_date&quot;:&quot;2014-12-31&quot;,&quot;gl_tran_id&quot;:&quot;1362&quot;}'),
('359', '2015-12-27 10:47:26', '{&quot;id&quot;:&quot;6&quot;,&quot;pay_type&quot;:&quot;credit&quot;,&quot;type&quot;:&quot;1&quot;,&quot;account&quot;:&quot;2670&quot;,&quot;amount&quot;:&quot;-5&quot;,&quot;tran_date&quot;:&quot;2014-12-31&quot;,&quot;gl_tran_id&quot;:&quot;1363&quot;}'),
('360', '2015-12-27 10:47:26', '{&quot;id&quot;:&quot;7&quot;,&quot;pay_type&quot;:&quot;credit&quot;,&quot;type&quot;:&quot;1&quot;,&quot;account&quot;:&quot;2680&quot;,&quot;amount&quot;:&quot;-209451.95&quot;,&quot;tran_date&quot;:&quot;2014-12-31&quot;,&quot;gl_tran_id&quot;:&quot;1364&quot;}'),
('361', '2015-12-27 10:47:26', '{&quot;id&quot;:&quot;8&quot;,&quot;pay_type&quot;:&quot;credit&quot;,&quot;type&quot;:&quot;1&quot;,&quot;account&quot;:&quot;2250&quot;,&quot;amount&quot;:&quot;-8840&quot;,&quot;tran_date&quot;:&quot;2014-12-31&quot;,&quot;gl_tran_id&quot;:&quot;1365&quot;}'),
('362', '2016-01-17 23:30:34', '{&quot;id&quot;:&quot;2&quot;,&quot;pay_type&quot;:&quot;debit&quot;,&quot;type&quot;:&quot;1&quot;,&quot;account&quot;:&quot;1200&quot;,&quot;amount&quot;:&quot;280446.6&quot;,&quot;tran_date&quot;:&quot;2014-12-31&quot;,&quot;gl_tran_id&quot;:&quot;1359&quot;}'),
('363', '2016-01-17 23:30:34', '{&quot;id&quot;:&quot;3&quot;,&quot;pay_type&quot;:&quot;debit&quot;,&quot;type&quot;:&quot;1&quot;,&quot;account&quot;:&quot;1210&quot;,&quot;amount&quot;:&quot;192024.2&quot;,&quot;tran_date&quot;:&quot;2014-12-31&quot;,&quot;gl_tran_id&quot;:&quot;1360&quot;}'),
('364', '2016-01-17 23:30:34', '{&quot;id&quot;:&quot;4&quot;,&quot;pay_type&quot;:&quot;debit&quot;,&quot;type&quot;:&quot;1&quot;,&quot;account&quot;:&quot;1064&quot;,&quot;amount&quot;:&quot;32286.23&quot;,&quot;tran_date&quot;:&quot;2014-12-31&quot;,&quot;gl_tran_id&quot;:&quot;1361&quot;}'),
('365', '2016-01-17 23:30:34', '{&quot;id&quot;:&quot;10&quot;,&quot;pay_type&quot;:&quot;debit&quot;,&quot;type&quot;:&quot;1&quot;,&quot;account&quot;:&quot;1299&quot;,&quot;amount&quot;:&quot;1022&quot;,&quot;tran_date&quot;:&quot;2014-12-31&quot;,&quot;gl_tran_id&quot;:&quot;1876&quot;}'),
('366', '2016-01-17 23:30:34', '{&quot;id&quot;:&quot;14&quot;,&quot;pay_type&quot;:&quot;debit&quot;,&quot;type&quot;:&quot;1&quot;,&quot;account&quot;:&quot;3350&quot;,&quot;amount&quot;:&quot;100&quot;,&quot;tran_date&quot;:&quot;2014-12-31&quot;,&quot;gl_tran_id&quot;:&quot;1983&quot;}'),
('367', '2016-01-17 23:30:34', '{&quot;id&quot;:&quot;9&quot;,&quot;pay_type&quot;:&quot;debit&quot;,&quot;type&quot;:&quot;1&quot;,&quot;account&quot;:&quot;3590&quot;,&quot;amount&quot;:&quot;6426.72&quot;,&quot;tran_date&quot;:&quot;2014-12-31&quot;,&quot;gl_tran_id&quot;:&quot;1878&quot;}'),
('368', '2016-01-17 23:30:34', '{&quot;id&quot;:&quot;5&quot;,&quot;pay_type&quot;:&quot;credit&quot;,&quot;type&quot;:&quot;1&quot;,&quot;account&quot;:&quot;2100&quot;,&quot;amount&quot;:&quot;-294008.8&quot;,&quot;tran_date&quot;:&quot;2014-12-31&quot;,&quot;gl_tran_id&quot;:&quot;1362&quot;}'),
('369', '2016-01-17 23:30:34', '{&quot;id&quot;:&quot;6&quot;,&quot;pay_type&quot;:&quot;credit&quot;,&quot;type&quot;:&quot;1&quot;,&quot;account&quot;:&quot;2670&quot;,&quot;amount&quot;:&quot;-5&quot;,&quot;tran_date&quot;:&quot;2014-12-31&quot;,&quot;gl_tran_id&quot;:&quot;1363&quot;}'),
('370', '2016-01-17 23:30:34', '{&quot;id&quot;:&quot;7&quot;,&quot;pay_type&quot;:&quot;credit&quot;,&quot;type&quot;:&quot;1&quot;,&quot;account&quot;:&quot;2680&quot;,&quot;amount&quot;:&quot;-209451.95&quot;,&quot;tran_date&quot;:&quot;2014-12-31&quot;,&quot;gl_tran_id&quot;:&quot;1364&quot;}'),
('371', '2016-01-17 23:30:34', '{&quot;id&quot;:&quot;8&quot;,&quot;pay_type&quot;:&quot;credit&quot;,&quot;type&quot;:&quot;1&quot;,&quot;account&quot;:&quot;2250&quot;,&quot;amount&quot;:&quot;-8840&quot;,&quot;tran_date&quot;:&quot;2014-12-31&quot;,&quot;gl_tran_id&quot;:&quot;1365&quot;}'),
('372', '2016-01-17 23:32:10', '{&quot;id&quot;:&quot;2&quot;,&quot;pay_type&quot;:&quot;debit&quot;,&quot;type&quot;:&quot;1&quot;,&quot;account&quot;:&quot;1200&quot;,&quot;amount&quot;:&quot;280446.6&quot;,&quot;tran_date&quot;:&quot;2014-12-31&quot;,&quot;gl_tran_id&quot;:&quot;1359&quot;}'),
('373', '2016-01-17 23:32:10', '{&quot;id&quot;:&quot;3&quot;,&quot;pay_type&quot;:&quot;debit&quot;,&quot;type&quot;:&quot;1&quot;,&quot;account&quot;:&quot;1210&quot;,&quot;amount&quot;:&quot;192024.2&quot;,&quot;tran_date&quot;:&quot;2014-12-31&quot;,&quot;gl_tran_id&quot;:&quot;1360&quot;}'),
('374', '2016-01-17 23:32:10', '{&quot;id&quot;:&quot;4&quot;,&quot;pay_type&quot;:&quot;debit&quot;,&quot;type&quot;:&quot;1&quot;,&quot;account&quot;:&quot;1064&quot;,&quot;amount&quot;:&quot;32286.23&quot;,&quot;tran_date&quot;:&quot;2014-12-31&quot;,&quot;gl_tran_id&quot;:&quot;1361&quot;}'),
('375', '2016-01-17 23:32:10', '{&quot;id&quot;:&quot;10&quot;,&quot;pay_type&quot;:&quot;debit&quot;,&quot;type&quot;:&quot;1&quot;,&quot;account&quot;:&quot;1299&quot;,&quot;amount&quot;:&quot;1022&quot;,&quot;tran_date&quot;:&quot;2014-12-31&quot;,&quot;gl_tran_id&quot;:&quot;1876&quot;}'),
('376', '2016-01-17 23:32:10', '{&quot;id&quot;:&quot;14&quot;,&quot;pay_type&quot;:&quot;debit&quot;,&quot;type&quot;:&quot;1&quot;,&quot;account&quot;:&quot;3350&quot;,&quot;amount&quot;:&quot;100&quot;,&quot;tran_date&quot;:&quot;2014-12-31&quot;,&quot;gl_tran_id&quot;:&quot;1983&quot;}'),
('377', '2016-01-17 23:32:10', '{&quot;id&quot;:&quot;9&quot;,&quot;pay_type&quot;:&quot;debit&quot;,&quot;type&quot;:&quot;1&quot;,&quot;account&quot;:&quot;3590&quot;,&quot;amount&quot;:&quot;7535.44&quot;,&quot;tran_date&quot;:&quot;2014-12-31&quot;,&quot;gl_tran_id&quot;:&quot;1878&quot;}'),
('378', '2016-01-17 23:32:10', '{&quot;id&quot;:&quot;5&quot;,&quot;pay_type&quot;:&quot;credit&quot;,&quot;type&quot;:&quot;1&quot;,&quot;account&quot;:&quot;2100&quot;,&quot;amount&quot;:&quot;-294008.8&quot;,&quot;tran_date&quot;:&quot;2014-12-31&quot;,&quot;gl_tran_id&quot;:&quot;1362&quot;}'),
('379', '2016-01-17 23:32:10', '{&quot;id&quot;:&quot;6&quot;,&quot;pay_type&quot;:&quot;credit&quot;,&quot;type&quot;:&quot;1&quot;,&quot;account&quot;:&quot;2670&quot;,&quot;amount&quot;:&quot;-5&quot;,&quot;tran_date&quot;:&quot;2014-12-31&quot;,&quot;gl_tran_id&quot;:&quot;1363&quot;}'),
('380', '2016-01-17 23:32:10', '{&quot;id&quot;:&quot;7&quot;,&quot;pay_type&quot;:&quot;credit&quot;,&quot;type&quot;:&quot;1&quot;,&quot;account&quot;:&quot;2680&quot;,&quot;amount&quot;:&quot;-209451.95&quot;,&quot;tran_date&quot;:&quot;2014-12-31&quot;,&quot;gl_tran_id&quot;:&quot;1364&quot;}'),
('381', '2016-01-17 23:32:10', '{&quot;id&quot;:&quot;8&quot;,&quot;pay_type&quot;:&quot;credit&quot;,&quot;type&quot;:&quot;1&quot;,&quot;account&quot;:&quot;2250&quot;,&quot;amount&quot;:&quot;-8840&quot;,&quot;tran_date&quot;:&quot;2014-12-31&quot;,&quot;gl_tran_id&quot;:&quot;1365&quot;}');

### Structure of table `opening_gl` ###

DROP TABLE IF EXISTS `opening_gl`;

CREATE TABLE `opening_gl` (
  `id` int(11) NOT NULL AUTO_INCREMENT,
  `pay_type` char(15) NOT NULL,
  `type` char(20) NOT NULL,
  `account` char(20) NOT NULL,
  `amount` double NOT NULL,
  `tran_date` date NOT NULL,
  `gl_tran_id` int(11) NOT NULL,
  PRIMARY KEY (`id`),
  KEY `id` (`id`)
) ENGINE=InnoDB AUTO_INCREMENT=15 DEFAULT CHARSET=latin1 ;

### Data of table `opening_gl` ###

INSERT INTO `opening_gl` VALUES
('1', 'debit', '1', '1060', '0', '2014-12-31', '1358'),
('2', 'debit', '1', '1200', '280446.6', '2014-12-31', '1359'),
('3', 'debit', '1', '1210', '192024.2', '2014-12-31', '1360'),
('4', 'debit', '1', '1064', '32286.23', '2014-12-31', '1361'),
('5', 'credit', '1', '2100', '-294008.8', '2014-12-31', '1362'),
('6', 'credit', '1', '2670', '-5', '2014-12-31', '1363'),
('7', 'credit', '1', '2680', '-209451.95', '2014-12-31', '1364'),
('8', 'credit', '1', '2250', '-8840', '2014-12-31', '1365'),
('9', 'debit', '1', '3590', '5318', '2014-12-31', '1878'),
('10', 'debit', '1', '1299', '1022', '2014-12-31', '1876'),
('11', 'credit', '1', '3590', '0', '2014-12-31', '1877'),
('12', 'credit', '1', '1299', '0', '2014-12-31', '1879'),
('13', 'credit', '1', '3350', '0', '2014-12-31', '1982'),
('14', 'debit', '1', '3350', '100', '2014-12-31', '1983');

### Structure of table `opening_gl_system` ###

DROP TABLE IF EXISTS `opening_gl_system`;

CREATE TABLE `opening_gl_system` (
  `id` int(11) NOT NULL AUTO_INCREMENT,
  `account` int(10) NOT NULL,
  `amount` double NOT NULL,
  `tran_date` date NOT NULL,
  `created` timestamp NOT NULL DEFAULT CURRENT_TIMESTAMP,
  PRIMARY KEY (`id`),
  KEY `id` (`id`)
) ENGINE=InnoDB DEFAULT CHARSET=latin1 ;

### Data of table `opening_gl_system` ###


### Structure of table `opening_product` ###

DROP TABLE IF EXISTS `opening_product`;

CREATE TABLE `opening_product` (
  `id` int(11) NOT NULL AUTO_INCREMENT,
  `code` char(20) NOT NULL,
  `cost` int(20) NOT NULL,
  `qty` int(10) NOT NULL,
  `price` int(20) NOT NULL,
  `gl_tran_id` int(11) NOT NULL DEFAULT '0',
  `trans_no` int(11) NOT NULL DEFAULT '0',
  PRIMARY KEY (`id`),
  KEY `id` (`id`),
  KEY `id_2` (`id`),
  KEY `id_3` (`id`)
) ENGINE=InnoDB DEFAULT CHARSET=latin1 ;

### Data of table `opening_product` ###


### Structure of table `opening_sale` ###

DROP TABLE IF EXISTS `opening_sale`;

CREATE TABLE `opening_sale` (
  `id` int(11) NOT NULL AUTO_INCREMENT,
  `type` char(15) DEFAULT 'sale',
  `customer` int(11) DEFAULT NULL,
  `branch` int(11) DEFAULT NULL,
  `ref` varchar(40) DEFAULT NULL,
  `trans_no` int(11) DEFAULT NULL,
  `tran_date` date NOT NULL,
  `currency` char(10) DEFAULT NULL,
  `curr_rate` double NOT NULL,
  `amount` double DEFAULT NULL,
  `payment` double DEFAULT NULL,
  `debit` double NOT NULL,
  `credit` double NOT NULL,
  `status` bit(1) DEFAULT b'0',
  PRIMARY KEY (`id`),
  KEY `id` (`id`),
  KEY `id_2` (`id`)
) ENGINE=InnoDB AUTO_INCREMENT=9 DEFAULT CHARSET=latin1 ;

### Data of table `opening_sale` ###

INSERT INTO `opening_sale` VALUES
('1', '20', '21', '0', 'YR 2014', '181', '2014-12-31', 'MYR', '0', NULL, NULL, '0', '15332.7', '\0'),
('2', '20', '6', '0', 'YR2014', '225', '2014-12-31', 'MYR', '0', NULL, NULL, '0', '9058.5', '\0'),
('3', '20', '8', '0', 'YR2014', '226', '2014-12-31', 'MYR', '0', NULL, NULL, '0', '10234.6', '\0'),
('4', '20', '7', '0', 'YR2014', '227', '2014-12-31', 'MYR', '0', NULL, NULL, '0', '87501', '\0'),
('5', '20', '22', '0', 'YR2014', '228', '2014-12-31', 'MYR', '0', NULL, NULL, '0', '171882', '\0'),
('6', '10', '1', '0', 'YR2014', '36', '2014-12-31', 'MYR', '0', NULL, NULL, '47320.2', '0', '\0'),
('7', '10', '3', '0', 'YR2014', '37', '2014-12-31', 'MYR', '0', NULL, NULL, '15026.4', '0', '\0'),
('8', '10', '2', '0', 'YR2014', '38', '2014-12-31', 'MYR', '0', NULL, NULL, '218100', '0', '\0');

### Structure of table `opening_sale_item` ###

DROP TABLE IF EXISTS `opening_sale_item`;

CREATE TABLE `opening_sale_item` (
  `id` int(11) NOT NULL,
  `sale_id` int(11) NOT NULL,
  `description` tinytext NOT NULL,
  `quantity` double NOT NULL,
  `discount_percent` int(2) DEFAULT NULL,
  `tax_type_id` int(11) DEFAULT NULL,
  `unit_price` double DEFAULT NULL,
  `currency` char(10) DEFAULT NULL,
  `credit` double NOT NULL DEFAULT '0',
  `debit` double NOT NULL DEFAULT '0'
) ENGINE=InnoDB DEFAULT CHARSET=latin1 ;

### Data of table `opening_sale_item` ###


### Structure of table `payment_terms` ###

DROP TABLE IF EXISTS `payment_terms`;

CREATE TABLE `payment_terms` (
  `terms_indicator` int(11) NOT NULL AUTO_INCREMENT,
  `terms` char(80) COLLATE utf8_unicode_ci NOT NULL DEFAULT '',
  `days_before_due` smallint(6) NOT NULL DEFAULT '0',
  `day_in_following_month` smallint(6) NOT NULL DEFAULT '0',
  `inactive` tinyint(1) NOT NULL DEFAULT '0',
  PRIMARY KEY (`terms_indicator`),
  UNIQUE KEY `terms` (`terms`)
) ENGINE=MyISAM AUTO_INCREMENT=6 DEFAULT CHARSET=utf8 COLLATE=utf8_unicode_ci ;

### Data of table `payment_terms` ###

INSERT INTO `payment_terms` VALUES
('1', 'Due 15th Of the Following Month', '0', '17', '0'),
('2', 'Due By End Of The Following Month', '0', '30', '0'),
('3', 'Payment due within 10 days', '10', '0', '0'),
('4', 'Cash Only', '0', '0', '0'),
('5', 'Term 30 Days', '30', '0', '0');

### Structure of table `prices` ###

DROP TABLE IF EXISTS `prices`;

CREATE TABLE `prices` (
  `id` int(11) NOT NULL AUTO_INCREMENT,
  `stock_id` varchar(20) COLLATE utf8_unicode_ci NOT NULL DEFAULT '',
  `sales_type_id` int(11) NOT NULL DEFAULT '0',
  `curr_abrev` char(3) COLLATE utf8_unicode_ci NOT NULL DEFAULT '',
  `price` double NOT NULL DEFAULT '0',
  PRIMARY KEY (`id`),
  UNIQUE KEY `price` (`stock_id`,`sales_type_id`,`curr_abrev`)
) ENGINE=MyISAM AUTO_INCREMENT=3 DEFAULT CHARSET=utf8 COLLATE=utf8_unicode_ci ;

### Data of table `prices` ###


### Structure of table `print_profiles` ###

DROP TABLE IF EXISTS `print_profiles`;

CREATE TABLE `print_profiles` (
  `id` smallint(6) unsigned NOT NULL AUTO_INCREMENT,
  `profile` varchar(30) COLLATE utf8_unicode_ci NOT NULL,
  `report` varchar(5) COLLATE utf8_unicode_ci DEFAULT NULL,
  `printer` tinyint(3) unsigned DEFAULT NULL,
  PRIMARY KEY (`id`),
  UNIQUE KEY `profile` (`profile`,`report`)
) ENGINE=MyISAM AUTO_INCREMENT=10 DEFAULT CHARSET=utf8 COLLATE=utf8_unicode_ci ;

### Data of table `print_profiles` ###

INSERT INTO `print_profiles` VALUES
('1', 'Out of office', NULL, '0'),
('2', 'Sales Department', NULL, '0'),
('3', 'Central', NULL, '2'),
('4', 'Sales Department', '104', '2'),
('5', 'Sales Department', '105', '2'),
('6', 'Sales Department', '107', '2'),
('7', 'Sales Department', '109', '2'),
('8', 'Sales Department', '110', '2'),
('9', 'Sales Department', '201', '2');

### Structure of table `printers` ###

DROP TABLE IF EXISTS `printers`;

CREATE TABLE `printers` (
  `id` tinyint(3) unsigned NOT NULL AUTO_INCREMENT,
  `name` varchar(20) COLLATE utf8_unicode_ci NOT NULL,
  `description` varchar(60) COLLATE utf8_unicode_ci NOT NULL,
  `queue` varchar(20) COLLATE utf8_unicode_ci NOT NULL,
  `host` varchar(40) COLLATE utf8_unicode_ci NOT NULL,
  `port` smallint(11) unsigned NOT NULL,
  `timeout` tinyint(3) unsigned NOT NULL,
  PRIMARY KEY (`id`),
  UNIQUE KEY `name` (`name`)
) ENGINE=MyISAM AUTO_INCREMENT=4 DEFAULT CHARSET=utf8 COLLATE=utf8_unicode_ci ;

### Data of table `printers` ###

INSERT INTO `printers` VALUES
('1', 'QL500', 'Label printer', 'QL500', 'server', '127', '20'),
('2', 'Samsung', 'Main network printer', 'scx4521F', 'server', '515', '5'),
('3', 'Local', 'Local print server at user IP', 'lp', '', '515', '10');

### Structure of table `purch_data` ###

DROP TABLE IF EXISTS `purch_data`;

CREATE TABLE `purch_data` (
  `supplier_id` int(11) NOT NULL DEFAULT '0',
  `stock_id` char(20) COLLATE utf8_unicode_ci NOT NULL DEFAULT '',
  `price` double NOT NULL DEFAULT '0',
  `suppliers_uom` char(50) COLLATE utf8_unicode_ci NOT NULL DEFAULT '',
  `conversion_factor` double NOT NULL DEFAULT '1',
  `supplier_description` char(50) COLLATE utf8_unicode_ci NOT NULL DEFAULT '',
  PRIMARY KEY (`supplier_id`,`stock_id`)
) ENGINE=MyISAM DEFAULT CHARSET=utf8 COLLATE=utf8_unicode_ci ;

### Data of table `purch_data` ###

INSERT INTO `purch_data` VALUES
('24', 'PURCHASES', '54', '', '1', 'PURCHASES - HARDWARE'),
('25', 'PURCHASES', '100', '', '1', 'PURCHASES - HARDWARE'),
('1', 'PURCHASES', '455.99', '', '1', 'PURCHASES - HARDWARE'),
('27', 'PURCHASES', '25', '', '1', 'PURCHASES - HARDWARE'),
('11', 'PURCHASES', '235.85', '', '1', 'PURCHASES - HARDWARE'),
('19', 'PURCHASES', '80', '', '1', 'PURCHASES - HARDWARE'),
('9', 'PURCHASES', '163', '', '1', 'PURCHASES - HARDWARE'),
('4', 'PURCHASES', '312', '', '1', 'PURCHASES - HARDWARE'),
('8', 'PURCHASES', '46.5', '', '1', 'PURCHASES - HARDWARE'),
('5', 'PURCHASES', '75', '', '1', 'PURCHASES - HARDWARE'),
('10', 'PURCHASES', '519', '', '1', 'PURCHASES - HARDWARE'),
('7', 'PURCHASES', '848.5', '', '1', 'PURCHASES - HARDWARE'),
('20', 'PURCHASES', '215', '', '1', 'PURCHASES - HARDWARE'),
('1', 'BCS_DAMANSARA', '455.99', '', '1', 'BUILDING CONTROL SYSTEM DAMANSARA CITY PHASE 2'),
('28', 'PURCHASES', '800', '', '1', 'PURCHASES - HARDWARE'),
('12', 'PURCHASES', '3', '', '1', 'PURCHASES - HARDWARE'),
('2', 'PURCHASES', '55', '', '1', 'PURCHASES - HARDWARE'),
('13', 'PURCHASES', '24', '', '1', 'PURCHASES - HARDWARE'),
('16', 'PURCHASES', '9.5', '', '1', 'PURCHASES - HARDWARE'),
('3', 'PURCHASES', '7876', '', '1', 'PURCHASES - HARDWARE'),
('14', 'PURCHASES', '30', '', '1', 'PURCHASES - HARDWARE'),
('17', 'PURCHASES', '13', '', '1', 'PURCHASES - HARDWARE'),
('15', 'PURCHASES', '45', '', '1', 'PURCHASES - HARDWARE'),
('18', 'PURCHASES', '7400', '', '1', 'PURCHASES - HARDWARE'),
('31', 'PURCHASES', '13375.4', '', '1', 'PURCHASES - HARDWARE'),
('32', 'SL', '1800', '', '1', 'SUB LABOUR'),
('33', 'PURCHASES', '640', '', '1', 'PURCHASES - HARDWARE'),
('22', 'SL', '60000', '', '1', 'SUB LABOUR'),
('22', 'TESTING', '50000', '', '1', 'TESTING &amp; COMMISSIONING'),
('34', 'PURCHASES', '3660', '', '1', 'PURCHASES - HARDWARE'),
('23', 'PURCHASES', '59.88', '', '1', 'PURCHASES - HARDWARE'),
('35', 'PURCHASES', '19', '', '1', 'PURCHASES - HARDWARE'),
('29', 'PURCHASES', '13', '', '1', 'PURCHASES - HARDWARE'),
('36', 'PURCHASES', '900', '', '1', 'PURCHASES - HARDWARE'),
('37', 'PURCHASES', '675', '', '1', 'PURCHASES - HARDWARE'),
('32', 'PURCHASES', '400', '', '1', 'PURCHASES - HARDWARE'),
('38', 'PURCHASES', '230', '', '1', 'PURCHASES - HARDWARE'),
('39', 'PURCHASES', '107.5', '', '1', 'PURCHASES - HARDWARE'),
('40', 'PURCHASES', '8', '', '1', 'PURCHASES - HARDWARE'),
('41', 'PURCHASES', '20', '', '1', 'PURCHASES - HARDWARE'),
('42', 'PURCHASES', '10', '', '1', 'PURCHASES - HARDWARE'),
('43', 'PURCHASES', '50', '', '1', 'PURCHASES - HARDWARE'),
('44', 'PURCHASES', '7.2', '', '1', 'PURCHASES - HARDWARE'),
('45', 'PURCHASES', '125', '', '1', 'PURCHASES - HARDWARE'),
('46', 'PURCHASES', '32', '', '1', 'PURCHASES - HARDWARE');

### Structure of table `purch_order_details` ###

DROP TABLE IF EXISTS `purch_order_details`;

CREATE TABLE `purch_order_details` (
  `po_detail_item` int(11) NOT NULL AUTO_INCREMENT,
  `order_no` int(11) NOT NULL DEFAULT '0',
  `item_code` varchar(20) COLLATE utf8_unicode_ci NOT NULL DEFAULT '',
  `description` tinytext COLLATE utf8_unicode_ci,
  `delivery_date` date NOT NULL DEFAULT '0000-00-00',
  `qty_invoiced` double NOT NULL DEFAULT '0',
  `unit_price` double NOT NULL DEFAULT '0',
  `act_price` double NOT NULL DEFAULT '0',
  `std_cost_unit` double NOT NULL DEFAULT '0',
  `quantity_ordered` double NOT NULL DEFAULT '0',
  `quantity_received` double NOT NULL DEFAULT '0',
  `tax_type_id` int(11) DEFAULT NULL,
  PRIMARY KEY (`po_detail_item`),
  KEY `order` (`order_no`,`po_detail_item`)
) ENGINE=InnoDB AUTO_INCREMENT=369 DEFAULT CHARSET=utf8 COLLATE=utf8_unicode_ci ;

### Data of table `purch_order_details` ###

INSERT INTO `purch_order_details` VALUES
('3', '3', 'PURCHASES', 'PURCHASES - HARDWARE', '2015-04-02', '0', '455.99', '455.99', '203.33', '1', '0', '12'),
('84', '84', 'PURCHASES', 'PURCHASES - HARDWARE', '2015-03-23', '0', '618.75', '618.75', '486.38226190476', '1', '0', '16'),
('85', '85', 'PURCHASES', 'PURCHASES - HARDWARE', '2015-03-23', '0', '129.2', '129.2', '482.18011764706', '1', '0', '16'),
('97', '97', 'PURCHASES', 'PURCHASES - HARDWARE', '2015-02-25', '0', '457', '457', '486.69391752577', '1', '0', '16'),
('129', '129', 'PURCHASES', 'PURCHASES - HARDWARE', '2015-04-03', '0', '519', '519', '516.98302325583', '1', '0', '12'),
('142', '142', 'BCS_DAMANSARA', 'BUILDING CONTROL SYSTEM DAMANSARA CITY PHASE 2', '2015-06-26', '0', '455.99', '455.99', '455.99', '1', '0', '12'),
('145', '145', 'BCS_DAMANSARA', 'BUILDING CONTROL SYSTEM DAMANSARA CITY PHASE 2', '2015-06-23', '0', '455.99', '455.99', '455.99', '1', '0', '12'),
('187', '187', 'PURCHASES', 'PURCHASES - HARDWARE', '2015-06-10', '0', '7400', '7400', '530.98329729734', '1', '0', '12'),
('200', '200', 'PURCHASES', 'PURCHASES - HARDWARE', '2015-05-27', '0', '2133', '2133', '1014.167461929', '1', '0', '12'),
('205', '205', 'SL', 'SUB LABOUR', '2015-08-16', '0', '60000', '60000', '30900', '1', '0', '16'),
('206', '206', 'SL', 'SUB LABOUR', '2015-08-16', '0', '60000', '60000', '30900', '1', '0', '16');

### Structure of table `purch_orders` ###

DROP TABLE IF EXISTS `purch_orders`;

CREATE TABLE `purch_orders` (
  `order_no` int(11) NOT NULL AUTO_INCREMENT,
  `supplier_id` int(11) NOT NULL DEFAULT '0',
  `comments` tinytext COLLATE utf8_unicode_ci,
  `ord_date` date NOT NULL DEFAULT '0000-00-00',
  `reference` tinytext COLLATE utf8_unicode_ci NOT NULL,
  `requisition_no` tinytext COLLATE utf8_unicode_ci,
  `into_stock_location` varchar(5) COLLATE utf8_unicode_ci NOT NULL DEFAULT '',
  `delivery_address` tinytext COLLATE utf8_unicode_ci NOT NULL,
  `total` double NOT NULL DEFAULT '0',
  `tax_included` tinyint(1) NOT NULL DEFAULT '0',
  PRIMARY KEY (`order_no`),
  KEY `ord_date` (`ord_date`)
) ENGINE=InnoDB AUTO_INCREMENT=369 DEFAULT CHARSET=utf8 COLLATE=utf8_unicode_ci ;

### Data of table `purch_orders` ###

INSERT INTO `purch_orders` VALUES
('3', '1', NULL, '2015-04-02', 'auto', '1420383982', 'DEF', 'Delivery 1\nDelivery 2\nDelivery 3', '455.99', '0'),
('84', '5', NULL, '2015-03-23', 'auto', '48092', 'DEF', 'Delivery 1\nDelivery 2\nDelivery 3', '618.75', '0'),
('85', '5', NULL, '2015-03-23', 'auto', '48037', 'DEF', 'Delivery 1\nDelivery 2\nDelivery 3', '129.2', '0'),
('97', '10', NULL, '2015-02-25', 'auto', '47610', 'DEF', 'Delivery 1\nDelivery 2\nDelivery 3', '457', '0'),
('129', '5', NULL, '2015-04-03', 'auto', '0432', 'DEF', 'Delivery 1\nDelivery 2\nDelivery 3', '519', '0'),
('142', '1', NULL, '2015-06-26', 'auto', '1420395392', 'DEF', 'Delivery 1\nDelivery 2\nDelivery 3', '455.99', '0'),
('145', '1', NULL, '2015-06-23', 'auto', '1420394829', 'DEF', 'Delivery 1\nDelivery 2\nDelivery 3', '455.99', '0'),
('187', '9', NULL, '2015-06-10', 'auto', '8156', 'DEF', 'Delivery 1\nDelivery 2\nDelivery 3', '7400', '0'),
('200', '8', NULL, '2015-05-27', 'auto', 'CIN00004297', 'DEF', 'Delivery 1\nDelivery 2\nDelivery 3', '2133', '0'),
('205', '22', 'TESTING AND COMMISSIONING FOR BUILDING CONTROL SYSTEM', '2015-08-16', 'auto', '2015/IOICITY/', 'DEF', 'Delivery 1\nDelivery 2\nDelivery 3', '60000', '0'),
('206', '22', NULL, '2015-08-16', 'auto', '2015/IOI/INV01', 'DEF', 'Delivery 1\nDelivery 2\nDelivery 3', '60000', '0');

### Structure of table `quick_entries` ###

DROP TABLE IF EXISTS `quick_entries`;

CREATE TABLE `quick_entries` (
  `id` smallint(6) unsigned NOT NULL AUTO_INCREMENT,
  `type` tinyint(1) NOT NULL DEFAULT '0',
  `description` varchar(60) COLLATE utf8_unicode_ci NOT NULL,
  `base_amount` double NOT NULL DEFAULT '0',
  `base_desc` varchar(60) COLLATE utf8_unicode_ci DEFAULT NULL,
  `bal_type` tinyint(1) NOT NULL DEFAULT '0',
  PRIMARY KEY (`id`),
  KEY `description` (`description`)
) ENGINE=MyISAM AUTO_INCREMENT=4 DEFAULT CHARSET=utf8 COLLATE=utf8_unicode_ci ;

### Data of table `quick_entries` ###

INSERT INTO `quick_entries` VALUES
('1', '1', 'Maintenance', '0', 'Amount', '0'),
('2', '4', 'Phone', '0', 'Amount', '0'),
('3', '2', 'Cash Sales', '0', 'Amount', '0');

### Structure of table `quick_entry_lines` ###

DROP TABLE IF EXISTS `quick_entry_lines`;

CREATE TABLE `quick_entry_lines` (
  `id` smallint(6) unsigned NOT NULL AUTO_INCREMENT,
  `qid` smallint(6) unsigned NOT NULL,
  `amount` double DEFAULT '0',
  `action` varchar(2) COLLATE utf8_unicode_ci NOT NULL,
  `dest_id` varchar(15) COLLATE utf8_unicode_ci NOT NULL DEFAULT '',
  `dimension_id` smallint(6) unsigned DEFAULT NULL,
  `dimension2_id` smallint(6) unsigned DEFAULT NULL,
  PRIMARY KEY (`id`),
  KEY `qid` (`qid`)
) ENGINE=MyISAM AUTO_INCREMENT=8 DEFAULT CHARSET=utf8 COLLATE=utf8_unicode_ci ;

### Data of table `quick_entry_lines` ###

INSERT INTO `quick_entry_lines` VALUES
('1', '1', '0', 't-', '1', '0', '0'),
('2', '2', '0', 't-', '1', '0', '0'),
('3', '3', '0', 't-', '1', '0', '0'),
('4', '3', '0', '=', '4010', '0', '0'),
('5', '1', '0', '=', '5765', '0', '0'),
('6', '2', '0', '=', '5780', '0', '0');

### Structure of table `recurrent_invoices` ###

DROP TABLE IF EXISTS `recurrent_invoices`;

CREATE TABLE `recurrent_invoices` (
  `id` smallint(6) unsigned NOT NULL AUTO_INCREMENT,
  `description` varchar(60) COLLATE utf8_unicode_ci NOT NULL DEFAULT '',
  `order_no` int(11) unsigned NOT NULL,
  `debtor_no` int(11) unsigned DEFAULT NULL,
  `group_no` smallint(6) unsigned DEFAULT NULL,
  `days` int(11) NOT NULL DEFAULT '0',
  `monthly` int(11) NOT NULL DEFAULT '0',
  `begin` date NOT NULL DEFAULT '0000-00-00',
  `end` date NOT NULL DEFAULT '0000-00-00',
  `last_sent` date NOT NULL DEFAULT '0000-00-00',
  PRIMARY KEY (`id`),
  UNIQUE KEY `description` (`description`)
) ENGINE=InnoDB DEFAULT CHARSET=utf8 COLLATE=utf8_unicode_ci ;

### Data of table `recurrent_invoices` ###


### Structure of table `refs` ###

DROP TABLE IF EXISTS `refs`;

CREATE TABLE `refs` (
  `id` int(11) NOT NULL DEFAULT '0',
  `type` int(11) NOT NULL DEFAULT '0',
  `reference` varchar(100) COLLATE utf8_unicode_ci NOT NULL DEFAULT '',
  PRIMARY KEY (`id`,`type`),
  KEY `Type_and_Reference` (`type`,`reference`)
) ENGINE=InnoDB DEFAULT CHARSET=utf8 COLLATE=utf8_unicode_ci ;

### Data of table `refs` ###

INSERT INTO `refs` VALUES
('7', '0', 'GJ00006'),
('47', '10', '10025'),
('44', '13', 'auto'),
('3', '18', 'auto'),
('84', '18', 'auto'),
('85', '18', 'auto'),
('97', '18', 'auto'),
('129', '18', 'auto'),
('142', '18', 'auto'),
('145', '18', 'auto'),
('187', '18', 'auto'),
('200', '18', 'auto'),
('205', '18', 'auto'),
('206', '18', 'auto'),
('1', '30', 'auto');

### Structure of table `sales_order_details` ###

DROP TABLE IF EXISTS `sales_order_details`;

CREATE TABLE `sales_order_details` (
  `id` int(11) NOT NULL AUTO_INCREMENT,
  `order_no` int(11) NOT NULL DEFAULT '0',
  `trans_type` smallint(6) NOT NULL DEFAULT '30',
  `stk_code` varchar(20) COLLATE utf8_unicode_ci NOT NULL DEFAULT '',
  `description` tinytext COLLATE utf8_unicode_ci,
  `qty_sent` double NOT NULL DEFAULT '0',
  `unit_price` double NOT NULL DEFAULT '0',
  `quantity` double NOT NULL DEFAULT '0',
  `discount_percent` double NOT NULL DEFAULT '0',
  `tax_type_id` int(11) DEFAULT NULL,
  PRIMARY KEY (`id`),
  KEY `sorder` (`trans_type`,`order_no`)
) ENGINE=InnoDB AUTO_INCREMENT=64 DEFAULT CHARSET=utf8 COLLATE=utf8_unicode_ci ;

### Data of table `sales_order_details` ###

INSERT INTO `sales_order_details` VALUES
('63', '1', '30', 'IPHJ', 'IPHJ-IMPERIAL PUTERI HARBOUR JOHOR', '0', '10', '0', '0', '26');

### Structure of table `sales_orders` ###

DROP TABLE IF EXISTS `sales_orders`;

CREATE TABLE `sales_orders` (
  `order_no` int(11) NOT NULL,
  `trans_type` smallint(6) NOT NULL DEFAULT '30',
  `version` tinyint(1) unsigned NOT NULL DEFAULT '0',
  `type` tinyint(1) NOT NULL DEFAULT '0',
  `debtor_no` int(11) NOT NULL DEFAULT '0',
  `branch_code` int(11) NOT NULL DEFAULT '0',
  `reference` varchar(100) COLLATE utf8_unicode_ci NOT NULL DEFAULT '',
  `customer_ref` tinytext COLLATE utf8_unicode_ci NOT NULL,
  `comments` tinytext COLLATE utf8_unicode_ci,
  `ord_date` date NOT NULL DEFAULT '0000-00-00',
  `order_type` int(11) NOT NULL DEFAULT '0',
  `ship_via` int(11) NOT NULL DEFAULT '0',
  `delivery_address` tinytext COLLATE utf8_unicode_ci NOT NULL,
  `contact_phone` varchar(30) COLLATE utf8_unicode_ci DEFAULT NULL,
  `contact_email` varchar(100) COLLATE utf8_unicode_ci DEFAULT NULL,
  `deliver_to` tinytext COLLATE utf8_unicode_ci NOT NULL,
  `freight_cost` double NOT NULL DEFAULT '0',
  `from_stk_loc` varchar(5) COLLATE utf8_unicode_ci NOT NULL DEFAULT '',
  `delivery_date` date NOT NULL DEFAULT '0000-00-00',
  `payment_terms` int(11) DEFAULT NULL,
  `total` double NOT NULL DEFAULT '0',
  PRIMARY KEY (`trans_type`,`order_no`)
) ENGINE=InnoDB DEFAULT CHARSET=utf8 COLLATE=utf8_unicode_ci ;

### Data of table `sales_orders` ###

INSERT INTO `sales_orders` VALUES
('1', '30', '1', '0', '1', '1', 'auto', '', NULL, '2015-03-02', '1', '1', 'NO.6-1,JALAN PJS8/11,\nSUNWAY MENTARI,DATARAN MENTARI,\n46150 PETALING JAYA,SELANGOR', '603 5613 3488', NULL, 'ELEMENT EDGE SDN BHD', '0', 'DEF', '2016-01-30', '5', '10');

### Structure of table `sales_pos` ###

DROP TABLE IF EXISTS `sales_pos`;

CREATE TABLE `sales_pos` (
  `id` smallint(6) unsigned NOT NULL AUTO_INCREMENT,
  `pos_name` varchar(30) COLLATE utf8_unicode_ci NOT NULL,
  `cash_sale` tinyint(1) NOT NULL,
  `credit_sale` tinyint(1) NOT NULL,
  `pos_location` varchar(5) COLLATE utf8_unicode_ci NOT NULL,
  `pos_account` smallint(6) unsigned NOT NULL,
  `inactive` tinyint(1) NOT NULL DEFAULT '0',
  PRIMARY KEY (`id`),
  UNIQUE KEY `pos_name` (`pos_name`)
) ENGINE=MyISAM AUTO_INCREMENT=3 DEFAULT CHARSET=utf8 COLLATE=utf8_unicode_ci ;

### Data of table `sales_pos` ###

INSERT INTO `sales_pos` VALUES
('1', 'Default', '1', '1', 'DEF', '2', '0'),
('2', 'Jess ', '0', '1', 'DEF', '2', '0');

### Structure of table `sales_types` ###

DROP TABLE IF EXISTS `sales_types`;

CREATE TABLE `sales_types` (
  `id` int(11) NOT NULL AUTO_INCREMENT,
  `sales_type` char(50) COLLATE utf8_unicode_ci NOT NULL DEFAULT '',
  `tax_included` int(1) NOT NULL DEFAULT '0',
  `factor` double NOT NULL DEFAULT '1',
  `inactive` tinyint(1) NOT NULL DEFAULT '0',
  PRIMARY KEY (`id`),
  UNIQUE KEY `sales_type` (`sales_type`)
) ENGINE=MyISAM AUTO_INCREMENT=3 DEFAULT CHARSET=utf8 COLLATE=utf8_unicode_ci ;

### Data of table `sales_types` ###

INSERT INTO `sales_types` VALUES
('1', 'PROJECT', '1', '1', '0');

### Structure of table `salesman` ###

DROP TABLE IF EXISTS `salesman`;

CREATE TABLE `salesman` (
  `salesman_code` int(11) NOT NULL AUTO_INCREMENT,
  `salesman_name` char(60) COLLATE utf8_unicode_ci NOT NULL DEFAULT '',
  `salesman_phone` char(30) COLLATE utf8_unicode_ci NOT NULL DEFAULT '',
  `salesman_fax` char(30) COLLATE utf8_unicode_ci NOT NULL DEFAULT '',
  `salesman_email` varchar(100) COLLATE utf8_unicode_ci NOT NULL DEFAULT '',
  `provision` double NOT NULL DEFAULT '0',
  `break_pt` double NOT NULL DEFAULT '0',
  `provision2` double NOT NULL DEFAULT '0',
  `inactive` tinyint(1) NOT NULL DEFAULT '0',
  PRIMARY KEY (`salesman_code`),
  UNIQUE KEY `salesman_name` (`salesman_name`)
) ENGINE=MyISAM AUTO_INCREMENT=3 DEFAULT CHARSET=utf8 COLLATE=utf8_unicode_ci ;

### Data of table `salesman` ###

INSERT INTO `salesman` VALUES
('1', 'Sales Person', '', '', '', '5', '1000', '4', '0');

### Structure of table `security_roles` ###

DROP TABLE IF EXISTS `security_roles`;

CREATE TABLE `security_roles` (
  `id` int(11) NOT NULL AUTO_INCREMENT,
  `role` varchar(30) COLLATE utf8_unicode_ci NOT NULL,
  `description` varchar(50) COLLATE utf8_unicode_ci DEFAULT NULL,
  `sections` text COLLATE utf8_unicode_ci,
  `areas` text COLLATE utf8_unicode_ci,
  `inactive` tinyint(1) NOT NULL DEFAULT '0',
  PRIMARY KEY (`id`),
  UNIQUE KEY `role` (`role`)
) ENGINE=MyISAM AUTO_INCREMENT=11 DEFAULT CHARSET=utf8 COLLATE=utf8_unicode_ci ;

### Data of table `security_roles` ###

INSERT INTO `security_roles` VALUES
('1', 'Inquiries', 'Inquiries', '768;2816;3072;3328;5632;5888;8192;8448;10752;11008;13312;15872;16128', '257;258;259;260;513;514;515;516;517;518;519;520;521;522;523;524;525;773;774;2822;3073;3075;3076;3077;3329;3330;3331;3332;3333;3334;3335;5377;5633;5640;5889;5890;5891;7937;7938;7939;7940;8193;8194;8450;8451;10497;10753;11009;11010;11012;13313;13315;15617;15618;15619;15620;15621;15622;15623;15624;15625;15626;15873;15882;16129;16130;16131;16132', '0'),
('2', 'System Administrator', 'System Administrator', '256;512;768;2816;3072;3328;5376;5632;5888;7936;8192;8448;10496;10752;11008;13056;13312;15616;15872;16128', '257;258;259;260;513;514;515;516;517;518;519;520;521;522;523;524;525;526;769;770;771;772;773;774;2817;2818;2819;2820;2821;2822;2823;3073;3074;3082;3075;3076;3077;3078;3079;3080;3081;3329;3330;3331;3332;3333;3334;3335;5377;5633;5634;5635;5636;5637;5641;5638;5639;5640;5889;5890;5891;7937;7938;7939;7940;8193;8194;8195;8196;8197;8449;8450;8451;10497;10753;10754;10755;10756;10757;11009;11010;11011;11012;13057;13313;13314;13315;15617;15618;15619;15620;15621;15622;15623;15624;15628;15625;15626;15627;15873;15874;15875;15876;15877;15878;15879;15880;15883;15881;15882;16129;16130;16131;16132', '0'),
('3', 'Salesman', 'Salesman', '768;3072;5632;8192;15872', '773;774;3073;3075;3081;5633;8194;15873', '0'),
('4', 'Stock Manager', 'Stock Manager', '2816;3072;3328;5632;5888;8192;8448;10752;11008;13312;15872;16128', '2818;2822;3073;3076;3077;3329;3330;3330;3330;3331;3331;3332;3333;3334;3335;5633;5640;5889;5890;5891;8193;8194;8450;8451;10753;11009;11010;11012;13313;13315;15882;16129;16130;16131;16132', '0'),
('5', 'Production Manager', 'Production Manager', '512;2816;3072;3328;5632;5888;8192;8448;10752;11008;13312;15616;15872;16128', '521;523;524;2818;2819;2820;2821;2822;2823;3073;3074;3076;3077;3078;3079;3080;3081;3329;3330;3330;3330;3331;3331;3332;3333;3334;3335;5633;5640;5640;5889;5890;5891;8193;8194;8196;8197;8450;8451;10753;10755;11009;11010;11012;13313;13315;15617;15619;15620;15621;15624;15624;15876;15877;15880;15882;16129;16130;16131;16132', '0'),
('6', 'Purchase Officer', 'Purchase Officer', '512;2816;3072;3328;5376;5632;5888;8192;8448;10752;11008;13312;15616;15872;16128', '521;523;524;2818;2819;2820;2821;2822;2823;3073;3074;3076;3077;3078;3079;3080;3081;3329;3330;3330;3330;3331;3331;3332;3333;3334;3335;5377;5633;5635;5640;5640;5889;5890;5891;8193;8194;8196;8197;8449;8450;8451;10753;10755;11009;11010;11012;13313;13315;15617;15619;15620;15621;15624;15624;15876;15877;15880;15882;16129;16130;16131;16132', '0'),
('7', 'AR Officer', 'AR Officer', '512;768;2816;3072;3328;5632;5888;8192;8448;10752;11008;13312;15616;15872;16128', '521;523;524;771;773;774;2818;2819;2820;2821;2822;2823;3073;3073;3074;3075;3076;3077;3078;3079;3080;3081;3081;3329;3330;3330;3330;3331;3331;3332;3333;3334;3335;5633;5633;5634;5637;5638;5639;5640;5640;5889;5890;5891;8193;8194;8194;8196;8197;8450;8451;10753;10755;11009;11010;11012;13313;13315;15617;15619;15620;15621;15624;15624;15873;15876;15877;15878;15880;15882;16129;16130;16131;16132', '0'),
('8', 'AP Officer', 'AP Officer', '512;2816;3072;3328;5376;5632;5888;8192;8448;10752;11008;13312;15616;15872;16128', '257;258;259;260;521;523;524;769;770;771;772;773;774;2818;2819;2820;2821;2822;2823;3073;3074;3082;3076;3077;3078;3079;3080;3081;3329;3330;3331;3332;3333;3334;3335;5377;5633;5635;5640;5889;5890;5891;7937;7938;7939;7940;8193;8194;8196;8197;8449;8450;8451;10497;10753;10755;11009;11010;11012;13057;13313;13315;15617;15619;15620;15621;15624;15876;15877;15880;15882;16129;16130;16131;16132', '0'),
('9', 'Accountant', 'New Accountant', '512;768;2816;3072;3328;5376;5632;5888;8192;8448;10752;11008;13312;15616;15872;16128;91136', '257;258;259;260;515;516;517;518;521;522;523;524;525;771;772;773;774;2817;2818;2819;2820;2821;2822;2823;3073;3074;3082;3075;3076;3077;3078;3079;3080;3081;3329;3330;3331;3332;3333;3334;3335;5377;5633;5634;5635;5636;5637;5641;5638;5639;5640;5889;5890;5891;7937;7938;7939;7940;8193;8194;8196;8197;8449;8450;8451;10497;10753;10754;10755;11009;11010;11012;13057;13313;13315;15617;15618;15619;15620;15621;15622;15623;15624;15628;15625;15626;15627;15629;15873;15874;15875;15876;15877;15878;15879;15880;15883;15881;15882;15884;16129;16130;16131;16132;91236;91237', '0'),
('10', 'Sub Admin', 'Sub Admin', '512;768;2816;3072;3328;5376;5632;5888;8192;8448;10752;11008;13312;15616;15872;16128', '257;258;259;260;521;523;524;771;772;773;774;2818;2819;2820;2821;2822;2823;3073;3074;3082;3075;3076;3077;3078;3079;3080;3081;3329;3330;3331;3332;3333;3334;3335;5377;5633;5634;5635;5637;5638;5639;5640;5889;5890;5891;7937;7938;7939;7940;8193;8194;8196;8197;8449;8450;8451;10497;10753;10755;11009;11010;11012;13057;13313;13315;15617;15619;15620;15621;15624;15873;15874;15876;15877;15878;15879;15880;15882;16129;16130;16131;16132', '0');

### Structure of table `shippers` ###

DROP TABLE IF EXISTS `shippers`;

CREATE TABLE `shippers` (
  `shipper_id` int(11) NOT NULL AUTO_INCREMENT,
  `shipper_name` varchar(60) COLLATE utf8_unicode_ci NOT NULL DEFAULT '',
  `phone` varchar(30) COLLATE utf8_unicode_ci NOT NULL DEFAULT '',
  `phone2` varchar(30) COLLATE utf8_unicode_ci NOT NULL DEFAULT '',
  `contact` tinytext COLLATE utf8_unicode_ci NOT NULL,
  `address` tinytext COLLATE utf8_unicode_ci NOT NULL,
  `inactive` tinyint(1) NOT NULL DEFAULT '0',
  PRIMARY KEY (`shipper_id`),
  UNIQUE KEY `name` (`shipper_name`)
) ENGINE=MyISAM AUTO_INCREMENT=2 DEFAULT CHARSET=utf8 COLLATE=utf8_unicode_ci ;

### Data of table `shippers` ###

INSERT INTO `shippers` VALUES
('1', 'Default', '', '', '', '', '0');

### Structure of table `source_reference` ###

DROP TABLE IF EXISTS `source_reference`;

CREATE TABLE `source_reference` (
  `id` int(11) NOT NULL AUTO_INCREMENT,
  `trans_type` tinyint(5) DEFAULT NULL,
  `trans_no` tinyint(11) DEFAULT NULL,
  `reference` varchar(50) DEFAULT NULL,
  PRIMARY KEY (`id`)
) ENGINE=InnoDB DEFAULT CHARSET=latin1 ;

### Data of table `source_reference` ###


### Structure of table `sql_trail` ###

DROP TABLE IF EXISTS `sql_trail`;

CREATE TABLE `sql_trail` (
  `id` int(11) unsigned NOT NULL AUTO_INCREMENT,
  `sql` text COLLATE utf8_unicode_ci NOT NULL,
  `result` tinyint(1) NOT NULL,
  `msg` varchar(255) COLLATE utf8_unicode_ci NOT NULL,
  PRIMARY KEY (`id`)
) ENGINE=MyISAM AUTO_INCREMENT=2797 DEFAULT CHARSET=utf8 COLLATE=utf8_unicode_ci ;

### Data of table `sql_trail` ###

INSERT INTO `sql_trail` VALUES
('1', 'UPDATE users SET last_visit_date=&#039;2015-09-16 12:26:41&#039;\n		WHERE user_id=&#039;lonengineering&#039;', '1', 'could not update last visit date for user lonengineering'),
('2', 'set @bal:=0', '1', ''),
('3', 'set @bal:=0', '1', ''),
('4', 'set @bal:=0', '1', ''),
('5', 'UPDATE users SET last_visit_date=&#039;2015-09-16 12:39:46&#039;\n		WHERE user_id=&#039;lonengineering&#039;', '1', 'could not update last visit date for user lonengineering'),
('6', 'set @bal:=0', '1', ''),
('7', 'set @bal:=0', '1', ''),
('8', 'UPDATE users SET last_visit_date=&#039;2015-09-16 12:40:35&#039;\n		WHERE user_id=&#039;lonengineering&#039;', '1', 'could not update last visit date for user lonengineering'),
('9', 'set @bal:=0', '1', ''),
('10', 'set @bal:=0', '1', ''),
('11', 'UPDATE users SET last_visit_date=&#039;2015-09-17 21:08:31&#039;\n		WHERE user_id=&#039;lonengineering&#039;', '1', 'could not update last visit date for user lonengineering'),
('12', 'set @bal:=0', '1', ''),
('13', 'set @bal:=0', '1', ''),
('14', 'set @bal:=0', '1', ''),
('15', 'set @bal:=0', '1', ''),
('16', 'set @bal:=0', '1', ''),
('17', 'set @bal:=0', '1', ''),
('18', 'set @bal:=0', '1', ''),
('19', 'set @bal:=0', '1', ''),
('20', 'set @bal:=0', '1', ''),
('21', 'UPDATE users SET last_visit_date=&#039;2015-09-17 21:59:59&#039;\n		WHERE user_id=&#039;lonengineering&#039;', '1', 'could not update last visit date for user lonengineering'),
('22', 'UPDATE users SET last_visit_date=&#039;2015-09-18 10:38:35&#039;\n		WHERE user_id=&#039;lonengineering&#039;', '1', 'could not update last visit date for user lonengineering'),
('23', 'UPDATE stock_category SET description = &#039;PROJECT SALES&#039;,dflt_tax_type = &#039;1&#039;,dflt_units = &#039;each&#039;,dflt_mb_flag = &#039;D&#039;,dflt_sales_act = &#039;4010&#039;,dflt_cogs_act = &#039;5010&#039;,dflt_inventory_act = &#039;1510&#039;,dflt_adjustment_act = &#039;5040&#039;,dflt_assembly_act = &#039;1530&#039;,dflt_dim1 = &#039;0&#039;,dflt_dim2 = &#039;0&#039;,dflt_no_sale = &#039;0&#039;WHERE category_id = &#039;1&#039;', '1', 'an item category could not be updated'),
('24', 'UPDATE stock_category SET description = &#039;PURCHASES&#039;,dflt_tax_type = &#039;1&#039;,dflt_units = &#039;each&#039;,dflt_mb_flag = &#039;D&#039;,dflt_sales_act = &#039;4010&#039;,dflt_cogs_act = &#039;5010&#039;,dflt_inventory_act = &#039;1510&#039;,dflt_adjustment_act = &#039;5040&#039;,dflt_assembly_act = &#039;1530&#039;,dflt_dim1 = &#039;0&#039;,dflt_dim2 = &#039;0&#039;,dflt_no_sale = &#039;0&#039;WHERE category_id = &#039;2&#039;', '1', 'an item category could not be updated'),
('25', 'UPDATE users SET last_visit_date=&#039;2015-09-18 20:33:32&#039;\n		WHERE user_id=&#039;lonengineering&#039;', '1', 'could not update last visit date for user lonengineering'),
('26', 'UPDATE users SET last_visit_date=&#039;2015-09-18 21:22:49&#039;\n		WHERE user_id=&#039;lonengineering&#039;', '1', 'could not update last visit date for user lonengineering'),
('27', 'UPDATE users SET last_visit_date=&#039;2015-09-18 21:34:23&#039;\n		WHERE user_id=&#039;lonengineering&#039;', '1', 'could not update last visit date for user lonengineering'),
('28', 'UPDATE users SET last_visit_date=&#039;2015-09-18 21:48:34&#039;\n		WHERE user_id=&#039;lonengineering&#039;', '1', 'could not update last visit date for user lonengineering'),
('29', 'UPDATE users SET last_visit_date=&#039;2015-09-19 21:36:21&#039;\n		WHERE user_id=&#039;lonengineering&#039;', '1', 'could not update last visit date for user lonengineering'),
('30', 'UPDATE users SET last_visit_date=&#039;2015-09-22 07:58:25&#039;\n		WHERE user_id=&#039;lonengineering&#039;', '1', 'could not update last visit date for user lonengineering'),
('31', 'UPDATE users SET last_visit_date=&#039;2015-09-22 08:01:47&#039;\n		WHERE user_id=&#039;lonengineering&#039;', '1', 'could not update last visit date for user lonengineering'),
('32', 'UPDATE users SET last_visit_date=&#039;2015-09-22 10:03:32&#039;\n		WHERE user_id=&#039;lonengineering&#039;', '1', 'could not update last visit date for user lonengineering'),
('33', 'set @bal:=0', '1', ''),
('34', 'REPLACE sys_prefs SET name=&#039;bcc_email&#039;, category=&#039;setup.company&#039;, type=&#039;varchar&#039;, length=&#039;100&#039;, value=&#039;&#039;', '1', 'cannot set company pref'),
('35', 'set @bal:=0', '1', ''),
('36', 'REPLACE sys_prefs SET name=&#039;bcc_email&#039;, category=&#039;setup.company&#039;, type=&#039;varchar&#039;, length=&#039;100&#039;, value=&#039;&#039;', '1', 'cannot set company pref'),
('37', 'UPDATE users SET last_visit_date=&#039;2015-09-22 10:10:49&#039;\n		WHERE user_id=&#039;lonengineering&#039;', '1', 'could not update last visit date for user lonengineering'),
('38', 'UPDATE users SET prices_dec=&#039;2&#039;,amount_dec=&#039;2&#039;,qty_dec=&#039;2&#039;,rates_dec=&#039;4&#039;,percent_dec=&#039;1&#039;,date_format=&#039;1&#039;,date_sep=&#039;2&#039;,tho_sep=&#039;0&#039;,dec_sep=&#039;0&#039;,print_profile=&#039;&#039;,theme=&#039;template&#039;,page_size=&#039;A4&#039;,language=&#039;C&#039;,startup_tab=&#039;orders&#039;,show_gl=&#039;1&#039;,show_codes=&#039;1&#039;,show_hints=&#039;1&#039;,rep_popup=&#039;1&#039;,graphic_links=&#039;1&#039;,sticky_doc_date=&#039;1&#039;,query_size=&#039;10&#039; WHERE id=&#039;1&#039;', '1', 'could not update user display prefs for 1'),
('39', 'set @bal:=0', '1', ''),
('40', 'REPLACE sys_prefs SET name=&#039;bcc_email&#039;, category=&#039;setup.company&#039;, type=&#039;varchar&#039;, length=&#039;100&#039;, value=&#039;&#039;', '1', 'cannot set company pref'),
('41', 'UPDATE users SET prices_dec=&#039;2&#039;,amount_dec=&#039;2&#039;,qty_dec=&#039;0&#039;,rates_dec=&#039;4&#039;,percent_dec=&#039;0&#039;,date_format=&#039;1&#039;,date_sep=&#039;2&#039;,tho_sep=&#039;0&#039;,dec_sep=&#039;0&#039;,print_profile=&#039;&#039;,theme=&#039;template&#039;,page_size=&#039;A4&#039;,language=&#039;C&#039;,startup_tab=&#039;orders&#039;,show_gl=&#039;1&#039;,show_codes=&#039;1&#039;,show_hints=&#039;1&#039;,rep_popup=&#039;1&#039;,graphic_links=&#039;1&#039;,sticky_doc_date=&#039;1&#039;,query_size=&#039;10&#039; WHERE id=&#039;1&#039;', '1', 'could not update user display prefs for 1'),
('42', 'set @bal:=0', '1', ''),
('43', 'UPDATE users SET prices_dec=&#039;2&#039;,amount_dec=&#039;2&#039;,qty_dec=&#039;2&#039;,rates_dec=&#039;4&#039;,percent_dec=&#039;1&#039;,date_format=&#039;1&#039;,date_sep=&#039;2&#039;,tho_sep=&#039;0&#039;,dec_sep=&#039;0&#039;,print_profile=&#039;&#039;,theme=&#039;template&#039;,page_size=&#039;A4&#039;,language=&#039;C&#039;,startup_tab=&#039;orders&#039;,show_gl=&#039;1&#039;,show_codes=&#039;1&#039;,show_hints=&#039;1&#039;,rep_popup=&#039;1&#039;,graphic_links=&#039;1&#039;,sticky_doc_date=&#039;1&#039;,query_size=&#039;10&#039; WHERE id=&#039;1&#039;', '1', 'could not update user display prefs for 1'),
('44', 'UPDATE users SET last_visit_date=&#039;2015-09-22 13:26:40&#039;\n		WHERE user_id=&#039;lonengineering&#039;', '1', 'could not update last visit date for user lonengineering'),
('45', 'UPDATE users SET last_visit_date=&#039;2015-09-22 13:29:46&#039;\n		WHERE user_id=&#039;lonengineering&#039;', '1', 'could not update last visit date for user lonengineering'),
('46', 'UPDATE users SET last_visit_date=&#039;2015-09-22 20:16:15&#039;\n		WHERE user_id=&#039;lonengineering&#039;', '1', 'could not update last visit date for user lonengineering'),
('47', 'set @bal:=0', '1', ''),
('48', 'UPDATE users SET last_visit_date=&#039;2015-09-22 22:08:17&#039;\n		WHERE user_id=&#039;lonengineering&#039;', '1', 'could not update last visit date for user lonengineering'),
('49', 'UPDATE users SET last_visit_date=&#039;2015-09-22 22:14:24&#039;\n		WHERE user_id=&#039;lonengineering&#039;', '1', 'could not update last visit date for user lonengineering'),
('50', 'set @bal:=0', '1', ''),
('51', 'set @bal:=0', '1', ''),
('52', 'BEGIN', '1', 'could not start a transaction'),
('53', 'UPDATE stock_master SET material_cost=&#039;0&#039;, \n		labour_cost=&#039;0&#039;, \n		overhead_cost=&#039;0&#039;, \n		last_cost=&#039;455.99&#039; \n		WHERE stock_id=&#039;BCS_DAMANSARA&#039;', '1', 'The cost details for the inventory item could not be updated'),
('54', 'COMMIT', '1', 'could not commit a transaction'),
('55', 'INSERT INTO stock_master (stock_id, description, long_description, category_id,\n		units, mb_flag, sales_account, inventory_account, cogs_account,\n		adjustment_account, assembly_account, dimension_id, dimension2_id, no_sale, sales_gst_type, purchase_gst_type, editable)\n		VALUES (&#039;BCS_SALES&#039;, &#039;BCS DAMANSARA&#039;, &#039;&#039;,\n		&#039;1&#039;, &#039;each&#039;, &#039;D&#039;,\n		&#039;4010&#039;, &#039;1510&#039;, &#039;5010&#039;,&#039;5040&#039;, &#039;1530&#039;, &#039;0&#039;, &#039;0&#039;,&#039;0&#039;,&#039;26&#039;,&#039;12&#039;,&#039;0&#039;)', '1', 'The item could not be added'),
('56', 'INSERT INTO item_codes\n			(item_code, stock_id, description, category_id, quantity, is_foreign) \n			VALUES( &#039;BCS_SALES&#039;,&#039;BCS_SALES&#039;,\n	  		&#039;BCS DAMANSARA&#039;,&#039;1&#039;,&#039;1&#039;,&#039;0&#039;)', '1', 'an item code could not be added'),
('57', 'UPDATE users SET last_visit_date=&#039;2015-09-23 09:17:30&#039;\n		WHERE user_id=&#039;lonengineering&#039;', '1', 'could not update last visit date for user lonengineering'),
('58', 'set @bal:=0', '1', ''),
('59', 'BEGIN', '1', 'could not start a transaction'),
('60', 'INSERT INTO sales_orders (order_no, type, debtor_no, trans_type, branch_code, customer_ref, reference, comments, ord_date,\n		order_type, ship_via, deliver_to, delivery_address, contact_phone,\n		freight_cost, from_stk_loc, delivery_date, payment_terms, total)\n		VALUES (&#039;30&#039;,&#039;0&#039;,&#039;1&#039;, &#039;30&#039;,&#039;1&#039;, &#039;&#039;,&#039;auto&#039;,&#039;&#039;,&#039;2015-03-31&#039;, &#039;1&#039;, &#039;1&#039;,&#039;ELEMENT EDGE SDN BHD&#039;,&#039;NO.6-1,JALAN PJS8/11,\\nSUNWAY MENTARI,DATARAN MENTARI,\\n46150 PETALING JAYA,SELANGOR&#039;, &#039;603 5613 3488&#039;, &#039;0&#039;, &#039;DEF&#039;, &#039;2015-04-30&#039;,&#039;5&#039;,&#039;111723.72&#039;)', '1', 'order Cannot be Added'),
('61', 'INSERT INTO sales_order_details (order_no, trans_type, stk_code, description, unit_price, quantity, discount_percent, tax_type_id) VALUES (30,30,&#039;BCS_SALES&#039;, &#039;BCS DAMANSARA&#039;, 111723.72,\n				1,\n				0,31)', '1', 'order Details Cannot be Added'),
('62', 'INSERT INTO audit_trail (type, trans_no, user, fiscal_year, gl_date, description, gl_seq)\n    			VALUES(&#039;30&#039;, &#039;30&#039;,1,2,&#039;2015-03-31&#039;,&#039;&#039;, 0)', '1', 'Cannot add audit info'),
('63', 'UPDATE audit_trail SET gl_seq = NULL WHERE type=&#039;30&#039; AND trans_no=&#039;30&#039; AND id!=978', '1', 'Cannot update audit gl_seq'),
('64', 'REPLACE refs SET reference=&#039;auto&#039;, type=&#039;30&#039;, id=&#039;30&#039;', '1', 'could not update reference entry'),
('65', 'UPDATE sales_orders SET version=version+1 WHERE order_no=&#039;30&#039; AND version=0 AND trans_type=30', '1', 'Concurrent editing conflict while sales order update'),
('66', 'INSERT INTO debtor_trans (\n			trans_no, type,\n			debtor_no, branch_code,\n			tran_date, due_date,\n			reference, tpe,\n			order_, ov_amount, ov_discount,\n			ov_gst, ov_freight, ov_freight_tax,\n			rate, ship_via, alloc,\n			dimension_id, dimension2_id, payment_terms,cheque,reason\n			) VALUES (&#039;30&#039;, &#039;13&#039;,\n			&#039;1&#039;, &#039;1&#039;,\n			&#039;2015-03-31&#039;, &#039;2015-04-30&#039;, &#039;auto&#039;,\n			&#039;1&#039;, &#039;30&#039;, 111723.72, &#039;0&#039;, 0,\n			&#039;0&#039;, 0, 1, &#039;1&#039;, 0,\n			&#039;0&#039;, &#039;0&#039;, &#039;5&#039;,&#039;&#039;, &#039;&#039;)', '1', 'The debtor transaction record could not be inserted'),
('67', 'INSERT INTO audit_trail (type, trans_no, user, fiscal_year, gl_date, description, gl_seq)\n    			VALUES(&#039;13&#039;, &#039;30&#039;,1,2,&#039;2015-03-31&#039;,&#039;&#039;, 0)', '1', 'Cannot add audit info'),
('68', 'UPDATE audit_trail SET gl_seq = NULL WHERE type=&#039;13&#039; AND trans_no=&#039;30&#039; AND id!=979', '1', 'Cannot update audit gl_seq'),
('69', 'INSERT INTO debtor_trans_details (debtor_trans_no,\n				debtor_trans_type, stock_id, description, quantity, unit_price,\n				unit_tax, discount_percent, standard_cost, tax_type_id, src_id)\n			VALUES (&#039;30&#039;, &#039;13&#039;, &#039;BCS_SALES&#039;, &#039;BCS DAMANSARA&#039;,\n				1, 111723.72, 0,\n				0, 0, &#039;31&#039;,&#039;49&#039;)', '1', 'The debtor transaction detail could not be written'),
('70', 'UPDATE sales_order_details\n				SET qty_sent = qty_sent + 1 WHERE id=&#039;49&#039;', '1', 'The parent document detail record could not be updated'),
('71', 'INSERT INTO stock_moves (stock_id, trans_no, type, loc_code,\n		tran_date, person_id, reference, qty, standard_cost, visible, price,\n		discount_percent) VALUES (&#039;BCS_SALES&#039;, &#039;30&#039;, &#039;13&#039;,	&#039;DEF&#039;, &#039;2015-03-31&#039;, &#039;0&#039;, &#039;auto&#039;, &#039;-1&#039;, &#039;0&#039;,&#039;1&#039;, &#039;111723.72&#039;, &#039;0&#039;)', '1', 'The customer stock movement record cannot be inserted'),
('72', 'INSERT INTO trans_tax_details\n	(trans_type, trans_no, tran_date, tax_type_id, rate, ex_rate,\n	included_in_price, net_amount, amount, memo)\n	VALUES (&#039;13&#039;,&#039;30&#039;,&#039;2015-03-31&#039;,&#039;31&#039;,&#039;0&#039;,&#039;1&#039;,1,&#039;111723.72&#039;,&#039;0&#039;,&#039;auto&#039;)', '1', 'Cannot save trans tax details'),
('73', 'REPLACE refs SET reference=&#039;auto&#039;, type=&#039;13&#039;, id=&#039;30&#039;', '1', 'could not update reference entry'),
('74', 'UPDATE debtor_trans SET version=version+1\n			WHERE type=&#039;13&#039; AND ((trans_no=&#039;30&#039; AND version=0))', '1', 'Concurrent editing conflict'),
('75', 'INSERT INTO `debtor_trans` (`debtor_no`, `branch_code`, `tran_date`, `due_date`, `reference`, `tpe`, `order_`, `ov_amount`, `ov_freight`, `ship_via`, `dimension_id`, `dimension2_id`, `payment_terms`, `rate`, `ov_discount`, `ov_gst`, `ov_freight_tax`, `trans_no`, `type`) VALUES (&#039;1&#039;, &#039;1&#039;, &#039;2015-03-31&#039;, &#039;2015-04-30&#039;, &#039;IN15028&#039;, &#039;1&#039;, &#039;30&#039;, 0, &#039;0&#039;, &#039;1&#039;, &#039;0&#039;, &#039;0&#039;, &#039;5&#039;, 1, 0, 0, 0, 30, 10)', '1', 'The debtor transaction record could not be inserted'),
('76', 'INSERT INTO audit_trail (type, trans_no, user, fiscal_year, gl_date, description, gl_seq)\n    			VALUES(&#039;10&#039;, &#039;30&#039;,1,2,&#039;2031-03-2015&#039;,&#039;Updated.&#039;, 0)', '1', 'Cannot add audit info'),
('77', 'UPDATE audit_trail SET gl_seq = NULL WHERE type=&#039;10&#039; AND trans_no=&#039;30&#039; AND id!=980', '1', 'Cannot update audit gl_seq'),
('78', 'INSERT INTO `debtor_trans_details` (`tax_type_id`, `debtor_trans_no`, `stock_id`, `description`, `quantity`, `unit_price`, `unit_tax`, `discount_percent`, `standard_cost`, `src_id`, `debtor_trans_type`) VALUES (&#039;31&#039;, 30, &#039;BCS_SALES&#039;, &#039;BCS DAMANSARA&#039;, 1, &#039;111723.72&#039;, 0, 0, &#039;0&#039;, &#039;174&#039;, 10)', '1', 'The debtor transaction detail could not be written'),
('79', 'UPDATE `debtor_trans_details` SET `qty_done` = qty_done +1 WHERE `id` =  &#039;174&#039; LIMIT 1', '1', 'The parent document detail record could not be updated'),
('80', 'INSERT INTO `trans_tax_details` (`trans_type`, `trans_no`, `tran_date`, `tax_type_id`, `included_in_price`, `ex_rate`, `memo`, `rate`, `amount`, `net_amount`) VALUES (10, 30, &#039;31-03-2015&#039;, &#039;31&#039;, &#039;1&#039;, 1, &#039;IN15028&#039;, &#039;0&#039;, 0, 111723.72)', '1', 'Cannot save trans tax details'),
('81', 'UPDATE `debtor_trans` SET `ov_amount` = 111723.72, `ov_gst` = 0, `ov_discount` = 0 WHERE `trans_no` =  30 AND `type` =  10 LIMIT 1', '1', 'The debtor transaction record could not be inserted'),
('82', 'INSERT INTO `gl_trans` (`type`, `type_no`, `tran_date`, `person_type_id`, `person_id`, `account`, `amount`, `dimension_id`, `dimension2_id`, `memo_`) VALUES (10, 30, &#039;2015-03-31&#039;, 2, &#039;1&#039;, &#039;4010&#039;, -111723.72, &#039;0&#039;, &#039;0&#039;, &#039;&#039;)', '1', 'The GL transaction could not be inserted'),
('83', 'INSERT INTO `gl_trans` (`type`, `type_no`, `tran_date`, `person_type_id`, `person_id`, `account`, `amount`, `dimension_id`, `dimension2_id`, `memo_`) VALUES (10, 30, &#039;2015-03-31&#039;, 2, &#039;1&#039;, &#039;2150&#039;, 0, 0, 0, &#039;&#039;)', '1', 'The GL transaction could not be inserted'),
('84', 'INSERT INTO `gl_trans` (`type`, `type_no`, `tran_date`, `person_type_id`, `person_id`, `account`, `amount`, `dimension_id`, `dimension2_id`, `memo_`) VALUES (10, 30, &#039;2015-03-31&#039;, 2, &#039;1&#039;, &#039;1200&#039;, 111723.72, 0, 0, &#039;&#039;)', '1', 'The GL transaction could not be inserted'),
('85', 'REPLACE refs SET reference=&#039;IN15028&#039;, type=&#039;10&#039;, id=&#039;30&#039;', '1', 'could not update reference entry'),
('86', 'UPDATE sys_types SET next_reference=&#039;IN15029&#039; WHERE type_id = &#039;10&#039;', '1', 'The next transaction ref for 10 could not be updated'),
('87', 'COMMIT', '1', 'could not commit a transaction'),
('88', 'set @bal:=0', '1', ''),
('89', 'set @bal:=0', '1', ''),
('90', 'BEGIN', '1', 'could not start a transaction'),
('91', 'INSERT INTO sales_orders (order_no, type, debtor_no, trans_type, branch_code, customer_ref, reference, comments, ord_date,\n		order_type, ship_via, deliver_to, delivery_address, contact_phone,\n		freight_cost, from_stk_loc, delivery_date, payment_terms, total)\n		VALUES (&#039;31&#039;,&#039;0&#039;,&#039;1&#039;, &#039;30&#039;,&#039;1&#039;, &#039;EE/LESB/C14001/LoA/001&#039;,&#039;auto&#039;,&#039;&#039;,&#039;2015-08-28&#039;, &#039;1&#039;, &#039;1&#039;,&#039;ELEMENT EDGE SDN BHD&#039;,&#039;NO.6-1,JALAN PJS8/11,\\nSUNWAY MENTARI,DATARAN MENTARI,\\n46150 PETALING JAYA,SELANGOR&#039;, &#039;603 5613 3488&#039;, &#039;0&#039;, &#039;DEF&#039;, &#039;2015-09-27&#039;,&#039;5&#039;,&#039;33835&#039;)', '1', 'order Cannot be Added'),
('92', 'INSERT INTO sales_order_details (order_no, trans_type, stk_code, description, unit_price, quantity, discount_percent, tax_type_id) VALUES (31,30,&#039;BCS_SALES&#039;, &#039;BCS DAMANSARA&#039;, 33835,\n				1,\n				0,26)', '1', 'order Details Cannot be Added'),
('93', 'INSERT INTO audit_trail (type, trans_no, user, fiscal_year, gl_date, description, gl_seq)\n    			VALUES(&#039;30&#039;, &#039;31&#039;,1,2,&#039;2015-08-28&#039;,&#039;&#039;, 0)', '1', 'Cannot add audit info'),
('94', 'UPDATE audit_trail SET gl_seq = NULL WHERE type=&#039;30&#039; AND trans_no=&#039;31&#039; AND id!=981', '1', 'Cannot update audit gl_seq'),
('95', 'REPLACE refs SET reference=&#039;auto&#039;, type=&#039;30&#039;, id=&#039;31&#039;', '1', 'could not update reference entry'),
('96', 'UPDATE sales_orders SET version=version+1 WHERE order_no=&#039;31&#039; AND version=0 AND trans_type=30', '1', 'Concurrent editing conflict while sales order update'),
('97', 'INSERT INTO debtor_trans (\n			trans_no, type,\n			debtor_no, branch_code,\n			tran_date, due_date,\n			reference, tpe,\n			order_, ov_amount, ov_discount,\n			ov_gst, ov_freight, ov_freight_tax,\n			rate, ship_via, alloc,\n			dimension_id, dimension2_id, payment_terms,cheque,reason\n			) VALUES (&#039;31&#039;, &#039;13&#039;,\n			&#039;1&#039;, &#039;1&#039;,\n			&#039;2015-08-28&#039;, &#039;2015-09-27&#039;, &#039;auto&#039;,\n			&#039;1&#039;, &#039;31&#039;, 33835, &#039;0&#039;, 0,\n			&#039;0&#039;, 0, 1, &#039;1&#039;, 0,\n			&#039;0&#039;, &#039;0&#039;, &#039;5&#039;,&#039;&#039;, &#039;&#039;)', '1', 'The debtor transaction record could not be inserted'),
('98', 'INSERT INTO audit_trail (type, trans_no, user, fiscal_year, gl_date, description, gl_seq)\n    			VALUES(&#039;13&#039;, &#039;31&#039;,1,2,&#039;2015-08-28&#039;,&#039;&#039;, 0)', '1', 'Cannot add audit info'),
('99', 'UPDATE audit_trail SET gl_seq = NULL WHERE type=&#039;13&#039; AND trans_no=&#039;31&#039; AND id!=982', '1', 'Cannot update audit gl_seq'),
('100', 'INSERT INTO debtor_trans_details (debtor_trans_no,\n				debtor_trans_type, stock_id, description, quantity, unit_price,\n				unit_tax, discount_percent, standard_cost, tax_type_id, src_id)\n			VALUES (&#039;31&#039;, &#039;13&#039;, &#039;BCS_SALES&#039;, &#039;BCS DAMANSARA&#039;,\n				1, 33835, 0,\n				0, 0, &#039;26&#039;,&#039;50&#039;)', '1', 'The debtor transaction detail could not be written'),
('101', 'UPDATE sales_order_details\n				SET qty_sent = qty_sent + 1 WHERE id=&#039;50&#039;', '1', 'The parent document detail record could not be updated'),
('102', 'INSERT INTO stock_moves (stock_id, trans_no, type, loc_code,\n		tran_date, person_id, reference, qty, standard_cost, visible, price,\n		discount_percent) VALUES (&#039;BCS_SALES&#039;, &#039;31&#039;, &#039;13&#039;,	&#039;DEF&#039;, &#039;2015-08-28&#039;, &#039;0&#039;, &#039;auto&#039;, &#039;-1&#039;, &#039;0&#039;,&#039;1&#039;, &#039;33835&#039;, &#039;0&#039;)', '1', 'The customer stock movement record cannot be inserted'),
('103', 'INSERT INTO trans_tax_details\n	(trans_type, trans_no, tran_date, tax_type_id, rate, ex_rate,\n	included_in_price, net_amount, amount, memo)\n	VALUES (&#039;13&#039;,&#039;31&#039;,&#039;2015-08-28&#039;,&#039;26&#039;,&#039;6&#039;,&#039;1&#039;,1,&#039;33835&#039;,&#039;1915.19&#039;,&#039;auto&#039;)', '1', 'Cannot save trans tax details'),
('104', 'REPLACE refs SET reference=&#039;auto&#039;, type=&#039;13&#039;, id=&#039;31&#039;', '1', 'could not update reference entry'),
('105', 'UPDATE debtor_trans SET version=version+1\n			WHERE type=&#039;13&#039; AND ((trans_no=&#039;31&#039; AND version=0))', '1', 'Concurrent editing conflict'),
('106', 'INSERT INTO `debtor_trans` (`debtor_no`, `branch_code`, `tran_date`, `due_date`, `reference`, `tpe`, `order_`, `ov_amount`, `ov_freight`, `ship_via`, `dimension_id`, `dimension2_id`, `payment_terms`, `rate`, `ov_discount`, `ov_gst`, `ov_freight_tax`, `trans_no`, `type`) VALUES (&#039;1&#039;, &#039;1&#039;, &#039;2015-08-28&#039;, &#039;2015-09-27&#039;, &#039;IN15029&#039;, &#039;1&#039;, &#039;31&#039;, 0, &#039;0&#039;, &#039;1&#039;, &#039;0&#039;, &#039;0&#039;, &#039;5&#039;, 1, 0, 0, 0, 31, 10)', '1', 'The debtor transaction record could not be inserted'),
('107', 'INSERT INTO audit_trail (type, trans_no, user, fiscal_year, gl_date, description, gl_seq)\n    			VALUES(&#039;10&#039;, &#039;31&#039;,1,2,&#039;2028-08-2015&#039;,&#039;Updated.&#039;, 0)', '1', 'Cannot add audit info'),
('108', 'UPDATE audit_trail SET gl_seq = NULL WHERE type=&#039;10&#039; AND trans_no=&#039;31&#039; AND id!=983', '1', 'Cannot update audit gl_seq'),
('109', 'INSERT INTO `debtor_trans_details` (`tax_type_id`, `debtor_trans_no`, `stock_id`, `description`, `quantity`, `unit_price`, `unit_tax`, `discount_percent`, `standard_cost`, `src_id`, `debtor_trans_type`) VALUES (&#039;26&#039;, 31, &#039;BCS_SALES&#039;, &#039;BCS DAMANSARA&#039;, 1, &#039;33835&#039;, 1915.1886792453, 0, &#039;0&#039;, &#039;176&#039;, 10)', '1', 'The debtor transaction detail could not be written'),
('110', 'UPDATE `debtor_trans_details` SET `qty_done` = qty_done +1 WHERE `id` =  &#039;176&#039; LIMIT 1', '1', 'The parent document detail record could not be updated'),
('111', 'INSERT INTO `trans_tax_details` (`trans_type`, `trans_no`, `tran_date`, `tax_type_id`, `included_in_price`, `ex_rate`, `memo`, `rate`, `amount`, `net_amount`) VALUES (10, 31, &#039;28-08-2015&#039;, &#039;26&#039;, &#039;1&#039;, 1, &#039;IN15029&#039;, &#039;6&#039;, 1915.1886792453, 31919.811320755)', '1', 'Cannot save trans tax details'),
('112', 'UPDATE `debtor_trans` SET `ov_amount` = 31919.811320755, `ov_gst` = 1915.1886792453, `ov_discount` = 0 WHERE `trans_no` =  31 AND `type` =  10 LIMIT 1', '1', 'The debtor transaction record could not be inserted'),
('113', 'INSERT INTO `gl_trans` (`type`, `type_no`, `tran_date`, `person_type_id`, `person_id`, `account`, `amount`, `dimension_id`, `dimension2_id`, `memo_`) VALUES (10, 31, &#039;2015-08-28&#039;, 2, &#039;1&#039;, &#039;4010&#039;, -31919.81, &#039;0&#039;, &#039;0&#039;, &#039;&#039;)', '1', 'The GL transaction could not be inserted'),
('114', 'INSERT INTO `gl_trans` (`type`, `type_no`, `tran_date`, `person_type_id`, `person_id`, `account`, `amount`, `dimension_id`, `dimension2_id`, `memo_`) VALUES (10, 31, &#039;2015-08-28&#039;, 2, &#039;1&#039;, &#039;2150&#039;, -1915.19, 0, 0, &#039;&#039;)', '1', 'The GL transaction could not be inserted'),
('115', 'INSERT INTO `gl_trans` (`type`, `type_no`, `tran_date`, `person_type_id`, `person_id`, `account`, `amount`, `dimension_id`, `dimension2_id`, `memo_`) VALUES (10, 31, &#039;2015-08-28&#039;, 2, &#039;1&#039;, &#039;1200&#039;, 33835, 0, 0, &#039;&#039;)', '1', 'The GL transaction could not be inserted'),
('116', 'REPLACE refs SET reference=&#039;IN15029&#039;, type=&#039;10&#039;, id=&#039;31&#039;', '1', 'could not update reference entry'),
('117', 'UPDATE sys_types SET next_reference=&#039;IN15030&#039; WHERE type_id = &#039;10&#039;', '1', 'The next transaction ref for 10 could not be updated'),
('118', 'COMMIT', '1', 'could not commit a transaction'),
('119', 'INSERT INTO prices (stock_id, sales_type_id, curr_abrev, price) \n		VALUES (&#039;TPH&#039;, &#039;1&#039;, &#039;MYR&#039;, &#039;0&#039;)', '1', 'an item price could not be added'),
('120', 'DELETE FROM prices WHERE id= &#039;1&#039;', '1', 'an item price could not be deleted'),
('121', 'INSERT INTO prices (stock_id, sales_type_id, curr_abrev, price) \n		VALUES (&#039;TPH&#039;, &#039;1&#039;, &#039;MYR&#039;, &#039;0&#039;)', '1', 'an item price could not be added'),
('122', 'DELETE FROM prices WHERE id= &#039;2&#039;', '1', 'an item price could not be deleted'),
('123', 'INSERT INTO stock_master (stock_id, description, long_description, category_id,\n		units, mb_flag, sales_account, inventory_account, cogs_account,\n		adjustment_account, assembly_account, dimension_id, dimension2_id, no_sale, sales_gst_type, purchase_gst_type, editable)\n		VALUES (&#039;PHTP&#039;, &#039;PHTP-PUTERI HARBOUR TEEGA PROJECT&#039;, &#039;&#039;,\n		&#039;1&#039;, &#039;each&#039;, &#039;D&#039;,\n		&#039;4010&#039;, &#039;1510&#039;, &#039;5010&#039;,&#039;5040&#039;, &#039;1530&#039;, &#039;0&#039;, &#039;0&#039;,&#039;0&#039;,&#039;26&#039;,&#039;12&#039;,&#039;0&#039;)', '1', 'The item could not be added'),
('124', 'INSERT INTO item_codes\n			(item_code, stock_id, description, category_id, quantity, is_foreign) \n			VALUES( &#039;PHTP&#039;,&#039;PHTP&#039;,\n	  		&#039;PHTP-PUTERI HARBOUR TEEGA PROJECT&#039;,&#039;1&#039;,&#039;1&#039;,&#039;0&#039;)', '1', 'an item code could not be added'),
('125', 'set @bal:=0', '1', ''),
('126', 'BEGIN', '1', 'could not start a transaction'),
('127', 'INSERT INTO sales_orders (order_no, type, debtor_no, trans_type, branch_code, customer_ref, reference, comments, ord_date,\n		order_type, ship_via, deliver_to, delivery_address, contact_phone,\n		freight_cost, from_stk_loc, delivery_date, payment_terms, total)\n		VALUES (&#039;32&#039;,&#039;0&#039;,&#039;3&#039;, &#039;30&#039;,&#039;3&#039;, &#039;G/LMY/NH(AD-2)14-3165&#039;,&#039;auto&#039;,&#039;&#039;,&#039;2015-08-13&#039;, &#039;1&#039;, &#039;1&#039;,&#039;JAYA SARANA ENGINEERING SDN BHD&#039;,&#039;4-01,JALAN BENTARA SATU,\\nTAMAN ISKANDAR,\\n80500 JOHOR BAHRU&#039;, &#039;607 333 8729&#039;, &#039;0&#039;, &#039;DEF&#039;, &#039;2015-09-12&#039;,&#039;5&#039;,&#039;36012.86&#039;)', '1', 'order Cannot be Added'),
('128', 'INSERT INTO sales_order_details (order_no, trans_type, stk_code, description, unit_price, quantity, discount_percent, tax_type_id) VALUES (32,30,&#039;PHTP&#039;, &#039;PHTP-PUTERI HARBOUR TEEGA PROJECT&#039;, 36012.86,\n				1,\n				0,26)', '1', 'order Details Cannot be Added'),
('129', 'INSERT INTO audit_trail (type, trans_no, user, fiscal_year, gl_date, description, gl_seq)\n    			VALUES(&#039;30&#039;, &#039;32&#039;,1,2,&#039;2015-08-13&#039;,&#039;&#039;, 0)', '1', 'Cannot add audit info'),
('130', 'UPDATE audit_trail SET gl_seq = NULL WHERE type=&#039;30&#039; AND trans_no=&#039;32&#039; AND id!=984', '1', 'Cannot update audit gl_seq'),
('131', 'REPLACE refs SET reference=&#039;auto&#039;, type=&#039;30&#039;, id=&#039;32&#039;', '1', 'could not update reference entry'),
('132', 'UPDATE sales_orders SET version=version+1 WHERE order_no=&#039;32&#039; AND version=0 AND trans_type=30', '1', 'Concurrent editing conflict while sales order update'),
('133', 'INSERT INTO debtor_trans (\n			trans_no, type,\n			debtor_no, branch_code,\n			tran_date, due_date,\n			reference, tpe,\n			order_, ov_amount, ov_discount,\n			ov_gst, ov_freight, ov_freight_tax,\n			rate, ship_via, alloc,\n			dimension_id, dimension2_id, payment_terms,cheque,reason\n			) VALUES (&#039;32&#039;, &#039;13&#039;,\n			&#039;3&#039;, &#039;3&#039;,\n			&#039;2015-08-13&#039;, &#039;2015-09-12&#039;, &#039;auto&#039;,\n			&#039;1&#039;, &#039;32&#039;, 36012.86, &#039;0&#039;, 0,\n			&#039;0&#039;, 0, 1, &#039;1&#039;, 0,\n			&#039;0&#039;, &#039;0&#039;, &#039;5&#039;,&#039;&#039;, &#039;&#039;)', '1', 'The debtor transaction record could not be inserted'),
('134', 'INSERT INTO audit_trail (type, trans_no, user, fiscal_year, gl_date, description, gl_seq)\n    			VALUES(&#039;13&#039;, &#039;32&#039;,1,2,&#039;2015-08-13&#039;,&#039;&#039;, 0)', '1', 'Cannot add audit info'),
('135', 'UPDATE audit_trail SET gl_seq = NULL WHERE type=&#039;13&#039; AND trans_no=&#039;32&#039; AND id!=985', '1', 'Cannot update audit gl_seq'),
('136', 'INSERT INTO debtor_trans_details (debtor_trans_no,\n				debtor_trans_type, stock_id, description, quantity, unit_price,\n				unit_tax, discount_percent, standard_cost, tax_type_id, src_id)\n			VALUES (&#039;32&#039;, &#039;13&#039;, &#039;PHTP&#039;, &#039;PHTP-PUTERI HARBOUR TEEGA PROJECT&#039;,\n				1, 36012.86, 0,\n				0, 0, &#039;26&#039;,&#039;51&#039;)', '1', 'The debtor transaction detail could not be written'),
('137', 'UPDATE sales_order_details\n				SET qty_sent = qty_sent + 1 WHERE id=&#039;51&#039;', '1', 'The parent document detail record could not be updated'),
('138', 'INSERT INTO stock_moves (stock_id, trans_no, type, loc_code,\n		tran_date, person_id, reference, qty, standard_cost, visible, price,\n		discount_percent) VALUES (&#039;PHTP&#039;, &#039;32&#039;, &#039;13&#039;,	&#039;DEF&#039;, &#039;2015-08-13&#039;, &#039;0&#039;, &#039;auto&#039;, &#039;-1&#039;, &#039;0&#039;,&#039;1&#039;, &#039;36012.86&#039;, &#039;0&#039;)', '1', 'The customer stock movement record cannot be inserted'),
('139', 'INSERT INTO trans_tax_details\n	(trans_type, trans_no, tran_date, tax_type_id, rate, ex_rate,\n	included_in_price, net_amount, amount, memo)\n	VALUES (&#039;13&#039;,&#039;32&#039;,&#039;2015-08-13&#039;,&#039;26&#039;,&#039;6&#039;,&#039;1&#039;,1,&#039;36012.86&#039;,&#039;2038.46&#039;,&#039;auto&#039;)', '1', 'Cannot save trans tax details'),
('140', 'REPLACE refs SET reference=&#039;auto&#039;, type=&#039;13&#039;, id=&#039;32&#039;', '1', 'could not update reference entry'),
('141', 'UPDATE debtor_trans SET version=version+1\n			WHERE type=&#039;13&#039; AND ((trans_no=&#039;32&#039; AND version=0))', '1', 'Concurrent editing conflict'),
('142', 'INSERT INTO `debtor_trans` (`debtor_no`, `branch_code`, `tran_date`, `due_date`, `reference`, `tpe`, `order_`, `ov_amount`, `ov_freight`, `ship_via`, `dimension_id`, `dimension2_id`, `payment_terms`, `rate`, `ov_discount`, `ov_gst`, `ov_freight_tax`, `trans_no`, `type`) VALUES (&#039;3&#039;, &#039;3&#039;, &#039;2015-08-13&#039;, &#039;2015-09-12&#039;, &#039;IN15030&#039;, &#039;1&#039;, &#039;32&#039;, 0, &#039;0&#039;, &#039;1&#039;, &#039;0&#039;, &#039;0&#039;, &#039;5&#039;, 1, 0, 0, 0, 32, 10)', '1', 'The debtor transaction record could not be inserted'),
('143', 'INSERT INTO audit_trail (type, trans_no, user, fiscal_year, gl_date, description, gl_seq)\n    			VALUES(&#039;10&#039;, &#039;32&#039;,1,2,&#039;2013-08-2015&#039;,&#039;Updated.&#039;, 0)', '1', 'Cannot add audit info'),
('144', 'UPDATE audit_trail SET gl_seq = NULL WHERE type=&#039;10&#039; AND trans_no=&#039;32&#039; AND id!=986', '1', 'Cannot update audit gl_seq'),
('145', 'INSERT INTO `debtor_trans_details` (`tax_type_id`, `debtor_trans_no`, `stock_id`, `description`, `quantity`, `unit_price`, `unit_tax`, `discount_percent`, `standard_cost`, `src_id`, `debtor_trans_type`) VALUES (&#039;26&#039;, 32, &#039;PHTP&#039;, &#039;PHTP-PUTERI HARBOUR TEEGA PROJECT&#039;, 1, &#039;36012.86&#039;, 2038.4637735849, 0, &#039;0&#039;, &#039;178&#039;, 10)', '1', 'The debtor transaction detail could not be written'),
('146', 'UPDATE `debtor_trans_details` SET `qty_done` = qty_done +1 WHERE `id` =  &#039;178&#039; LIMIT 1', '1', 'The parent document detail record could not be updated'),
('147', 'INSERT INTO `trans_tax_details` (`trans_type`, `trans_no`, `tran_date`, `tax_type_id`, `included_in_price`, `ex_rate`, `memo`, `rate`, `amount`, `net_amount`) VALUES (10, 32, &#039;13-08-2015&#039;, &#039;26&#039;, &#039;1&#039;, 1, &#039;IN15030&#039;, &#039;6&#039;, 2038.4637735849, 33974.396226415)', '1', 'Cannot save trans tax details'),
('148', 'UPDATE `debtor_trans` SET `ov_amount` = 33974.396226415, `ov_gst` = 2038.4637735849, `ov_discount` = 0 WHERE `trans_no` =  32 AND `type` =  10 LIMIT 1', '1', 'The debtor transaction record could not be inserted'),
('149', 'INSERT INTO `gl_trans` (`type`, `type_no`, `tran_date`, `person_type_id`, `person_id`, `account`, `amount`, `dimension_id`, `dimension2_id`, `memo_`) VALUES (10, 32, &#039;2015-08-13&#039;, 2, &#039;3&#039;, &#039;4010&#039;, -33974.4, &#039;0&#039;, &#039;0&#039;, &#039;&#039;)', '1', 'The GL transaction could not be inserted'),
('150', 'INSERT INTO `gl_trans` (`type`, `type_no`, `tran_date`, `person_type_id`, `person_id`, `account`, `amount`, `dimension_id`, `dimension2_id`, `memo_`) VALUES (10, 32, &#039;2015-08-13&#039;, 2, &#039;3&#039;, &#039;2150&#039;, -2038.46, 0, 0, &#039;&#039;)', '1', 'The GL transaction could not be inserted'),
('151', 'INSERT INTO `gl_trans` (`type`, `type_no`, `tran_date`, `person_type_id`, `person_id`, `account`, `amount`, `dimension_id`, `dimension2_id`, `memo_`) VALUES (10, 32, &#039;2015-08-13&#039;, 2, &#039;3&#039;, &#039;1200&#039;, 36012.86, 0, 0, &#039;&#039;)', '1', 'The GL transaction could not be inserted'),
('152', 'REPLACE refs SET reference=&#039;IN15030&#039;, type=&#039;10&#039;, id=&#039;32&#039;', '1', 'could not update reference entry'),
('153', 'UPDATE sys_types SET next_reference=&#039;IN15031&#039; WHERE type_id = &#039;10&#039;', '1', 'The next transaction ref for 10 could not be updated'),
('154', 'COMMIT', '1', 'could not commit a transaction'),
('155', 'INSERT INTO stock_master (stock_id, description, long_description, category_id,\n		units, mb_flag, sales_account, inventory_account, cogs_account,\n		adjustment_account, assembly_account, dimension_id, dimension2_id, no_sale, sales_gst_type, purchase_gst_type, editable)\n		VALUES (&#039;KLS&#039;, &#039;KLS-KL SENTRAL LOT B PROJECT&#039;, &#039;&#039;,\n		&#039;1&#039;, &#039;each&#039;, &#039;D&#039;,\n		&#039;4010&#039;, &#039;1510&#039;, &#039;5010&#039;,&#039;5040&#039;, &#039;1530&#039;, &#039;0&#039;, &#039;0&#039;,&#039;0&#039;,&#039;26&#039;,&#039;12&#039;,&#039;0&#039;)', '1', 'The item could not be added'),
('156', 'INSERT INTO item_codes\n			(item_code, stock_id, description, category_id, quantity, is_foreign) \n			VALUES( &#039;KLS&#039;,&#039;KLS&#039;,\n	  		&#039;KLS-KL SENTRAL LOT B PROJECT&#039;,&#039;1&#039;,&#039;1&#039;,&#039;0&#039;)', '1', 'an item code could not be added'),
('157', 'set @bal:=0', '1', ''),
('158', 'BEGIN', '1', 'could not start a transaction'),
('159', 'INSERT INTO sales_orders (order_no, type, debtor_no, trans_type, branch_code, customer_ref, reference, comments, ord_date,\n		order_type, ship_via, deliver_to, delivery_address, contact_phone,\n		freight_cost, from_stk_loc, delivery_date, payment_terms, total)\n		VALUES (&#039;33&#039;,&#039;0&#039;,&#039;2&#039;, &#039;30&#039;,&#039;2&#039;, &#039;ME/J13545/LI/76&#039;,&#039;auto&#039;,&#039;&#039;,&#039;2015-08-12&#039;, &#039;1&#039;, &#039;1&#039;,&#039;METRONIC ENGINEERING SDN BHD&#039;,&#039;NO.2,JALAN ASTAKA U8/83,SECTION U8,\\nBUKIT JELUTONG ,SHAH ALAM\\n40150 SELANGOR&#039;, &#039;603 7847 2111&#039;, &#039;0&#039;, &#039;DEF&#039;, &#039;2015-09-11&#039;,&#039;5&#039;,&#039;11660&#039;)', '1', 'order Cannot be Added'),
('160', 'INSERT INTO sales_order_details (order_no, trans_type, stk_code, description, unit_price, quantity, discount_percent, tax_type_id) VALUES (33,30,&#039;KLS&#039;, &#039;KLS-KL SENTRAL LOT B PROJECT&#039;, 11660,\n				1,\n				0,26)', '1', 'order Details Cannot be Added'),
('161', 'INSERT INTO audit_trail (type, trans_no, user, fiscal_year, gl_date, description, gl_seq)\n    			VALUES(&#039;30&#039;, &#039;33&#039;,1,2,&#039;2015-08-12&#039;,&#039;&#039;, 0)', '1', 'Cannot add audit info'),
('162', 'UPDATE audit_trail SET gl_seq = NULL WHERE type=&#039;30&#039; AND trans_no=&#039;33&#039; AND id!=987', '1', 'Cannot update audit gl_seq'),
('163', 'REPLACE refs SET reference=&#039;auto&#039;, type=&#039;30&#039;, id=&#039;33&#039;', '1', 'could not update reference entry'),
('164', 'UPDATE sales_orders SET version=version+1 WHERE order_no=&#039;33&#039; AND version=0 AND trans_type=30', '1', 'Concurrent editing conflict while sales order update'),
('165', 'INSERT INTO debtor_trans (\n			trans_no, type,\n			debtor_no, branch_code,\n			tran_date, due_date,\n			reference, tpe,\n			order_, ov_amount, ov_discount,\n			ov_gst, ov_freight, ov_freight_tax,\n			rate, ship_via, alloc,\n			dimension_id, dimension2_id, payment_terms,cheque,reason\n			) VALUES (&#039;33&#039;, &#039;13&#039;,\n			&#039;2&#039;, &#039;2&#039;,\n			&#039;2015-08-12&#039;, &#039;2015-09-11&#039;, &#039;auto&#039;,\n			&#039;1&#039;, &#039;33&#039;, 11660, &#039;0&#039;, 0,\n			&#039;0&#039;, 0, 1, &#039;1&#039;, 0,\n			&#039;0&#039;, &#039;0&#039;, &#039;5&#039;,&#039;&#039;, &#039;&#039;)', '1', 'The debtor transaction record could not be inserted'),
('166', 'INSERT INTO audit_trail (type, trans_no, user, fiscal_year, gl_date, description, gl_seq)\n    			VALUES(&#039;13&#039;, &#039;33&#039;,1,2,&#039;2015-08-12&#039;,&#039;&#039;, 0)', '1', 'Cannot add audit info'),
('167', 'UPDATE audit_trail SET gl_seq = NULL WHERE type=&#039;13&#039; AND trans_no=&#039;33&#039; AND id!=988', '1', 'Cannot update audit gl_seq'),
('168', 'INSERT INTO debtor_trans_details (debtor_trans_no,\n				debtor_trans_type, stock_id, description, quantity, unit_price,\n				unit_tax, discount_percent, standard_cost, tax_type_id, src_id)\n			VALUES (&#039;33&#039;, &#039;13&#039;, &#039;KLS&#039;, &#039;KLS-KL SENTRAL LOT B PROJECT&#039;,\n				1, 11660, 0,\n				0, 0, &#039;26&#039;,&#039;52&#039;)', '1', 'The debtor transaction detail could not be written'),
('169', 'UPDATE sales_order_details\n				SET qty_sent = qty_sent + 1 WHERE id=&#039;52&#039;', '1', 'The parent document detail record could not be updated'),
('170', 'INSERT INTO stock_moves (stock_id, trans_no, type, loc_code,\n		tran_date, person_id, reference, qty, standard_cost, visible, price,\n		discount_percent) VALUES (&#039;KLS&#039;, &#039;33&#039;, &#039;13&#039;,	&#039;DEF&#039;, &#039;2015-08-12&#039;, &#039;0&#039;, &#039;auto&#039;, &#039;-1&#039;, &#039;0&#039;,&#039;1&#039;, &#039;11660&#039;, &#039;0&#039;)', '1', 'The customer stock movement record cannot be inserted'),
('171', 'INSERT INTO trans_tax_details\n	(trans_type, trans_no, tran_date, tax_type_id, rate, ex_rate,\n	included_in_price, net_amount, amount, memo)\n	VALUES (&#039;13&#039;,&#039;33&#039;,&#039;2015-08-12&#039;,&#039;26&#039;,&#039;6&#039;,&#039;1&#039;,1,&#039;11660&#039;,&#039;660&#039;,&#039;auto&#039;)', '1', 'Cannot save trans tax details'),
('172', 'REPLACE refs SET reference=&#039;auto&#039;, type=&#039;13&#039;, id=&#039;33&#039;', '1', 'could not update reference entry'),
('173', 'UPDATE debtor_trans SET version=version+1\n			WHERE type=&#039;13&#039; AND ((trans_no=&#039;33&#039; AND version=0))', '1', 'Concurrent editing conflict'),
('174', 'INSERT INTO `debtor_trans` (`debtor_no`, `branch_code`, `tran_date`, `due_date`, `reference`, `tpe`, `order_`, `ov_amount`, `ov_freight`, `ship_via`, `dimension_id`, `dimension2_id`, `payment_terms`, `rate`, `ov_discount`, `ov_gst`, `ov_freight_tax`, `trans_no`, `type`) VALUES (&#039;2&#039;, &#039;2&#039;, &#039;2015-08-12&#039;, &#039;2015-09-11&#039;, &#039;IN15031&#039;, &#039;1&#039;, &#039;33&#039;, 0, &#039;0&#039;, &#039;1&#039;, &#039;0&#039;, &#039;0&#039;, &#039;5&#039;, 1, 0, 0, 0, 33, 10)', '1', 'The debtor transaction record could not be inserted'),
('175', 'INSERT INTO audit_trail (type, trans_no, user, fiscal_year, gl_date, description, gl_seq)\n    			VALUES(&#039;10&#039;, &#039;33&#039;,1,2,&#039;2012-08-2015&#039;,&#039;Updated.&#039;, 0)', '1', 'Cannot add audit info'),
('176', 'UPDATE audit_trail SET gl_seq = NULL WHERE type=&#039;10&#039; AND trans_no=&#039;33&#039; AND id!=989', '1', 'Cannot update audit gl_seq'),
('177', 'INSERT INTO `debtor_trans_details` (`tax_type_id`, `debtor_trans_no`, `stock_id`, `description`, `quantity`, `unit_price`, `unit_tax`, `discount_percent`, `standard_cost`, `src_id`, `debtor_trans_type`) VALUES (&#039;26&#039;, 33, &#039;KLS&#039;, &#039;KLS-KL SENTRAL LOT B PROJECT&#039;, 1, &#039;11660&#039;, 660, 0, &#039;0&#039;, &#039;180&#039;, 10)', '1', 'The debtor transaction detail could not be written'),
('178', 'UPDATE `debtor_trans_details` SET `qty_done` = qty_done +1 WHERE `id` =  &#039;180&#039; LIMIT 1', '1', 'The parent document detail record could not be updated'),
('179', 'INSERT INTO `trans_tax_details` (`trans_type`, `trans_no`, `tran_date`, `tax_type_id`, `included_in_price`, `ex_rate`, `memo`, `rate`, `amount`, `net_amount`) VALUES (10, 33, &#039;12-08-2015&#039;, &#039;26&#039;, &#039;1&#039;, 1, &#039;IN15031&#039;, &#039;6&#039;, 660, 11000)', '1', 'Cannot save trans tax details'),
('180', 'UPDATE `debtor_trans` SET `ov_amount` = 11000, `ov_gst` = 660, `ov_discount` = 0 WHERE `trans_no` =  33 AND `type` =  10 LIMIT 1', '1', 'The debtor transaction record could not be inserted'),
('181', 'INSERT INTO `gl_trans` (`type`, `type_no`, `tran_date`, `person_type_id`, `person_id`, `account`, `amount`, `dimension_id`, `dimension2_id`, `memo_`) VALUES (10, 33, &#039;2015-08-12&#039;, 2, &#039;2&#039;, &#039;4010&#039;, -11000, &#039;0&#039;, &#039;0&#039;, &#039;&#039;)', '1', 'The GL transaction could not be inserted'),
('182', 'INSERT INTO `gl_trans` (`type`, `type_no`, `tran_date`, `person_type_id`, `person_id`, `account`, `amount`, `dimension_id`, `dimension2_id`, `memo_`) VALUES (10, 33, &#039;2015-08-12&#039;, 2, &#039;2&#039;, &#039;2150&#039;, -660, 0, 0, &#039;&#039;)', '1', 'The GL transaction could not be inserted'),
('183', 'INSERT INTO `gl_trans` (`type`, `type_no`, `tran_date`, `person_type_id`, `person_id`, `account`, `amount`, `dimension_id`, `dimension2_id`, `memo_`) VALUES (10, 33, &#039;2015-08-12&#039;, 2, &#039;2&#039;, &#039;1200&#039;, 11660, 0, 0, &#039;&#039;)', '1', 'The GL transaction could not be inserted'),
('184', 'REPLACE refs SET reference=&#039;IN15031&#039;, type=&#039;10&#039;, id=&#039;33&#039;', '1', 'could not update reference entry'),
('185', 'UPDATE sys_types SET next_reference=&#039;IN15032&#039; WHERE type_id = &#039;10&#039;', '1', 'The next transaction ref for 10 could not be updated'),
('186', 'COMMIT', '1', 'could not commit a transaction'),
('187', 'INSERT INTO stock_master (stock_id, description, long_description, category_id,\n		units, mb_flag, sales_account, inventory_account, cogs_account,\n		adjustment_account, assembly_account, dimension_id, dimension2_id, no_sale, sales_gst_type, purchase_gst_type, editable)\n		VALUES (&#039;MKL&#039;, &#039;MKL-MATRADE KUALA LUMPUR&#039;, &#039;&#039;,\n		&#039;1&#039;, &#039;each&#039;, &#039;D&#039;,\n		&#039;4010&#039;, &#039;1510&#039;, &#039;5010&#039;,&#039;5040&#039;, &#039;1530&#039;, &#039;0&#039;, &#039;0&#039;,&#039;0&#039;,&#039;26&#039;,&#039;12&#039;,&#039;0&#039;)', '1', 'The item could not be added'),
('188', 'INSERT INTO item_codes\n			(item_code, stock_id, description, category_id, quantity, is_foreign) \n			VALUES( &#039;MKL&#039;,&#039;MKL&#039;,\n	  		&#039;MKL-MATRADE KUALA LUMPUR&#039;,&#039;1&#039;,&#039;1&#039;,&#039;0&#039;)', '1', 'an item code could not be added'),
('189', 'BEGIN', '1', 'could not start a transaction'),
('190', 'INSERT INTO sales_orders (order_no, type, debtor_no, trans_type, branch_code, customer_ref, reference, comments, ord_date,\n		order_type, ship_via, deliver_to, delivery_address, contact_phone,\n		freight_cost, from_stk_loc, delivery_date, payment_terms, total)\n		VALUES (&#039;34&#039;,&#039;0&#039;,&#039;2&#039;, &#039;30&#039;,&#039;2&#039;, &#039;ME/J13538/LA/235&#039;,&#039;auto&#039;,&#039;&#039;,&#039;2015-08-13&#039;, &#039;1&#039;, &#039;1&#039;,&#039;METRONIC ENGINEERING SDN BHD&#039;,&#039;NO.2,JALAN ASTAKA U8/83,SECTION U8,\\nBUKIT JELUTONG ,SHAH ALAM\\n40150 SELANGOR&#039;, &#039;603 7847 2111&#039;, &#039;0&#039;, &#039;DEF&#039;, &#039;2015-09-12&#039;,&#039;5&#039;,&#039;63441&#039;)', '1', 'order Cannot be Added'),
('191', 'INSERT INTO sales_order_details (order_no, trans_type, stk_code, description, unit_price, quantity, discount_percent, tax_type_id) VALUES (34,30,&#039;MKL&#039;, &#039;MKL-MATRADE KUALA LUMPUR&#039;, 63441,\n				1,\n				0,26)', '1', 'order Details Cannot be Added'),
('192', 'INSERT INTO audit_trail (type, trans_no, user, fiscal_year, gl_date, description, gl_seq)\n    			VALUES(&#039;30&#039;, &#039;34&#039;,1,2,&#039;2015-08-13&#039;,&#039;&#039;, 0)', '1', 'Cannot add audit info'),
('193', 'UPDATE audit_trail SET gl_seq = NULL WHERE type=&#039;30&#039; AND trans_no=&#039;34&#039; AND id!=990', '1', 'Cannot update audit gl_seq'),
('194', 'REPLACE refs SET reference=&#039;auto&#039;, type=&#039;30&#039;, id=&#039;34&#039;', '1', 'could not update reference entry'),
('195', 'UPDATE sales_orders SET version=version+1 WHERE order_no=&#039;34&#039; AND version=0 AND trans_type=30', '1', 'Concurrent editing conflict while sales order update'),
('196', 'INSERT INTO debtor_trans (\n			trans_no, type,\n			debtor_no, branch_code,\n			tran_date, due_date,\n			reference, tpe,\n			order_, ov_amount, ov_discount,\n			ov_gst, ov_freight, ov_freight_tax,\n			rate, ship_via, alloc,\n			dimension_id, dimension2_id, payment_terms,cheque,reason\n			) VALUES (&#039;34&#039;, &#039;13&#039;,\n			&#039;2&#039;, &#039;2&#039;,\n			&#039;2015-08-13&#039;, &#039;2015-09-12&#039;, &#039;auto&#039;,\n			&#039;1&#039;, &#039;34&#039;, 63441, &#039;0&#039;, 0,\n			&#039;0&#039;, 0, 1, &#039;1&#039;, 0,\n			&#039;0&#039;, &#039;0&#039;, &#039;5&#039;,&#039;&#039;, &#039;&#039;)', '1', 'The debtor transaction record could not be inserted'),
('197', 'INSERT INTO audit_trail (type, trans_no, user, fiscal_year, gl_date, description, gl_seq)\n    			VALUES(&#039;13&#039;, &#039;34&#039;,1,2,&#039;2015-08-13&#039;,&#039;&#039;, 0)', '1', 'Cannot add audit info'),
('198', 'UPDATE audit_trail SET gl_seq = NULL WHERE type=&#039;13&#039; AND trans_no=&#039;34&#039; AND id!=991', '1', 'Cannot update audit gl_seq'),
('199', 'INSERT INTO debtor_trans_details (debtor_trans_no,\n				debtor_trans_type, stock_id, description, quantity, unit_price,\n				unit_tax, discount_percent, standard_cost, tax_type_id, src_id)\n			VALUES (&#039;34&#039;, &#039;13&#039;, &#039;MKL&#039;, &#039;MKL-MATRADE KUALA LUMPUR&#039;,\n				1, 63441, 0,\n				0, 0, &#039;26&#039;,&#039;53&#039;)', '1', 'The debtor transaction detail could not be written'),
('200', 'UPDATE sales_order_details\n				SET qty_sent = qty_sent + 1 WHERE id=&#039;53&#039;', '1', 'The parent document detail record could not be updated'),
('201', 'INSERT INTO stock_moves (stock_id, trans_no, type, loc_code,\n		tran_date, person_id, reference, qty, standard_cost, visible, price,\n		discount_percent) VALUES (&#039;MKL&#039;, &#039;34&#039;, &#039;13&#039;,	&#039;DEF&#039;, &#039;2015-08-13&#039;, &#039;0&#039;, &#039;auto&#039;, &#039;-1&#039;, &#039;0&#039;,&#039;1&#039;, &#039;63441&#039;, &#039;0&#039;)', '1', 'The customer stock movement record cannot be inserted'),
('202', 'INSERT INTO trans_tax_details\n	(trans_type, trans_no, tran_date, tax_type_id, rate, ex_rate,\n	included_in_price, net_amount, amount, memo)\n	VALUES (&#039;13&#039;,&#039;34&#039;,&#039;2015-08-13&#039;,&#039;26&#039;,&#039;6&#039;,&#039;1&#039;,1,&#039;63441&#039;,&#039;3591&#039;,&#039;auto&#039;)', '1', 'Cannot save trans tax details'),
('203', 'REPLACE refs SET reference=&#039;auto&#039;, type=&#039;13&#039;, id=&#039;34&#039;', '1', 'could not update reference entry'),
('204', 'UPDATE debtor_trans SET version=version+1\n			WHERE type=&#039;13&#039; AND ((trans_no=&#039;34&#039; AND version=0))', '1', 'Concurrent editing conflict'),
('205', 'INSERT INTO `debtor_trans` (`debtor_no`, `branch_code`, `tran_date`, `due_date`, `reference`, `tpe`, `order_`, `ov_amount`, `ov_freight`, `ship_via`, `dimension_id`, `dimension2_id`, `payment_terms`, `rate`, `ov_discount`, `ov_gst`, `ov_freight_tax`, `trans_no`, `type`) VALUES (&#039;2&#039;, &#039;2&#039;, &#039;2015-08-13&#039;, &#039;2015-09-12&#039;, &#039;IN15032&#039;, &#039;1&#039;, &#039;34&#039;, 0, &#039;0&#039;, &#039;1&#039;, &#039;0&#039;, &#039;0&#039;, &#039;5&#039;, 1, 0, 0, 0, 34, 10)', '1', 'The debtor transaction record could not be inserted'),
('206', 'INSERT INTO audit_trail (type, trans_no, user, fiscal_year, gl_date, description, gl_seq)\n    			VALUES(&#039;10&#039;, &#039;34&#039;,1,2,&#039;2013-08-2015&#039;,&#039;Updated.&#039;, 0)', '1', 'Cannot add audit info'),
('207', 'UPDATE audit_trail SET gl_seq = NULL WHERE type=&#039;10&#039; AND trans_no=&#039;34&#039; AND id!=992', '1', 'Cannot update audit gl_seq');
INSERT INTO `sql_trail` VALUES
('208', 'INSERT INTO `debtor_trans_details` (`tax_type_id`, `debtor_trans_no`, `stock_id`, `description`, `quantity`, `unit_price`, `unit_tax`, `discount_percent`, `standard_cost`, `src_id`, `debtor_trans_type`) VALUES (&#039;26&#039;, 34, &#039;MKL&#039;, &#039;MKL-MATRADE KUALA LUMPUR&#039;, 1, &#039;63441&#039;, 3591, 0, &#039;0&#039;, &#039;182&#039;, 10)', '1', 'The debtor transaction detail could not be written'),
('209', 'UPDATE `debtor_trans_details` SET `qty_done` = qty_done +1 WHERE `id` =  &#039;182&#039; LIMIT 1', '1', 'The parent document detail record could not be updated'),
('210', 'INSERT INTO `trans_tax_details` (`trans_type`, `trans_no`, `tran_date`, `tax_type_id`, `included_in_price`, `ex_rate`, `memo`, `rate`, `amount`, `net_amount`) VALUES (10, 34, &#039;13-08-2015&#039;, &#039;26&#039;, &#039;1&#039;, 1, &#039;IN15032&#039;, &#039;6&#039;, 3591, 59850)', '1', 'Cannot save trans tax details'),
('211', 'UPDATE `debtor_trans` SET `ov_amount` = 59850, `ov_gst` = 3591, `ov_discount` = 0 WHERE `trans_no` =  34 AND `type` =  10 LIMIT 1', '1', 'The debtor transaction record could not be inserted'),
('212', 'INSERT INTO `gl_trans` (`type`, `type_no`, `tran_date`, `person_type_id`, `person_id`, `account`, `amount`, `dimension_id`, `dimension2_id`, `memo_`) VALUES (10, 34, &#039;2015-08-13&#039;, 2, &#039;2&#039;, &#039;4010&#039;, -59850, &#039;0&#039;, &#039;0&#039;, &#039;&#039;)', '1', 'The GL transaction could not be inserted'),
('213', 'INSERT INTO `gl_trans` (`type`, `type_no`, `tran_date`, `person_type_id`, `person_id`, `account`, `amount`, `dimension_id`, `dimension2_id`, `memo_`) VALUES (10, 34, &#039;2015-08-13&#039;, 2, &#039;2&#039;, &#039;2150&#039;, -3591, 0, 0, &#039;&#039;)', '1', 'The GL transaction could not be inserted'),
('214', 'INSERT INTO `gl_trans` (`type`, `type_no`, `tran_date`, `person_type_id`, `person_id`, `account`, `amount`, `dimension_id`, `dimension2_id`, `memo_`) VALUES (10, 34, &#039;2015-08-13&#039;, 2, &#039;2&#039;, &#039;1200&#039;, 63441, 0, 0, &#039;&#039;)', '1', 'The GL transaction could not be inserted'),
('215', 'REPLACE refs SET reference=&#039;IN15032&#039;, type=&#039;10&#039;, id=&#039;34&#039;', '1', 'could not update reference entry'),
('216', 'UPDATE sys_types SET next_reference=&#039;IN15033&#039; WHERE type_id = &#039;10&#039;', '1', 'The next transaction ref for 10 could not be updated'),
('217', 'COMMIT', '1', 'could not commit a transaction'),
('218', 'INSERT INTO stock_master (stock_id, description, long_description, category_id,\n		units, mb_flag, sales_account, inventory_account, cogs_account,\n		adjustment_account, assembly_account, dimension_id, dimension2_id, no_sale, sales_gst_type, purchase_gst_type, editable)\n		VALUES (&#039;IPHJ&#039;, &#039;IPHJ-IMPERIAL PUTERI HARBOUR JOHOR&#039;, &#039;&#039;,\n		&#039;1&#039;, &#039;each&#039;, &#039;D&#039;,\n		&#039;4010&#039;, &#039;1510&#039;, &#039;5010&#039;,&#039;5040&#039;, &#039;1530&#039;, &#039;0&#039;, &#039;0&#039;,&#039;0&#039;,&#039;26&#039;,&#039;12&#039;,&#039;0&#039;)', '1', 'The item could not be added'),
('219', 'INSERT INTO item_codes\n			(item_code, stock_id, description, category_id, quantity, is_foreign) \n			VALUES( &#039;IPHJ&#039;,&#039;IPHJ&#039;,\n	  		&#039;IPHJ-IMPERIAL PUTERI HARBOUR JOHOR&#039;,&#039;1&#039;,&#039;1&#039;,&#039;0&#039;)', '1', 'an item code could not be added'),
('220', 'BEGIN', '1', 'could not start a transaction'),
('221', 'INSERT INTO sales_orders (order_no, type, debtor_no, trans_type, branch_code, customer_ref, reference, comments, ord_date,\n		order_type, ship_via, deliver_to, delivery_address, contact_phone,\n		freight_cost, from_stk_loc, delivery_date, payment_terms, total)\n		VALUES (&#039;35&#039;,&#039;0&#039;,&#039;2&#039;, &#039;30&#039;,&#039;2&#039;, &#039;W.O.13082&#039;,&#039;auto&#039;,&#039;&#039;,&#039;2015-09-04&#039;, &#039;1&#039;, &#039;1&#039;,&#039;METRONIC ENGINEERING SDN BHD&#039;,&#039;NO.2,JALAN ASTAKA U8/83,SECTION U8,\\nBUKIT JELUTONG ,SHAH ALAM\\n40150 SELANGOR&#039;, &#039;603 7847 2111&#039;, &#039;0&#039;, &#039;DEF&#039;, &#039;2015-10-04&#039;,&#039;5&#039;,&#039;24698&#039;)', '1', 'order Cannot be Added'),
('222', 'INSERT INTO sales_order_details (order_no, trans_type, stk_code, description, unit_price, quantity, discount_percent, tax_type_id) VALUES (35,30,&#039;IPHJ&#039;, &#039;IPHJ-IMPERIAL PUTERI HARBOUR JOHOR&#039;, 24698,\n				1,\n				0,26)', '1', 'order Details Cannot be Added'),
('223', 'INSERT INTO audit_trail (type, trans_no, user, fiscal_year, gl_date, description, gl_seq)\n    			VALUES(&#039;30&#039;, &#039;35&#039;,1,2,&#039;2015-09-04&#039;,&#039;&#039;, 0)', '1', 'Cannot add audit info'),
('224', 'UPDATE audit_trail SET gl_seq = NULL WHERE type=&#039;30&#039; AND trans_no=&#039;35&#039; AND id!=993', '1', 'Cannot update audit gl_seq'),
('225', 'REPLACE refs SET reference=&#039;auto&#039;, type=&#039;30&#039;, id=&#039;35&#039;', '1', 'could not update reference entry'),
('226', 'UPDATE sales_orders SET version=version+1 WHERE order_no=&#039;35&#039; AND version=0 AND trans_type=30', '1', 'Concurrent editing conflict while sales order update'),
('227', 'INSERT INTO debtor_trans (\n			trans_no, type,\n			debtor_no, branch_code,\n			tran_date, due_date,\n			reference, tpe,\n			order_, ov_amount, ov_discount,\n			ov_gst, ov_freight, ov_freight_tax,\n			rate, ship_via, alloc,\n			dimension_id, dimension2_id, payment_terms,cheque,reason\n			) VALUES (&#039;35&#039;, &#039;13&#039;,\n			&#039;2&#039;, &#039;2&#039;,\n			&#039;2015-09-04&#039;, &#039;2015-10-04&#039;, &#039;auto&#039;,\n			&#039;1&#039;, &#039;35&#039;, 24698, &#039;0&#039;, 0,\n			&#039;0&#039;, 0, 1, &#039;1&#039;, 0,\n			&#039;0&#039;, &#039;0&#039;, &#039;5&#039;,&#039;&#039;, &#039;&#039;)', '1', 'The debtor transaction record could not be inserted'),
('228', 'INSERT INTO audit_trail (type, trans_no, user, fiscal_year, gl_date, description, gl_seq)\n    			VALUES(&#039;13&#039;, &#039;35&#039;,1,2,&#039;2015-09-04&#039;,&#039;&#039;, 0)', '1', 'Cannot add audit info'),
('229', 'UPDATE audit_trail SET gl_seq = NULL WHERE type=&#039;13&#039; AND trans_no=&#039;35&#039; AND id!=994', '1', 'Cannot update audit gl_seq'),
('230', 'INSERT INTO debtor_trans_details (debtor_trans_no,\n				debtor_trans_type, stock_id, description, quantity, unit_price,\n				unit_tax, discount_percent, standard_cost, tax_type_id, src_id)\n			VALUES (&#039;35&#039;, &#039;13&#039;, &#039;IPHJ&#039;, &#039;IPHJ-IMPERIAL PUTERI HARBOUR JOHOR&#039;,\n				1, 24698, 0,\n				0, 0, &#039;26&#039;,&#039;54&#039;)', '1', 'The debtor transaction detail could not be written'),
('231', 'UPDATE sales_order_details\n				SET qty_sent = qty_sent + 1 WHERE id=&#039;54&#039;', '1', 'The parent document detail record could not be updated'),
('232', 'INSERT INTO stock_moves (stock_id, trans_no, type, loc_code,\n		tran_date, person_id, reference, qty, standard_cost, visible, price,\n		discount_percent) VALUES (&#039;IPHJ&#039;, &#039;35&#039;, &#039;13&#039;,	&#039;DEF&#039;, &#039;2015-09-04&#039;, &#039;0&#039;, &#039;auto&#039;, &#039;-1&#039;, &#039;0&#039;,&#039;1&#039;, &#039;24698&#039;, &#039;0&#039;)', '1', 'The customer stock movement record cannot be inserted'),
('233', 'INSERT INTO trans_tax_details\n	(trans_type, trans_no, tran_date, tax_type_id, rate, ex_rate,\n	included_in_price, net_amount, amount, memo)\n	VALUES (&#039;13&#039;,&#039;35&#039;,&#039;2015-09-04&#039;,&#039;26&#039;,&#039;6&#039;,&#039;1&#039;,1,&#039;24698&#039;,&#039;1398&#039;,&#039;auto&#039;)', '1', 'Cannot save trans tax details'),
('234', 'REPLACE refs SET reference=&#039;auto&#039;, type=&#039;13&#039;, id=&#039;35&#039;', '1', 'could not update reference entry'),
('235', 'UPDATE debtor_trans SET version=version+1\n			WHERE type=&#039;13&#039; AND ((trans_no=&#039;35&#039; AND version=0))', '1', 'Concurrent editing conflict'),
('236', 'INSERT INTO `debtor_trans` (`debtor_no`, `branch_code`, `tran_date`, `due_date`, `reference`, `tpe`, `order_`, `ov_amount`, `ov_freight`, `ship_via`, `dimension_id`, `dimension2_id`, `payment_terms`, `rate`, `ov_discount`, `ov_gst`, `ov_freight_tax`, `trans_no`, `type`) VALUES (&#039;2&#039;, &#039;2&#039;, &#039;2015-09-04&#039;, &#039;2015-10-04&#039;, &#039;IN15033&#039;, &#039;1&#039;, &#039;35&#039;, 0, &#039;0&#039;, &#039;1&#039;, &#039;0&#039;, &#039;0&#039;, &#039;5&#039;, 1, 0, 0, 0, 35, 10)', '1', 'The debtor transaction record could not be inserted'),
('237', 'INSERT INTO audit_trail (type, trans_no, user, fiscal_year, gl_date, description, gl_seq)\n    			VALUES(&#039;10&#039;, &#039;35&#039;,1,2,&#039;2004-09-2015&#039;,&#039;Updated.&#039;, 0)', '1', 'Cannot add audit info'),
('238', 'UPDATE audit_trail SET gl_seq = NULL WHERE type=&#039;10&#039; AND trans_no=&#039;35&#039; AND id!=995', '1', 'Cannot update audit gl_seq'),
('239', 'INSERT INTO `debtor_trans_details` (`tax_type_id`, `debtor_trans_no`, `stock_id`, `description`, `quantity`, `unit_price`, `unit_tax`, `discount_percent`, `standard_cost`, `src_id`, `debtor_trans_type`) VALUES (&#039;26&#039;, 35, &#039;IPHJ&#039;, &#039;IPHJ-IMPERIAL PUTERI HARBOUR JOHOR&#039;, 1, &#039;24698&#039;, 1398, 0, &#039;0&#039;, &#039;184&#039;, 10)', '1', 'The debtor transaction detail could not be written'),
('240', 'UPDATE `debtor_trans_details` SET `qty_done` = qty_done +1 WHERE `id` =  &#039;184&#039; LIMIT 1', '1', 'The parent document detail record could not be updated'),
('241', 'INSERT INTO `trans_tax_details` (`trans_type`, `trans_no`, `tran_date`, `tax_type_id`, `included_in_price`, `ex_rate`, `memo`, `rate`, `amount`, `net_amount`) VALUES (10, 35, &#039;04-09-2015&#039;, &#039;26&#039;, &#039;1&#039;, 1, &#039;IN15033&#039;, &#039;6&#039;, 1398, 23300)', '1', 'Cannot save trans tax details'),
('242', 'UPDATE `debtor_trans` SET `ov_amount` = 23300, `ov_gst` = 1398, `ov_discount` = 0 WHERE `trans_no` =  35 AND `type` =  10 LIMIT 1', '1', 'The debtor transaction record could not be inserted'),
('243', 'INSERT INTO `gl_trans` (`type`, `type_no`, `tran_date`, `person_type_id`, `person_id`, `account`, `amount`, `dimension_id`, `dimension2_id`, `memo_`) VALUES (10, 35, &#039;2015-09-04&#039;, 2, &#039;2&#039;, &#039;4010&#039;, -23300, &#039;0&#039;, &#039;0&#039;, &#039;&#039;)', '1', 'The GL transaction could not be inserted'),
('244', 'INSERT INTO `gl_trans` (`type`, `type_no`, `tran_date`, `person_type_id`, `person_id`, `account`, `amount`, `dimension_id`, `dimension2_id`, `memo_`) VALUES (10, 35, &#039;2015-09-04&#039;, 2, &#039;2&#039;, &#039;2150&#039;, -1398, 0, 0, &#039;&#039;)', '1', 'The GL transaction could not be inserted'),
('245', 'INSERT INTO `gl_trans` (`type`, `type_no`, `tran_date`, `person_type_id`, `person_id`, `account`, `amount`, `dimension_id`, `dimension2_id`, `memo_`) VALUES (10, 35, &#039;2015-09-04&#039;, 2, &#039;2&#039;, &#039;1200&#039;, 24698, 0, 0, &#039;&#039;)', '1', 'The GL transaction could not be inserted'),
('246', 'REPLACE refs SET reference=&#039;IN15033&#039;, type=&#039;10&#039;, id=&#039;35&#039;', '1', 'could not update reference entry'),
('247', 'UPDATE sys_types SET next_reference=&#039;IN15034&#039; WHERE type_id = &#039;10&#039;', '1', 'The next transaction ref for 10 could not be updated'),
('248', 'COMMIT', '1', 'could not commit a transaction'),
('249', 'UPDATE users SET last_visit_date=&#039;2015-09-24 10:45:34&#039;\n		WHERE user_id=&#039;lonengineering&#039;', '1', 'could not update last visit date for user lonengineering'),
('250', 'UPDATE users SET last_visit_date=&#039;2015-09-24 10:54:34&#039;\n		WHERE user_id=&#039;lonengineering&#039;', '1', 'could not update last visit date for user lonengineering'),
('251', 'BEGIN', '1', 'could not start a transaction'),
('252', 'INSERT INTO gl_trans ( type, type_no, tran_date,\n	account, dimension_id, dimension2_id, memo_, amount, gst, person_type_id, person_id) VALUES (&#039;1&#039;, &#039;87&#039;, &#039;2015-06-15&#039;,\n	&#039;2250&#039;, &#039;0&#039;, &#039;0&#039;, &#039;CHAN &amp; COR ADVISORY SERVICE-ACCOUNTANT FEES 2014&#039;, &#039;2500&#039;, &#039;16&#039;, &#039;0&#039;, &#039;CHAN &amp; COR ADVISORY SERVICE&#039;) ', '1', 'The GL transaction could not be inserted'),
('253', 'INSERT INTO gl_trans ( type, type_no, tran_date,\n	account, dimension_id, dimension2_id, memo_, amount, gst, person_type_id, person_id) VALUES (&#039;1&#039;, &#039;87&#039;, &#039;2015-06-15&#039;,\n	&#039;1300&#039;, &#039;0&#039;, &#039;0&#039;, &#039;&#039;, &#039;0&#039;, &#039;&#039;, &#039;0&#039;, &#039;CHAN &amp; COR ADVISORY SERVICE&#039;) ', '1', 'The GL transaction could not be inserted'),
('254', 'INSERT INTO gl_trans ( type, type_no, tran_date,\n	account, dimension_id, dimension2_id, memo_, amount, gst, person_type_id, person_id) VALUES (&#039;1&#039;, &#039;87&#039;, &#039;2015-06-15&#039;,\n	&#039;5700&#039;, &#039;0&#039;, &#039;0&#039;, &#039;CHAN &amp; COR ADVISORY SERVICE-ACCOUNTANT FEES 2014&#039;, &#039;80&#039;, &#039;16&#039;, &#039;0&#039;, &#039;CHAN &amp; COR ADVISORY SERVICE&#039;) ', '1', 'The GL transaction could not be inserted'),
('255', 'INSERT INTO gl_trans ( type, type_no, tran_date,\n	account, dimension_id, dimension2_id, memo_, amount, gst, person_type_id, person_id) VALUES (&#039;1&#039;, &#039;87&#039;, &#039;2015-06-15&#039;,\n	&#039;1300&#039;, &#039;0&#039;, &#039;0&#039;, &#039;&#039;, &#039;0&#039;, &#039;&#039;, &#039;0&#039;, &#039;CHAN &amp; COR ADVISORY SERVICE&#039;) ', '1', 'The GL transaction could not be inserted'),
('256', 'INSERT INTO bank_trans (type, trans_no, bank_act, ref,\n		trans_date, amount, person_type_id, person_id, tax_inclusive, cheque) VALUES (1, 87, &#039;1&#039;, &#039;CIMB 000088&#039;, &#039;2015-06-15&#039;,\n		&#039;-2580&#039;, &#039;0&#039;, &#039;CHAN &amp; COR ADVISORY SERVICE&#039;, &#039;0&#039;, &#039;CIMB 000088&#039; )', '1', 'Cannot insert a source bank transaction'),
('257', 'INSERT INTO gl_trans ( type, type_no, tran_date,\n	account, dimension_id, dimension2_id, memo_, amount, gst, person_type_id, person_id) VALUES (&#039;1&#039;, &#039;87&#039;, &#039;2015-06-15&#039;,\n	&#039;1064&#039;, &#039;0&#039;, &#039;0&#039;, &#039;CHAN &amp; COR ADVISORY SERVICE-ACCOUNTANT FEES 2014&#039;, &#039;-2580&#039;, &#039;0&#039;, &#039;0&#039;, &#039;CHAN &amp; COR ADVISORY SERVICE&#039;) ', '1', 'The GL transaction could not be inserted'),
('258', 'INSERT INTO comments (type, id, date_, memo_)\n    		VALUES (&#039;1&#039;, &#039;87&#039;, &#039;2015-06-15&#039;, &#039;CHAN &amp; COR ADVISORY SERVICE-ACCOUNTANT FEES 2014&#039;)', '1', 'could not add comments transaction entry'),
('259', 'REPLACE refs SET reference=&#039;CIMB 000088&#039;, type=&#039;1&#039;, id=&#039;87&#039;', '1', 'could not update reference entry'),
('260', 'INSERT INTO audit_trail (type, trans_no, user, fiscal_year, gl_date, description, gl_seq)\n    			VALUES(&#039;1&#039;, &#039;87&#039;,1,2,&#039;2015-06-15&#039;,&#039;&#039;, 0)', '1', 'Cannot add audit info'),
('261', 'UPDATE audit_trail SET gl_seq = NULL WHERE type=&#039;1&#039; AND trans_no=&#039;87&#039; AND id!=996', '1', 'Cannot update audit gl_seq'),
('262', 'UPDATE bank_trans SET amount=0\n		WHERE type=&#039;1&#039; AND trans_no=&#039;79&#039;', '1', 'could not void bank transactions for type=1 and trans_no=79'),
('263', 'UPDATE gl_trans SET amount=0 WHERE type=&#039;1&#039; AND type_no=&#039;79&#039;', '1', 'could not void gl transactions for type=1 and trans_no=79'),
('264', 'DELETE FROM cust_allocations\n		WHERE (trans_type_from=&#039;1&#039; AND trans_no_from=&#039;79&#039;)\n		OR (trans_type_to=&#039;1&#039; AND trans_no_to=&#039;79&#039;)', '1', 'could not void debtor transactions for type=1 and trans_no=79'),
('265', 'UPDATE debtor_trans SET ov_amount=0, ov_discount=0, ov_gst=0, ov_freight=0,\n		ov_freight_tax=0, alloc=0, version=version+1 WHERE type=&#039;1&#039; AND trans_no=&#039;79&#039;', '1', 'could not void debtor transactions for type=1 and trans_no=79'),
('266', 'DELETE FROM supp_allocations\n		WHERE (trans_type_from=&#039;1&#039; AND trans_no_from=&#039;79&#039;)\n		OR (trans_type_to=&#039;1&#039; AND trans_no_to=&#039;79&#039;)', '1', 'could not void supp transactions for type=1 and trans_no=79'),
('267', 'UPDATE supp_trans SET ov_amount=0, ov_discount=0, ov_gst=0,\n		alloc=0 WHERE type=&#039;1&#039; AND trans_no=&#039;79&#039;', '1', 'could not void supp transactions for type=1 and trans_no=79'),
('268', 'UPDATE trans_tax_details SET amount=0, net_amount=0\n	WHERE trans_no=&#039;79&#039; AND trans_type=&#039;1&#039;', '1', 'The transaction tax details could not be voided'),
('269', 'INSERT INTO voided (type, id, date_, memo_)\n		VALUES (&#039;1&#039;, &#039;79&#039;, &#039;2015-09-24&#039;, &#039;Document reentered.&#039;)', '1', 'could not add voided transaction entry'),
('270', 'COMMIT', '1', 'could not commit a transaction'),
('271', 'INSERT INTO chart_master (account_code, account_code2, account_name, account_type)\n		VALUES (&#039;5767&#039;, &#039;&#039;, &#039;TRAVELLING &#039;, &#039;12&#039;)', '1', ''),
('272', 'BEGIN', '1', 'could not start a transaction'),
('273', 'INSERT INTO gl_trans ( type, type_no, tran_date,\n	account, dimension_id, dimension2_id, memo_, amount, gst, person_type_id, person_id) VALUES (&#039;1&#039;, &#039;88&#039;, &#039;2015-06-15&#039;,\n	&#039;2250&#039;, &#039;0&#039;, &#039;0&#039;, &#039;CHAN &amp; COR ADVISORY SERVICE-ACCOUNTANT FEES 2014&#039;, &#039;2500&#039;, &#039;16&#039;, &#039;0&#039;, &#039;CHAN &amp; COR ADVISORY SERVICE&#039;) ', '1', 'The GL transaction could not be inserted'),
('274', 'INSERT INTO gl_trans ( type, type_no, tran_date,\n	account, dimension_id, dimension2_id, memo_, amount, gst, person_type_id, person_id) VALUES (&#039;1&#039;, &#039;88&#039;, &#039;2015-06-15&#039;,\n	&#039;1300&#039;, &#039;0&#039;, &#039;0&#039;, &#039;&#039;, &#039;0&#039;, &#039;&#039;, &#039;0&#039;, &#039;CHAN &amp; COR ADVISORY SERVICE&#039;) ', '1', 'The GL transaction could not be inserted'),
('275', 'INSERT INTO gl_trans ( type, type_no, tran_date,\n	account, dimension_id, dimension2_id, memo_, amount, gst, person_type_id, person_id) VALUES (&#039;1&#039;, &#039;88&#039;, &#039;2015-06-15&#039;,\n	&#039;5700&#039;, &#039;0&#039;, &#039;0&#039;, &#039;CHAN &amp; COR ADVISORY SERVICE-ACCOUNTANT FEES 2014&#039;, &#039;20&#039;, &#039;16&#039;, &#039;0&#039;, &#039;CHAN &amp; COR ADVISORY SERVICE&#039;) ', '1', 'The GL transaction could not be inserted'),
('276', 'INSERT INTO gl_trans ( type, type_no, tran_date,\n	account, dimension_id, dimension2_id, memo_, amount, gst, person_type_id, person_id) VALUES (&#039;1&#039;, &#039;88&#039;, &#039;2015-06-15&#039;,\n	&#039;1300&#039;, &#039;0&#039;, &#039;0&#039;, &#039;&#039;, &#039;0&#039;, &#039;&#039;, &#039;0&#039;, &#039;CHAN &amp; COR ADVISORY SERVICE&#039;) ', '1', 'The GL transaction could not be inserted'),
('277', 'INSERT INTO gl_trans ( type, type_no, tran_date,\n	account, dimension_id, dimension2_id, memo_, amount, gst, person_type_id, person_id) VALUES (&#039;1&#039;, &#039;88&#039;, &#039;2015-06-15&#039;,\n	&#039;5767&#039;, &#039;0&#039;, &#039;0&#039;, &#039;CHAN &amp; COR ADVISORY SERVICE-ACCOUNTANT FEES 2014&#039;, &#039;60&#039;, &#039;16&#039;, &#039;0&#039;, &#039;CHAN &amp; COR ADVISORY SERVICE&#039;) ', '1', 'The GL transaction could not be inserted'),
('278', 'INSERT INTO gl_trans ( type, type_no, tran_date,\n	account, dimension_id, dimension2_id, memo_, amount, gst, person_type_id, person_id) VALUES (&#039;1&#039;, &#039;88&#039;, &#039;2015-06-15&#039;,\n	&#039;1300&#039;, &#039;0&#039;, &#039;0&#039;, &#039;&#039;, &#039;0&#039;, &#039;&#039;, &#039;0&#039;, &#039;CHAN &amp; COR ADVISORY SERVICE&#039;) ', '1', 'The GL transaction could not be inserted'),
('279', 'INSERT INTO bank_trans (type, trans_no, bank_act, ref,\n		trans_date, amount, person_type_id, person_id, tax_inclusive, cheque) VALUES (1, 88, &#039;1&#039;, &#039;CIMB 000088&#039;, &#039;2015-06-15&#039;,\n		&#039;-2580&#039;, &#039;0&#039;, &#039;CHAN &amp; COR ADVISORY SERVICE&#039;, &#039;0&#039;, &#039;CIMB 000088&#039; )', '1', 'Cannot insert a source bank transaction'),
('280', 'INSERT INTO gl_trans ( type, type_no, tran_date,\n	account, dimension_id, dimension2_id, memo_, amount, gst, person_type_id, person_id) VALUES (&#039;1&#039;, &#039;88&#039;, &#039;2015-06-15&#039;,\n	&#039;1064&#039;, &#039;0&#039;, &#039;0&#039;, &#039;CHAN &amp; COR ADVISORY SERVICE-ACCOUNTANT FEES 2014&#039;, &#039;-2580&#039;, &#039;0&#039;, &#039;0&#039;, &#039;CHAN &amp; COR ADVISORY SERVICE&#039;) ', '1', 'The GL transaction could not be inserted'),
('281', 'INSERT INTO comments (type, id, date_, memo_)\n    		VALUES (&#039;1&#039;, &#039;88&#039;, &#039;2015-06-15&#039;, &#039;CHAN &amp; COR ADVISORY SERVICE-ACCOUNTANT FEES 2014&#039;)', '1', 'could not add comments transaction entry'),
('282', 'REPLACE refs SET reference=&#039;CIMB 000088&#039;, type=&#039;1&#039;, id=&#039;88&#039;', '1', 'could not update reference entry'),
('283', 'INSERT INTO audit_trail (type, trans_no, user, fiscal_year, gl_date, description, gl_seq)\n    			VALUES(&#039;1&#039;, &#039;88&#039;,1,2,&#039;2015-06-15&#039;,&#039;&#039;, 0)', '1', 'Cannot add audit info'),
('284', 'UPDATE audit_trail SET gl_seq = NULL WHERE type=&#039;1&#039; AND trans_no=&#039;88&#039; AND id!=997', '1', 'Cannot update audit gl_seq'),
('285', 'UPDATE bank_trans SET amount=0\n		WHERE type=&#039;1&#039; AND trans_no=&#039;87&#039;', '1', 'could not void bank transactions for type=1 and trans_no=87'),
('286', 'UPDATE gl_trans SET amount=0 WHERE type=&#039;1&#039; AND type_no=&#039;87&#039;', '1', 'could not void gl transactions for type=1 and trans_no=87'),
('287', 'DELETE FROM cust_allocations\n		WHERE (trans_type_from=&#039;1&#039; AND trans_no_from=&#039;87&#039;)\n		OR (trans_type_to=&#039;1&#039; AND trans_no_to=&#039;87&#039;)', '1', 'could not void debtor transactions for type=1 and trans_no=87'),
('288', 'UPDATE debtor_trans SET ov_amount=0, ov_discount=0, ov_gst=0, ov_freight=0,\n		ov_freight_tax=0, alloc=0, version=version+1 WHERE type=&#039;1&#039; AND trans_no=&#039;87&#039;', '1', 'could not void debtor transactions for type=1 and trans_no=87'),
('289', 'DELETE FROM supp_allocations\n		WHERE (trans_type_from=&#039;1&#039; AND trans_no_from=&#039;87&#039;)\n		OR (trans_type_to=&#039;1&#039; AND trans_no_to=&#039;87&#039;)', '1', 'could not void supp transactions for type=1 and trans_no=87'),
('290', 'UPDATE supp_trans SET ov_amount=0, ov_discount=0, ov_gst=0,\n		alloc=0 WHERE type=&#039;1&#039; AND trans_no=&#039;87&#039;', '1', 'could not void supp transactions for type=1 and trans_no=87'),
('291', 'UPDATE trans_tax_details SET amount=0, net_amount=0\n	WHERE trans_no=&#039;87&#039; AND trans_type=&#039;1&#039;', '1', 'The transaction tax details could not be voided'),
('292', 'INSERT INTO voided (type, id, date_, memo_)\n		VALUES (&#039;1&#039;, &#039;87&#039;, &#039;2015-09-24&#039;, &#039;Document reentered.&#039;)', '1', 'could not add voided transaction entry'),
('293', 'COMMIT', '1', 'could not commit a transaction'),
('294', 'BEGIN', '1', 'could not start a transaction'),
('295', 'INSERT INTO gl_trans ( type, type_no, tran_date,\n	account, dimension_id, dimension2_id, memo_, amount, gst, person_type_id, person_id) VALUES (&#039;1&#039;, &#039;89&#039;, &#039;2015-07-30&#039;,\n	&#039;2250&#039;, &#039;0&#039;, &#039;0&#039;, &#039;KT CHAN &amp; ASSOCIATES KL SDN BHD-AUDIT FEE &amp; TAX FEE 2014&#039;, &#039;4000&#039;, &#039;12&#039;, &#039;0&#039;, &#039;KT CHAN &amp; ASSOCIATES KL SDN BHD&#039;) ', '1', 'The GL transaction could not be inserted'),
('296', 'INSERT INTO gl_trans ( type, type_no, tran_date,\n	account, dimension_id, dimension2_id, memo_, amount, gst, person_type_id, person_id) VALUES (&#039;1&#039;, &#039;89&#039;, &#039;2015-07-30&#039;,\n	&#039;1300&#039;, &#039;0&#039;, &#039;0&#039;, &#039;&#039;, &#039;240&#039;, &#039;&#039;, &#039;0&#039;, &#039;KT CHAN &amp; ASSOCIATES KL SDN BHD&#039;) ', '1', 'The GL transaction could not be inserted'),
('297', 'INSERT INTO gl_trans ( type, type_no, tran_date,\n	account, dimension_id, dimension2_id, memo_, amount, gst, person_type_id, person_id) VALUES (&#039;1&#039;, &#039;89&#039;, &#039;2015-07-30&#039;,\n	&#039;2250&#039;, &#039;0&#039;, &#039;0&#039;, &#039;KT CHAN &amp; ASSOCIATES KL SDN BHD-AUDIT FEE &amp; TAX FEE 2014&#039;, &#039;1500&#039;, &#039;12&#039;, &#039;0&#039;, &#039;KT CHAN &amp; ASSOCIATES KL SDN BHD&#039;) ', '1', 'The GL transaction could not be inserted'),
('298', 'INSERT INTO gl_trans ( type, type_no, tran_date,\n	account, dimension_id, dimension2_id, memo_, amount, gst, person_type_id, person_id) VALUES (&#039;1&#039;, &#039;89&#039;, &#039;2015-07-30&#039;,\n	&#039;1300&#039;, &#039;0&#039;, &#039;0&#039;, &#039;&#039;, &#039;90&#039;, &#039;&#039;, &#039;0&#039;, &#039;KT CHAN &amp; ASSOCIATES KL SDN BHD&#039;) ', '1', 'The GL transaction could not be inserted'),
('299', 'INSERT INTO gl_trans ( type, type_no, tran_date,\n	account, dimension_id, dimension2_id, memo_, amount, gst, person_type_id, person_id) VALUES (&#039;1&#039;, &#039;89&#039;, &#039;2015-07-30&#039;,\n	&#039;5700&#039;, &#039;0&#039;, &#039;0&#039;, &#039;KT CHAN &amp; ASSOCIATES KL SDN BHD-AUDIT FEE &amp; TAX FEE 2014&#039;, &#039;30&#039;, &#039;12&#039;, &#039;0&#039;, &#039;KT CHAN &amp; ASSOCIATES KL SDN BHD&#039;) ', '1', 'The GL transaction could not be inserted'),
('300', 'INSERT INTO gl_trans ( type, type_no, tran_date,\n	account, dimension_id, dimension2_id, memo_, amount, gst, person_type_id, person_id) VALUES (&#039;1&#039;, &#039;89&#039;, &#039;2015-07-30&#039;,\n	&#039;1300&#039;, &#039;0&#039;, &#039;0&#039;, &#039;&#039;, &#039;1.8&#039;, &#039;&#039;, &#039;0&#039;, &#039;KT CHAN &amp; ASSOCIATES KL SDN BHD&#039;) ', '1', 'The GL transaction could not be inserted'),
('301', 'INSERT INTO gl_trans ( type, type_no, tran_date,\n	account, dimension_id, dimension2_id, memo_, amount, gst, person_type_id, person_id) VALUES (&#039;1&#039;, &#039;89&#039;, &#039;2015-07-30&#039;,\n	&#039;5767&#039;, &#039;0&#039;, &#039;0&#039;, &#039;KT CHAN &amp; ASSOCIATES KL SDN BHD-AUDIT FEE &amp; TAX FEE 2014&#039;, &#039;80&#039;, &#039;12&#039;, &#039;0&#039;, &#039;KT CHAN &amp; ASSOCIATES KL SDN BHD&#039;) ', '1', 'The GL transaction could not be inserted'),
('302', 'INSERT INTO gl_trans ( type, type_no, tran_date,\n	account, dimension_id, dimension2_id, memo_, amount, gst, person_type_id, person_id) VALUES (&#039;1&#039;, &#039;89&#039;, &#039;2015-07-30&#039;,\n	&#039;1300&#039;, &#039;0&#039;, &#039;0&#039;, &#039;&#039;, &#039;4.8&#039;, &#039;&#039;, &#039;0&#039;, &#039;KT CHAN &amp; ASSOCIATES KL SDN BHD&#039;) ', '1', 'The GL transaction could not be inserted'),
('303', 'INSERT INTO gl_trans ( type, type_no, tran_date,\n	account, dimension_id, dimension2_id, memo_, amount, gst, person_type_id, person_id) VALUES (&#039;1&#039;, &#039;89&#039;, &#039;2015-07-30&#039;,\n	&#039;5616&#039;, &#039;0&#039;, &#039;0&#039;, &#039;KT CHAN &amp; ASSOCIATES KL SDN BHD-AUDIT FEE &amp; TAX FEE 2014&#039;, &#039;950&#039;, &#039;12&#039;, &#039;0&#039;, &#039;KT CHAN &amp; ASSOCIATES KL SDN BHD&#039;) ', '1', 'The GL transaction could not be inserted'),
('304', 'INSERT INTO gl_trans ( type, type_no, tran_date,\n	account, dimension_id, dimension2_id, memo_, amount, gst, person_type_id, person_id) VALUES (&#039;1&#039;, &#039;89&#039;, &#039;2015-07-30&#039;,\n	&#039;1300&#039;, &#039;0&#039;, &#039;0&#039;, &#039;&#039;, &#039;57&#039;, &#039;&#039;, &#039;0&#039;, &#039;KT CHAN &amp; ASSOCIATES KL SDN BHD&#039;) ', '1', 'The GL transaction could not be inserted'),
('305', 'INSERT INTO gl_trans ( type, type_no, tran_date,\n	account, dimension_id, dimension2_id, memo_, amount, gst, person_type_id, person_id) VALUES (&#039;1&#039;, &#039;89&#039;, &#039;2015-07-30&#039;,\n	&#039;5767&#039;, &#039;0&#039;, &#039;0&#039;, &#039;KT CHAN &amp; ASSOCIATES KL SDN BHD-AUDIT FEE &amp; TAX FEE 2014&#039;, &#039;74.91&#039;, &#039;12&#039;, &#039;0&#039;, &#039;KT CHAN &amp; ASSOCIATES KL SDN BHD&#039;) ', '1', 'The GL transaction could not be inserted'),
('306', 'INSERT INTO gl_trans ( type, type_no, tran_date,\n	account, dimension_id, dimension2_id, memo_, amount, gst, person_type_id, person_id) VALUES (&#039;1&#039;, &#039;89&#039;, &#039;2015-07-30&#039;,\n	&#039;1300&#039;, &#039;0&#039;, &#039;0&#039;, &#039;&#039;, &#039;4.49&#039;, &#039;&#039;, &#039;0&#039;, &#039;KT CHAN &amp; ASSOCIATES KL SDN BHD&#039;) ', '1', 'The GL transaction could not be inserted'),
('307', 'INSERT INTO bank_trans (type, trans_no, bank_act, ref,\n		trans_date, amount, person_type_id, person_id, tax_inclusive, cheque) VALUES (1, 89, &#039;1&#039;, &#039;CIMB 000100&#039;, &#039;2015-07-30&#039;,\n		&#039;-7033&#039;, &#039;0&#039;, &#039;KT CHAN &amp; ASSOCIATES KL SDN BHD&#039;, &#039;0&#039;, &#039;CIMB 000100&#039; )', '1', 'Cannot insert a source bank transaction'),
('308', 'INSERT INTO gl_trans ( type, type_no, tran_date,\n	account, dimension_id, dimension2_id, memo_, amount, gst, person_type_id, person_id) VALUES (&#039;1&#039;, &#039;89&#039;, &#039;2015-07-30&#039;,\n	&#039;1064&#039;, &#039;0&#039;, &#039;0&#039;, &#039;KT CHAN &amp; ASSOCIATES KL SDN BHD-AUDIT FEES 2013 &amp; 2014&#039;, &#039;-7033&#039;, &#039;0&#039;, &#039;0&#039;, &#039;KT CHAN &amp; ASSOCIATES KL SDN BHD&#039;) ', '1', 'The GL transaction could not be inserted'),
('309', 'INSERT INTO comments (type, id, date_, memo_)\n    		VALUES (&#039;1&#039;, &#039;89&#039;, &#039;2015-07-30&#039;, &#039;KT CHAN &amp; ASSOCIATES KL SDN BHD-AUDIT FEES 2013 &amp; 2014&#039;)', '1', 'could not add comments transaction entry'),
('310', 'REPLACE refs SET reference=&#039;CIMB 000100&#039;, type=&#039;1&#039;, id=&#039;89&#039;', '1', 'could not update reference entry'),
('311', 'INSERT INTO audit_trail (type, trans_no, user, fiscal_year, gl_date, description, gl_seq)\n    			VALUES(&#039;1&#039;, &#039;89&#039;,1,2,&#039;2015-07-30&#039;,&#039;&#039;, 0)', '1', 'Cannot add audit info'),
('312', 'UPDATE audit_trail SET gl_seq = NULL WHERE type=&#039;1&#039; AND trans_no=&#039;89&#039; AND id!=998', '1', 'Cannot update audit gl_seq'),
('313', 'UPDATE bank_trans SET amount=0\n		WHERE type=&#039;1&#039; AND trans_no=&#039;85&#039;', '1', 'could not void bank transactions for type=1 and trans_no=85'),
('314', 'UPDATE gl_trans SET amount=0 WHERE type=&#039;1&#039; AND type_no=&#039;85&#039;', '1', 'could not void gl transactions for type=1 and trans_no=85'),
('315', 'DELETE FROM cust_allocations\n		WHERE (trans_type_from=&#039;1&#039; AND trans_no_from=&#039;85&#039;)\n		OR (trans_type_to=&#039;1&#039; AND trans_no_to=&#039;85&#039;)', '1', 'could not void debtor transactions for type=1 and trans_no=85'),
('316', 'UPDATE debtor_trans SET ov_amount=0, ov_discount=0, ov_gst=0, ov_freight=0,\n		ov_freight_tax=0, alloc=0, version=version+1 WHERE type=&#039;1&#039; AND trans_no=&#039;85&#039;', '1', 'could not void debtor transactions for type=1 and trans_no=85'),
('317', 'DELETE FROM supp_allocations\n		WHERE (trans_type_from=&#039;1&#039; AND trans_no_from=&#039;85&#039;)\n		OR (trans_type_to=&#039;1&#039; AND trans_no_to=&#039;85&#039;)', '1', 'could not void supp transactions for type=1 and trans_no=85'),
('318', 'UPDATE supp_trans SET ov_amount=0, ov_discount=0, ov_gst=0,\n		alloc=0 WHERE type=&#039;1&#039; AND trans_no=&#039;85&#039;', '1', 'could not void supp transactions for type=1 and trans_no=85'),
('319', 'UPDATE trans_tax_details SET amount=0, net_amount=0\n	WHERE trans_no=&#039;85&#039; AND trans_type=&#039;1&#039;', '1', 'The transaction tax details could not be voided'),
('320', 'INSERT INTO voided (type, id, date_, memo_)\n		VALUES (&#039;1&#039;, &#039;85&#039;, &#039;2015-09-24&#039;, &#039;Document reentered.&#039;)', '1', 'could not add voided transaction entry'),
('321', 'COMMIT', '1', 'could not commit a transaction'),
('322', 'UPDATE users SET last_visit_date=&#039;2015-09-24 11:36:03&#039;\n		WHERE user_id=&#039;lonengineering&#039;', '1', 'could not update last visit date for user lonengineering'),
('323', 'BEGIN', '1', 'could not start a transaction'),
('324', 'INSERT INTO purch_orders (supplier_id, Comments, ord_date, reference,\n     	requisition_no, into_stock_location, delivery_address, total, tax_included ) VALUES(&#039;22&#039;,&#039;TESTING AND COMMISSIONING FOR BUILDING CONTROL SYSTEM&#039;,&#039;2015-08-16&#039;, &#039;auto&#039;, &#039;2015/IOICITY/&#039;, &#039;DEF&#039;, &#039;Delivery 1\\nDelivery 2\\nDelivery 3&#039;, &#039;60000&#039;, &#039;0&#039;)', '1', 'The purchase order header record could not be inserted'),
('325', 'INSERT INTO purch_order_details (order_no, item_code, description, delivery_date, unit_price,tax_type_id,quantity_ordered) VALUES (205, &#039;SL&#039;,&#039;SUB LABOUR&#039;,&#039;2015-08-16&#039;,&#039;60000&#039;, &#039;16&#039;, &#039;1&#039;)', '1', 'One of the purchase order detail records could not be inserted'),
('326', 'REPLACE refs SET reference=&#039;auto&#039;, type=&#039;18&#039;, id=&#039;205&#039;', '1', 'could not update reference entry'),
('327', 'INSERT INTO audit_trail (type, trans_no, user, fiscal_year, gl_date, description, gl_seq)\n    			VALUES(&#039;18&#039;, &#039;205&#039;,1,2,&#039;2015-08-16&#039;,&#039;&#039;, 0)', '1', 'Cannot add audit info'),
('328', 'UPDATE audit_trail SET gl_seq = NULL WHERE type=&#039;18&#039; AND trans_no=&#039;205&#039; AND id!=999', '1', 'Cannot update audit gl_seq'),
('329', 'INSERT INTO grn_batch (purch_order_no, delivery_date, supplier_id, reference, loc_code)\n			VALUES (&#039;205&#039;, &#039;2015-08-16&#039;, &#039;22&#039;, &#039;auto&#039;, &#039;DEF&#039;)', '1', 'A grn batch record could not be inserted.'),
('330', 'INSERT INTO gl_trans ( type, type_no, tran_date,\n	account, dimension_id, dimension2_id, memo_, amount, gst, person_type_id, person_id) VALUES (&#039;25&#039;, &#039;205&#039;, &#039;2015-08-16&#039;,\n	&#039;1510&#039;, &#039;0&#039;, &#039;0&#039;, &#039;SL&#039;, &#039;60000&#039;, &#039;&#039;, &#039;3&#039;, &#039;22&#039;) ', '1', 'The supplier GL transaction could not be inserted'),
('331', 'UPDATE stock_master SET material_cost=&#039;30900&#039;\n		WHERE stock_id=&#039;SL&#039;', '1', 'The cost details for the inventory item could not be updated'),
('332', 'INSERT INTO purch_data (supplier_id, stock_id, price, suppliers_uom,\n			conversion_factor, supplier_description) VALUES (&#039;22&#039;, &#039;SL&#039;, &#039;60000&#039;, &#039;&#039;, 1, &#039;SUB LABOUR&#039;)', '1', 'The supplier purchasing details could not be added'),
('333', 'UPDATE purch_order_details\n        SET quantity_received = quantity_received + &#039;1&#039;,\n        std_cost_unit=&#039;30900&#039;,\n        quantity_ordered=&#039;1&#039;,\n        act_price=&#039;60000&#039;\n        WHERE po_detail_item = &#039;205&#039;', '1', 'a purchase order details record could not be updated. This receipt of goods has not been processed '),
('334', 'INSERT INTO grn_items (grn_batch_id, po_detail_item, item_code, description, tax_type_id, qty_recd)\n		VALUES (&#039;205&#039;, &#039;205&#039;, &#039;SL&#039;, &#039;SUB LABOUR&#039;, &#039;16&#039;, &#039;1&#039;)', '1', 'A GRN detail item could not be inserted.'),
('335', 'INSERT INTO stock_moves (stock_id, trans_no, type, loc_code,\n		tran_date, person_id, reference, qty, standard_cost, visible, price,\n		discount_percent) VALUES (&#039;SL&#039;, &#039;205&#039;, &#039;25&#039;,	&#039;DEF&#039;, &#039;2015-08-16&#039;, &#039;22&#039;, &#039;&#039;, &#039;1&#039;, &#039;30900&#039;,&#039;1&#039;, &#039;60000&#039;, &#039;0&#039;)', '1', 'The stock movement record cannot be inserted'),
('336', 'INSERT INTO gl_trans ( type, type_no, tran_date,\n	account, dimension_id, dimension2_id, memo_, amount, gst, person_type_id, person_id) VALUES (&#039;25&#039;, &#039;205&#039;, &#039;2015-08-16&#039;,\n	&#039;1550&#039;, &#039;0&#039;, &#039;0&#039;, &#039;&#039;, &#039;-60000&#039;, &#039;&#039;, &#039;3&#039;, &#039;&#039;) ', '1', 'The supplier GL transaction could not be inserted'),
('337', 'REPLACE refs SET reference=&#039;auto&#039;, type=&#039;25&#039;, id=&#039;205&#039;', '1', 'could not update reference entry'),
('338', 'INSERT INTO audit_trail (type, trans_no, user, fiscal_year, gl_date, description, gl_seq)\n    			VALUES(&#039;25&#039;, &#039;205&#039;,1,2,&#039;2015-08-16&#039;,&#039;&#039;, 0)', '1', 'Cannot add audit info'),
('339', 'UPDATE audit_trail SET gl_seq = NULL WHERE type=&#039;25&#039; AND trans_no=&#039;205&#039; AND id!=1000', '1', 'Cannot update audit gl_seq'),
('340', 'INSERT INTO supp_trans (trans_no, type, supplier_id, tran_date, due_date,\n		reference, supp_reference, ov_amount, ov_gst, rate, ov_discount, tax_included, fixed_access, cheque,reason ) VALUES (&#039;229&#039;, &#039;20&#039;, &#039;22&#039;, &#039;2015-08-16&#039;, &#039;2015-09-15&#039;,\n		&#039;2015/ioicity/inv01&#039;, &#039;2015/IOICITY/&#039;, &#039;60000&#039;, &#039;0&#039;, &#039;1&#039;, &#039;0&#039;, &#039;0&#039;, &#039;&#039;,&#039;&#039; ,&#039;&#039;)', '1', 'Cannot insert a supplier transaction record'),
('341', 'INSERT INTO audit_trail (type, trans_no, user, fiscal_year, gl_date, description, gl_seq)\n    			VALUES(&#039;20&#039;, &#039;229&#039;,1,2,&#039;2015-08-16&#039;,&#039;&#039;, 0)', '1', 'Cannot add audit info'),
('342', 'UPDATE audit_trail SET gl_seq = NULL WHERE type=&#039;20&#039; AND trans_no=&#039;229&#039; AND id!=1001', '1', 'Cannot update audit gl_seq'),
('343', 'INSERT INTO gl_trans ( type, type_no, tran_date,\n	account, dimension_id, dimension2_id, memo_, amount, gst, person_type_id, person_id) VALUES (&#039;20&#039;, &#039;229&#039;, &#039;2015-08-16&#039;,\n	&#039;2100&#039;, &#039;0&#039;, &#039;0&#039;, &#039;&#039;, &#039;-60000&#039;, &#039;&#039;, &#039;3&#039;, &#039;22&#039;) ', '1', 'The general ledger transaction for the control total could not be added'),
('344', 'UPDATE purch_order_details\n		SET qty_invoiced = qty_invoiced + &#039;1&#039; , act_price = &#039;60000&#039; WHERE po_detail_item = &#039;205&#039;', '1', 'The quantity invoiced of the purchase order line could not be updated'),
('345', 'UPDATE grn_items\n        SET quantity_inv = quantity_inv + &#039;1&#039;\n        WHERE id = &#039;205&#039;', '1', 'The quantity invoiced off the items received record could not be updated'),
('346', 'INSERT INTO gl_trans ( type, type_no, tran_date,\n	account, dimension_id, dimension2_id, memo_, amount, gst, person_type_id, person_id) VALUES (&#039;20&#039;, &#039;229&#039;, &#039;2015-08-16&#039;,\n	&#039;1550&#039;, &#039;0&#039;, &#039;0&#039;, &#039;&#039;, &#039;60000&#039;, &#039;&#039;, &#039;3&#039;, &#039;22&#039;) ', '1', 'The supplier GL transaction could not be inserted'),
('347', 'INSERT INTO gl_trans ( type, type_no, tran_date,\n	account, dimension_id, dimension2_id, memo_, amount, gst, person_type_id, person_id) VALUES (&#039;20&#039;, &#039;229&#039;, &#039;2015-08-16&#039;,\n	&#039;1300&#039;, &#039;0&#039;, &#039;0&#039;, &#039;&#039;, &#039;0&#039;, &#039;&#039;, &#039;3&#039;, &#039;22&#039;) ', '1', 'The supplier GL transaction could not be inserted'),
('348', 'UPDATE stock_master SET material_cost=&#039;30900&#039;\n		WHERE stock_id=&#039;SL&#039;', '1', 'The cost details for the inventory item could not be updated'),
('349', 'UPDATE purch_data SET price=&#039;60000&#039; WHERE stock_id=&#039;SL&#039; AND supplier_id=&#039;22&#039;', '1', 'The supplier purchasing details could not be updated'),
('350', 'INSERT INTO supp_invoice_items (supp_trans_type, supp_trans_no, stock_id, description, gl_code, unit_price, unit_tax, quantity,\n	  	grn_item_id, po_detail_item_id, memo_,tax_type_id) VALUES (&#039;20&#039;, &#039;229&#039;, &#039;SL&#039;, &#039;SUB LABOUR&#039;, &#039;0&#039;, &#039;60000&#039;, &#039;0&#039;, &#039;1&#039;,\n		&#039;205&#039;, &#039;205&#039;, &#039;&#039;,&#039;16&#039;)', '1', 'Cannot insert a supplier transaction detail record'),
('351', 'INSERT INTO comments (type, id, date_, memo_)\n    		VALUES (&#039;20&#039;, &#039;229&#039;, &#039;2015-08-16&#039;, &#039;TESTING AND COMMISSIONING FOR BUILDING CONTROL SYSTEM&#039;)', '1', 'could not add comments transaction entry'),
('352', 'REPLACE refs SET reference=&#039;2015/ioicity/inv01&#039;, type=&#039;20&#039;, id=&#039;229&#039;', '1', 'could not update reference entry'),
('353', 'COMMIT', '1', 'could not commit a transaction'),
('354', 'UPDATE stock_master SET long_description=&#039;SUB LABOUR&#039;,\n		description=&#039;SUB LABOUR&#039;,\n		category_id=&#039;2&#039;,\n		sales_account=&#039;4010&#039;,\n		inventory_account=&#039;5020&#039;,\n		cogs_account=&#039;5020&#039;,\n		adjustment_account=&#039;5040&#039;,\n		assembly_account=&#039;1530&#039;,\n		dimension_id=&#039;0&#039;,\n		dimension2_id=&#039;0&#039;,\n		no_sale=&#039;0&#039;,\n		sales_gst_type=&#039;31&#039;,\n		purchase_gst_type=&#039;20&#039;,\n		editable=&#039;0&#039; WHERE stock_id=&#039;SL&#039;', '1', 'The item could not be updated'),
('355', 'UPDATE item_codes SET\n	 	item_code = &#039;SL&#039;,\n	 	stock_id = &#039;SL&#039;,\n	 	description = &#039;SUB LABOUR&#039;,\n	 	category_id = &#039;2&#039;,\n	 	quantity = &#039;1&#039;,\n	 	is_foreign = &#039;0&#039;\n        	WHERE item_code = &#039;SL&#039; AND stock_id = &#039;SL&#039;', '1', 'an item code could not be updated'),
('356', 'UPDATE stock_master SET inactive = 0 WHERE stock_id=&#039;SL&#039;', '1', 'Can&#039;t update record status'),
('357', 'UPDATE item_codes SET inactive = 0 WHERE item_code=&#039;SL&#039;', '1', 'Can&#039;t update record status'),
('358', 'BEGIN', '1', 'could not start a transaction'),
('359', 'UPDATE bank_trans SET amount=0\n		WHERE type=&#039;20&#039; AND trans_no=&#039;229&#039;', '1', 'could not void bank transactions for type=20 and trans_no=229'),
('360', 'UPDATE gl_trans SET amount=0 WHERE type=&#039;20&#039; AND type_no=&#039;229&#039;', '1', 'could not void gl transactions for type=20 and trans_no=229'),
('361', 'DELETE FROM cust_allocations\n		WHERE (trans_type_from=&#039;20&#039; AND trans_no_from=&#039;229&#039;)\n		OR (trans_type_to=&#039;20&#039; AND trans_no_to=&#039;229&#039;)', '1', 'could not void debtor transactions for type=20 and trans_no=229'),
('362', 'UPDATE debtor_trans SET ov_amount=0, ov_discount=0, ov_gst=0, ov_freight=0,\n		ov_freight_tax=0, alloc=0, version=version+1 WHERE type=&#039;20&#039; AND trans_no=&#039;229&#039;', '1', 'could not void debtor transactions for type=20 and trans_no=229'),
('363', 'DELETE FROM supp_allocations\n		WHERE (trans_type_from=&#039;20&#039; AND trans_no_from=&#039;229&#039;)\n		OR (trans_type_to=&#039;20&#039; AND trans_no_to=&#039;229&#039;)', '1', 'could not void supp transactions for type=20 and trans_no=229'),
('364', 'UPDATE supp_trans SET ov_amount=0, ov_discount=0, ov_gst=0,\n		alloc=0 WHERE type=&#039;20&#039; AND trans_no=&#039;229&#039;', '1', 'could not void supp transactions for type=20 and trans_no=229'),
('365', 'UPDATE trans_tax_details SET amount=0, net_amount=0\n	WHERE trans_no=&#039;229&#039; AND trans_type=&#039;20&#039;', '1', 'The transaction tax details could not be voided'),
('366', 'UPDATE gl_trans SET amount=0 WHERE type=&#039;20&#039; AND type_no=&#039;229&#039;', '1', 'could not void gl transactions for type=20 and trans_no=229'),
('367', 'DELETE FROM supp_allocations\n		WHERE (trans_type_from=&#039;20&#039; AND trans_no_from=&#039;229&#039;)\n		OR (trans_type_to=&#039;20&#039; AND trans_no_to=&#039;229&#039;)', '1', 'could not void supp transactions for type=20 and trans_no=229'),
('368', 'UPDATE supp_trans SET ov_amount=0, ov_discount=0, ov_gst=0,\n		alloc=0 WHERE type=&#039;20&#039; AND trans_no=&#039;229&#039;', '1', 'could not void supp transactions for type=20 and trans_no=229'),
('369', 'UPDATE purch_order_details\n		SET qty_invoiced = qty_invoiced + &#039;-1&#039; , act_price = &#039;60000&#039; WHERE po_detail_item = &#039;205&#039;', '1', 'The quantity invoiced of the purchase order line could not be updated'),
('370', 'UPDATE grn_items\n        SET quantity_inv = quantity_inv + &#039;-1&#039;\n        WHERE id = &#039;205&#039;', '1', 'The quantity invoiced off the items received record could not be updated'),
('371', 'UPDATE stock_master SET material_cost=&#039;30900&#039;\n		WHERE stock_id=&#039;SL&#039;', '1', 'The cost details for the inventory item could not be updated'),
('372', 'UPDATE supp_invoice_items SET quantity=0, unit_price=0\n		WHERE supp_trans_type = &#039;20&#039; AND supp_trans_no=&#039;229&#039;', '1', 'could not void supptrans details'),
('373', 'UPDATE trans_tax_details SET amount=0, net_amount=0\n	WHERE trans_no=&#039;229&#039; AND trans_type=&#039;20&#039;', '1', 'The transaction tax details could not be voided'),
('374', 'COMMIT', '1', 'could not commit a transaction'),
('375', 'INSERT INTO voided (type, id, date_, memo_)\n		VALUES (&#039;20&#039;, &#039;229&#039;, &#039;2015-09-24&#039;, &#039;WRONG ACCOUNT&#039;)', '1', 'could not add voided transaction entry'),
('376', 'BEGIN', '1', 'could not start a transaction'),
('377', 'UPDATE bank_trans SET amount=0\n		WHERE type=&#039;25&#039; AND trans_no=&#039;205&#039;', '1', 'could not void bank transactions for type=25 and trans_no=205'),
('378', 'UPDATE gl_trans SET amount=0 WHERE type=&#039;25&#039; AND type_no=&#039;205&#039;', '1', 'could not void gl transactions for type=25 and trans_no=205'),
('379', 'DELETE FROM cust_allocations\n		WHERE (trans_type_from=&#039;25&#039; AND trans_no_from=&#039;205&#039;)\n		OR (trans_type_to=&#039;25&#039; AND trans_no_to=&#039;205&#039;)', '1', 'could not void debtor transactions for type=25 and trans_no=205'),
('380', 'UPDATE debtor_trans SET ov_amount=0, ov_discount=0, ov_gst=0, ov_freight=0,\n		ov_freight_tax=0, alloc=0, version=version+1 WHERE type=&#039;25&#039; AND trans_no=&#039;205&#039;', '1', 'could not void debtor transactions for type=25 and trans_no=205'),
('381', 'DELETE FROM supp_allocations\n		WHERE (trans_type_from=&#039;25&#039; AND trans_no_from=&#039;205&#039;)\n		OR (trans_type_to=&#039;25&#039; AND trans_no_to=&#039;205&#039;)', '1', 'could not void supp transactions for type=25 and trans_no=205'),
('382', 'UPDATE supp_trans SET ov_amount=0, ov_discount=0, ov_gst=0,\n		alloc=0 WHERE type=&#039;25&#039; AND trans_no=&#039;205&#039;', '1', 'could not void supp transactions for type=25 and trans_no=205'),
('383', 'UPDATE trans_tax_details SET amount=0, net_amount=0\n	WHERE trans_no=&#039;205&#039; AND trans_type=&#039;25&#039;', '1', 'The transaction tax details could not be voided'),
('384', 'UPDATE gl_trans SET amount=0 WHERE type=&#039;25&#039; AND type_no=&#039;205&#039;', '1', 'could not void gl transactions for type=25 and trans_no=205'),
('385', 'UPDATE purch_order_details\n                SET quantity_received = quantity_received - 1\n                WHERE po_detail_item = 205', '1', 'a purchase order details record could not be voided.'),
('386', 'UPDATE grn_items SET qty_recd=0, quantity_inv=0\n		WHERE grn_batch_id=&#039;205&#039;', '1', 'A grn detail item could not be voided.'),
('387', 'UPDATE stock_master SET material_cost=&#039;1800&#039;\n		WHERE stock_id=&#039;SL&#039;', '1', 'The cost details for the inventory item could not be updated'),
('388', 'DELETE FROM stock_moves WHERE type=&#039;25&#039;	AND trans_no=&#039;205&#039;', '1', 'The stock movement cannot be delated'),
('389', 'COMMIT', '1', 'could not commit a transaction'),
('390', 'INSERT INTO voided (type, id, date_, memo_)\n		VALUES (&#039;25&#039;, &#039;205&#039;, &#039;2015-09-24&#039;, &#039;WRONG ACCOUNT&#039;)', '1', 'could not add voided transaction entry'),
('391', 'BEGIN', '1', 'could not start a transaction'),
('392', 'INSERT INTO purch_orders (supplier_id, Comments, ord_date, reference,\n     	requisition_no, into_stock_location, delivery_address, total, tax_included ) VALUES(&#039;22&#039;,&#039;&#039;,&#039;2015-08-16&#039;, &#039;auto&#039;, &#039;2015/IOI/INV01&#039;, &#039;DEF&#039;, &#039;Delivery 1\\nDelivery 2\\nDelivery 3&#039;, &#039;60000&#039;, &#039;0&#039;)', '1', 'The purchase order header record could not be inserted'),
('393', 'INSERT INTO purch_order_details (order_no, item_code, description, delivery_date, unit_price,tax_type_id,quantity_ordered) VALUES (206, &#039;SL&#039;,&#039;SUB LABOUR&#039;,&#039;2015-08-16&#039;,&#039;60000&#039;, &#039;16&#039;, &#039;1&#039;)', '1', 'One of the purchase order detail records could not be inserted'),
('394', 'REPLACE refs SET reference=&#039;auto&#039;, type=&#039;18&#039;, id=&#039;206&#039;', '1', 'could not update reference entry'),
('395', 'INSERT INTO audit_trail (type, trans_no, user, fiscal_year, gl_date, description, gl_seq)\n    			VALUES(&#039;18&#039;, &#039;206&#039;,1,2,&#039;2015-08-16&#039;,&#039;&#039;, 0)', '1', 'Cannot add audit info'),
('396', 'UPDATE audit_trail SET gl_seq = NULL WHERE type=&#039;18&#039; AND trans_no=&#039;206&#039; AND id!=1002', '1', 'Cannot update audit gl_seq'),
('397', 'INSERT INTO grn_batch (purch_order_no, delivery_date, supplier_id, reference, loc_code)\n			VALUES (&#039;206&#039;, &#039;2015-08-16&#039;, &#039;22&#039;, &#039;auto&#039;, &#039;DEF&#039;)', '1', 'A grn batch record could not be inserted.'),
('398', 'INSERT INTO gl_trans ( type, type_no, tran_date,\n	account, dimension_id, dimension2_id, memo_, amount, gst, person_type_id, person_id) VALUES (&#039;25&#039;, &#039;206&#039;, &#039;2015-08-16&#039;,\n	&#039;5020&#039;, &#039;0&#039;, &#039;0&#039;, &#039;SL&#039;, &#039;60000&#039;, &#039;&#039;, &#039;3&#039;, &#039;22&#039;) ', '1', 'The supplier GL transaction could not be inserted'),
('399', 'UPDATE stock_master SET material_cost=&#039;30900&#039;\n		WHERE stock_id=&#039;SL&#039;', '1', 'The cost details for the inventory item could not be updated'),
('400', 'UPDATE purch_data SET price=&#039;60000&#039;,supplier_description=&#039;SUB LABOUR&#039; WHERE stock_id=&#039;SL&#039; AND supplier_id=&#039;22&#039;', '1', 'The supplier purchasing details could not be updated');
INSERT INTO `sql_trail` VALUES
('401', 'UPDATE purch_order_details\n        SET quantity_received = quantity_received + &#039;1&#039;,\n        std_cost_unit=&#039;30900&#039;,\n        quantity_ordered=&#039;1&#039;,\n        act_price=&#039;60000&#039;\n        WHERE po_detail_item = &#039;206&#039;', '1', 'a purchase order details record could not be updated. This receipt of goods has not been processed '),
('402', 'INSERT INTO grn_items (grn_batch_id, po_detail_item, item_code, description, tax_type_id, qty_recd)\n		VALUES (&#039;206&#039;, &#039;206&#039;, &#039;SL&#039;, &#039;SUB LABOUR&#039;, &#039;16&#039;, &#039;1&#039;)', '1', 'A GRN detail item could not be inserted.'),
('403', 'INSERT INTO stock_moves (stock_id, trans_no, type, loc_code,\n		tran_date, person_id, reference, qty, standard_cost, visible, price,\n		discount_percent) VALUES (&#039;SL&#039;, &#039;206&#039;, &#039;25&#039;,	&#039;DEF&#039;, &#039;2015-08-16&#039;, &#039;22&#039;, &#039;&#039;, &#039;1&#039;, &#039;30900&#039;,&#039;1&#039;, &#039;60000&#039;, &#039;0&#039;)', '1', 'The stock movement record cannot be inserted'),
('404', 'INSERT INTO gl_trans ( type, type_no, tran_date,\n	account, dimension_id, dimension2_id, memo_, amount, gst, person_type_id, person_id) VALUES (&#039;25&#039;, &#039;206&#039;, &#039;2015-08-16&#039;,\n	&#039;1550&#039;, &#039;0&#039;, &#039;0&#039;, &#039;&#039;, &#039;-60000&#039;, &#039;&#039;, &#039;3&#039;, &#039;&#039;) ', '1', 'The supplier GL transaction could not be inserted'),
('405', 'REPLACE refs SET reference=&#039;auto&#039;, type=&#039;25&#039;, id=&#039;206&#039;', '1', 'could not update reference entry'),
('406', 'INSERT INTO audit_trail (type, trans_no, user, fiscal_year, gl_date, description, gl_seq)\n    			VALUES(&#039;25&#039;, &#039;206&#039;,1,2,&#039;2015-08-16&#039;,&#039;&#039;, 0)', '1', 'Cannot add audit info'),
('407', 'UPDATE audit_trail SET gl_seq = NULL WHERE type=&#039;25&#039; AND trans_no=&#039;206&#039; AND id!=1003', '1', 'Cannot update audit gl_seq'),
('408', 'INSERT INTO supp_trans (trans_no, type, supplier_id, tran_date, due_date,\n		reference, supp_reference, ov_amount, ov_gst, rate, ov_discount, tax_included, fixed_access, cheque,reason ) VALUES (&#039;230&#039;, &#039;20&#039;, &#039;22&#039;, &#039;2015-08-16&#039;, &#039;2015-09-15&#039;,\n		&#039;2015/IOICITY/INV01&#039;, &#039;2015/IOI/INV01&#039;, &#039;60000&#039;, &#039;0&#039;, &#039;1&#039;, &#039;0&#039;, &#039;0&#039;, &#039;&#039;,&#039;&#039; ,&#039;&#039;)', '1', 'Cannot insert a supplier transaction record'),
('409', 'INSERT INTO audit_trail (type, trans_no, user, fiscal_year, gl_date, description, gl_seq)\n    			VALUES(&#039;20&#039;, &#039;230&#039;,1,2,&#039;2015-08-16&#039;,&#039;&#039;, 0)', '1', 'Cannot add audit info'),
('410', 'UPDATE audit_trail SET gl_seq = NULL WHERE type=&#039;20&#039; AND trans_no=&#039;230&#039; AND id!=1004', '1', 'Cannot update audit gl_seq'),
('411', 'INSERT INTO gl_trans ( type, type_no, tran_date,\n	account, dimension_id, dimension2_id, memo_, amount, gst, person_type_id, person_id) VALUES (&#039;20&#039;, &#039;230&#039;, &#039;2015-08-16&#039;,\n	&#039;2100&#039;, &#039;0&#039;, &#039;0&#039;, &#039;&#039;, &#039;-60000&#039;, &#039;&#039;, &#039;3&#039;, &#039;22&#039;) ', '1', 'The general ledger transaction for the control total could not be added'),
('412', 'UPDATE purch_order_details\n		SET qty_invoiced = qty_invoiced + &#039;1&#039; , act_price = &#039;60000&#039; WHERE po_detail_item = &#039;206&#039;', '1', 'The quantity invoiced of the purchase order line could not be updated'),
('413', 'UPDATE grn_items\n        SET quantity_inv = quantity_inv + &#039;1&#039;\n        WHERE id = &#039;206&#039;', '1', 'The quantity invoiced off the items received record could not be updated'),
('414', 'INSERT INTO gl_trans ( type, type_no, tran_date,\n	account, dimension_id, dimension2_id, memo_, amount, gst, person_type_id, person_id) VALUES (&#039;20&#039;, &#039;230&#039;, &#039;2015-08-16&#039;,\n	&#039;1550&#039;, &#039;0&#039;, &#039;0&#039;, &#039;&#039;, &#039;60000&#039;, &#039;&#039;, &#039;3&#039;, &#039;22&#039;) ', '1', 'The supplier GL transaction could not be inserted'),
('415', 'INSERT INTO gl_trans ( type, type_no, tran_date,\n	account, dimension_id, dimension2_id, memo_, amount, gst, person_type_id, person_id) VALUES (&#039;20&#039;, &#039;230&#039;, &#039;2015-08-16&#039;,\n	&#039;1300&#039;, &#039;0&#039;, &#039;0&#039;, &#039;&#039;, &#039;0&#039;, &#039;&#039;, &#039;3&#039;, &#039;22&#039;) ', '1', 'The supplier GL transaction could not be inserted'),
('416', 'UPDATE stock_master SET material_cost=&#039;30900&#039;\n		WHERE stock_id=&#039;SL&#039;', '1', 'The cost details for the inventory item could not be updated'),
('417', 'UPDATE purch_data SET price=&#039;60000&#039; WHERE stock_id=&#039;SL&#039; AND supplier_id=&#039;22&#039;', '1', 'The supplier purchasing details could not be updated'),
('418', 'INSERT INTO supp_invoice_items (supp_trans_type, supp_trans_no, stock_id, description, gl_code, unit_price, unit_tax, quantity,\n	  	grn_item_id, po_detail_item_id, memo_,tax_type_id) VALUES (&#039;20&#039;, &#039;230&#039;, &#039;SL&#039;, &#039;SUB LABOUR&#039;, &#039;0&#039;, &#039;60000&#039;, &#039;0&#039;, &#039;1&#039;,\n		&#039;206&#039;, &#039;206&#039;, &#039;&#039;,&#039;16&#039;)', '1', 'Cannot insert a supplier transaction detail record'),
('419', 'REPLACE refs SET reference=&#039;2015/IOICITY/INV01&#039;, type=&#039;20&#039;, id=&#039;230&#039;', '1', 'could not update reference entry'),
('420', 'COMMIT', '1', 'could not commit a transaction'),
('421', 'set @bal:=0', '1', ''),
('422', 'INSERT INTO chart_master (account_code, account_code2, account_name, account_type)\n		VALUES (&#039;5030&#039;, &#039;&#039;, &#039;TESTING &amp; COMMISSIONING&#039;, &#039;10&#039;)', '0', ''),
('423', 'INSERT INTO chart_master (account_code, account_code2, account_name, account_type)\n		VALUES (&#039;5050&#039;, &#039;&#039;, &#039;TESTING &amp; COMMISSIONING&#039;, &#039;10&#039;)', '0', ''),
('424', 'UPDATE chart_master SET account_name=&#039;TESTING &amp; COMMISSIONING&#039;,account_type=&#039;10&#039;, account_code2=&#039;&#039; WHERE account_code = &#039;5040&#039;', '1', ''),
('425', 'UPDATE chart_master SET inactive = 0 WHERE account_code=&#039;5040&#039;', '1', 'Can&#039;t update record status'),
('426', 'INSERT INTO stock_master (stock_id, description, long_description, category_id,\n		units, mb_flag, sales_account, inventory_account, cogs_account,\n		adjustment_account, assembly_account, dimension_id, dimension2_id, no_sale, sales_gst_type, purchase_gst_type, editable)\n		VALUES (&#039;TESTING&#039;, &#039;TESTING &amp; COMMISSIONING&#039;, &#039;TESTING &amp; COMMISSIONING&#039;,\n		&#039;2&#039;, &#039;each&#039;, &#039;D&#039;,\n		&#039;4010&#039;, &#039;1510&#039;, &#039;5040&#039;,&#039;5040&#039;, &#039;1530&#039;, &#039;0&#039;, &#039;0&#039;,&#039;0&#039;,&#039;26&#039;,&#039;12&#039;,&#039;0&#039;)', '1', 'The item could not be added'),
('427', 'INSERT INTO item_codes\n			(item_code, stock_id, description, category_id, quantity, is_foreign) \n			VALUES( &#039;TESTING&#039;,&#039;TESTING&#039;,\n	  		&#039;TESTING &amp; COMMISSIONING&#039;,&#039;2&#039;,&#039;1&#039;,&#039;0&#039;)', '1', 'an item code could not be added'),
('428', 'BEGIN', '1', 'could not start a transaction'),
('429', 'UPDATE bank_trans SET amount=0\n		WHERE type=&#039;20&#039; AND trans_no=&#039;230&#039;', '1', 'could not void bank transactions for type=20 and trans_no=230'),
('430', 'UPDATE gl_trans SET amount=0 WHERE type=&#039;20&#039; AND type_no=&#039;230&#039;', '1', 'could not void gl transactions for type=20 and trans_no=230'),
('431', 'DELETE FROM cust_allocations\n		WHERE (trans_type_from=&#039;20&#039; AND trans_no_from=&#039;230&#039;)\n		OR (trans_type_to=&#039;20&#039; AND trans_no_to=&#039;230&#039;)', '1', 'could not void debtor transactions for type=20 and trans_no=230'),
('432', 'UPDATE debtor_trans SET ov_amount=0, ov_discount=0, ov_gst=0, ov_freight=0,\n		ov_freight_tax=0, alloc=0, version=version+1 WHERE type=&#039;20&#039; AND trans_no=&#039;230&#039;', '1', 'could not void debtor transactions for type=20 and trans_no=230'),
('433', 'DELETE FROM supp_allocations\n		WHERE (trans_type_from=&#039;20&#039; AND trans_no_from=&#039;230&#039;)\n		OR (trans_type_to=&#039;20&#039; AND trans_no_to=&#039;230&#039;)', '1', 'could not void supp transactions for type=20 and trans_no=230'),
('434', 'UPDATE supp_trans SET ov_amount=0, ov_discount=0, ov_gst=0,\n		alloc=0 WHERE type=&#039;20&#039; AND trans_no=&#039;230&#039;', '1', 'could not void supp transactions for type=20 and trans_no=230'),
('435', 'UPDATE trans_tax_details SET amount=0, net_amount=0\n	WHERE trans_no=&#039;230&#039; AND trans_type=&#039;20&#039;', '1', 'The transaction tax details could not be voided'),
('436', 'UPDATE gl_trans SET amount=0 WHERE type=&#039;20&#039; AND type_no=&#039;230&#039;', '1', 'could not void gl transactions for type=20 and trans_no=230'),
('437', 'DELETE FROM supp_allocations\n		WHERE (trans_type_from=&#039;20&#039; AND trans_no_from=&#039;230&#039;)\n		OR (trans_type_to=&#039;20&#039; AND trans_no_to=&#039;230&#039;)', '1', 'could not void supp transactions for type=20 and trans_no=230'),
('438', 'UPDATE supp_trans SET ov_amount=0, ov_discount=0, ov_gst=0,\n		alloc=0 WHERE type=&#039;20&#039; AND trans_no=&#039;230&#039;', '1', 'could not void supp transactions for type=20 and trans_no=230'),
('439', 'UPDATE purch_order_details\n		SET qty_invoiced = qty_invoiced + &#039;-1&#039; , act_price = &#039;60000&#039; WHERE po_detail_item = &#039;206&#039;', '1', 'The quantity invoiced of the purchase order line could not be updated'),
('440', 'UPDATE grn_items\n        SET quantity_inv = quantity_inv + &#039;-1&#039;\n        WHERE id = &#039;206&#039;', '1', 'The quantity invoiced off the items received record could not be updated'),
('441', 'UPDATE stock_master SET material_cost=&#039;30900&#039;\n		WHERE stock_id=&#039;SL&#039;', '1', 'The cost details for the inventory item could not be updated'),
('442', 'UPDATE supp_invoice_items SET quantity=0, unit_price=0\n		WHERE supp_trans_type = &#039;20&#039; AND supp_trans_no=&#039;230&#039;', '1', 'could not void supptrans details'),
('443', 'UPDATE trans_tax_details SET amount=0, net_amount=0\n	WHERE trans_no=&#039;230&#039; AND trans_type=&#039;20&#039;', '1', 'The transaction tax details could not be voided'),
('444', 'COMMIT', '1', 'could not commit a transaction'),
('445', 'INSERT INTO voided (type, id, date_, memo_)\n		VALUES (&#039;20&#039;, &#039;230&#039;, &#039;2015-09-24&#039;, &#039;WRONG ACCOUNT&#039;)', '1', 'could not add voided transaction entry'),
('446', 'BEGIN', '1', 'could not start a transaction'),
('447', 'UPDATE bank_trans SET amount=0\n		WHERE type=&#039;25&#039; AND trans_no=&#039;206&#039;', '1', 'could not void bank transactions for type=25 and trans_no=206'),
('448', 'UPDATE gl_trans SET amount=0 WHERE type=&#039;25&#039; AND type_no=&#039;206&#039;', '1', 'could not void gl transactions for type=25 and trans_no=206'),
('449', 'DELETE FROM cust_allocations\n		WHERE (trans_type_from=&#039;25&#039; AND trans_no_from=&#039;206&#039;)\n		OR (trans_type_to=&#039;25&#039; AND trans_no_to=&#039;206&#039;)', '1', 'could not void debtor transactions for type=25 and trans_no=206'),
('450', 'UPDATE debtor_trans SET ov_amount=0, ov_discount=0, ov_gst=0, ov_freight=0,\n		ov_freight_tax=0, alloc=0, version=version+1 WHERE type=&#039;25&#039; AND trans_no=&#039;206&#039;', '1', 'could not void debtor transactions for type=25 and trans_no=206'),
('451', 'DELETE FROM supp_allocations\n		WHERE (trans_type_from=&#039;25&#039; AND trans_no_from=&#039;206&#039;)\n		OR (trans_type_to=&#039;25&#039; AND trans_no_to=&#039;206&#039;)', '1', 'could not void supp transactions for type=25 and trans_no=206'),
('452', 'UPDATE supp_trans SET ov_amount=0, ov_discount=0, ov_gst=0,\n		alloc=0 WHERE type=&#039;25&#039; AND trans_no=&#039;206&#039;', '1', 'could not void supp transactions for type=25 and trans_no=206'),
('453', 'UPDATE trans_tax_details SET amount=0, net_amount=0\n	WHERE trans_no=&#039;206&#039; AND trans_type=&#039;25&#039;', '1', 'The transaction tax details could not be voided'),
('454', 'UPDATE gl_trans SET amount=0 WHERE type=&#039;25&#039; AND type_no=&#039;206&#039;', '1', 'could not void gl transactions for type=25 and trans_no=206'),
('455', 'UPDATE purch_order_details\n                SET quantity_received = quantity_received - 1\n                WHERE po_detail_item = 206', '1', 'a purchase order details record could not be voided.'),
('456', 'UPDATE grn_items SET qty_recd=0, quantity_inv=0\n		WHERE grn_batch_id=&#039;206&#039;', '1', 'A grn detail item could not be voided.'),
('457', 'UPDATE stock_master SET material_cost=&#039;1800&#039;\n		WHERE stock_id=&#039;SL&#039;', '1', 'The cost details for the inventory item could not be updated'),
('458', 'DELETE FROM stock_moves WHERE type=&#039;25&#039;	AND trans_no=&#039;206&#039;', '1', 'The stock movement cannot be delated'),
('459', 'COMMIT', '1', 'could not commit a transaction'),
('460', 'INSERT INTO voided (type, id, date_, memo_)\n		VALUES (&#039;25&#039;, &#039;206&#039;, &#039;2015-09-24&#039;, &#039;WRONG ACCOUNT&#039;)', '1', 'could not add voided transaction entry'),
('461', 'BEGIN', '1', 'could not start a transaction'),
('462', 'INSERT INTO purch_orders (supplier_id, Comments, ord_date, reference,\n     	requisition_no, into_stock_location, delivery_address, total, tax_included ) VALUES(&#039;22&#039;,&#039;TESTING AND COMMISSIONING AT IOI CITY MALL&#039;,&#039;2015-08-16&#039;, &#039;auto&#039;, &#039;2015/IOI/IN01&#039;, &#039;DEF&#039;, &#039;Delivery 1\\nDelivery 2\\nDelivery 3&#039;, &#039;60000&#039;, &#039;0&#039;)', '1', 'The purchase order header record could not be inserted'),
('463', 'INSERT INTO purch_order_details (order_no, item_code, description, delivery_date, unit_price,tax_type_id,quantity_ordered) VALUES (207, &#039;TESTING&#039;,&#039;TESTING &amp; COMMISSIONING&#039;,&#039;2015-08-16&#039;,&#039;60000&#039;, &#039;16&#039;, &#039;1&#039;)', '1', 'One of the purchase order detail records could not be inserted'),
('464', 'REPLACE refs SET reference=&#039;auto&#039;, type=&#039;18&#039;, id=&#039;207&#039;', '1', 'could not update reference entry'),
('465', 'INSERT INTO audit_trail (type, trans_no, user, fiscal_year, gl_date, description, gl_seq)\n    			VALUES(&#039;18&#039;, &#039;207&#039;,1,2,&#039;2015-08-16&#039;,&#039;&#039;, 0)', '1', 'Cannot add audit info'),
('466', 'UPDATE audit_trail SET gl_seq = NULL WHERE type=&#039;18&#039; AND trans_no=&#039;207&#039; AND id!=1005', '1', 'Cannot update audit gl_seq'),
('467', 'INSERT INTO grn_batch (purch_order_no, delivery_date, supplier_id, reference, loc_code)\n			VALUES (&#039;207&#039;, &#039;2015-08-16&#039;, &#039;22&#039;, &#039;auto&#039;, &#039;DEF&#039;)', '1', 'A grn batch record could not be inserted.'),
('468', 'INSERT INTO purch_data (supplier_id, stock_id, price, suppliers_uom,\n			conversion_factor, supplier_description) VALUES (&#039;22&#039;, &#039;TESTING&#039;, &#039;60000&#039;, &#039;&#039;, 1, &#039;TESTING &amp; COMMISSIONING&#039;)', '1', 'The supplier purchasing details could not be added'),
('469', 'UPDATE purch_order_details\n        SET quantity_received = quantity_received + &#039;1&#039;,\n        std_cost_unit=&#039;0&#039;,\n        quantity_ordered=&#039;1&#039;,\n        act_price=&#039;60000&#039;\n        WHERE po_detail_item = &#039;207&#039;', '1', 'a purchase order details record could not be updated. This receipt of goods has not been processed '),
('470', 'INSERT INTO grn_items (grn_batch_id, po_detail_item, item_code, description, tax_type_id, qty_recd)\n		VALUES (&#039;207&#039;, &#039;207&#039;, &#039;TESTING&#039;, &#039;TESTING &amp; COMMISSIONING&#039;, &#039;16&#039;, &#039;1&#039;)', '1', 'A GRN detail item could not be inserted.'),
('471', 'INSERT INTO stock_moves (stock_id, trans_no, type, loc_code,\n		tran_date, person_id, reference, qty, standard_cost, visible, price,\n		discount_percent) VALUES (&#039;TESTING&#039;, &#039;207&#039;, &#039;25&#039;,	&#039;DEF&#039;, &#039;2015-08-16&#039;, &#039;22&#039;, &#039;&#039;, &#039;1&#039;, &#039;0&#039;,&#039;1&#039;, &#039;60000&#039;, &#039;0&#039;)', '1', 'The stock movement record cannot be inserted'),
('472', 'REPLACE refs SET reference=&#039;auto&#039;, type=&#039;25&#039;, id=&#039;207&#039;', '1', 'could not update reference entry'),
('473', 'INSERT INTO audit_trail (type, trans_no, user, fiscal_year, gl_date, description, gl_seq)\n    			VALUES(&#039;25&#039;, &#039;207&#039;,1,2,&#039;2015-08-16&#039;,&#039;&#039;, 0)', '1', 'Cannot add audit info'),
('474', 'UPDATE audit_trail SET gl_seq = NULL WHERE type=&#039;25&#039; AND trans_no=&#039;207&#039; AND id!=1006', '1', 'Cannot update audit gl_seq'),
('475', 'INSERT INTO supp_trans (trans_no, type, supplier_id, tran_date, due_date,\n		reference, supp_reference, ov_amount, ov_gst, rate, ov_discount, tax_included, fixed_access, cheque,reason ) VALUES (&#039;231&#039;, &#039;20&#039;, &#039;22&#039;, &#039;2015-08-16&#039;, &#039;2015-09-15&#039;,\n		&#039;2015/IOICITY/IN01&#039;, &#039;2015/IOI/IN01&#039;, &#039;60000&#039;, &#039;0&#039;, &#039;1&#039;, &#039;0&#039;, &#039;0&#039;, &#039;&#039;,&#039;&#039; ,&#039;&#039;)', '1', 'Cannot insert a supplier transaction record'),
('476', 'INSERT INTO audit_trail (type, trans_no, user, fiscal_year, gl_date, description, gl_seq)\n    			VALUES(&#039;20&#039;, &#039;231&#039;,1,2,&#039;2015-08-16&#039;,&#039;&#039;, 0)', '1', 'Cannot add audit info'),
('477', 'UPDATE audit_trail SET gl_seq = NULL WHERE type=&#039;20&#039; AND trans_no=&#039;231&#039; AND id!=1007', '1', 'Cannot update audit gl_seq'),
('478', 'INSERT INTO gl_trans ( type, type_no, tran_date,\n	account, dimension_id, dimension2_id, memo_, amount, gst, person_type_id, person_id) VALUES (&#039;20&#039;, &#039;231&#039;, &#039;2015-08-16&#039;,\n	&#039;2100&#039;, &#039;0&#039;, &#039;0&#039;, &#039;&#039;, &#039;-60000&#039;, &#039;&#039;, &#039;3&#039;, &#039;22&#039;) ', '1', 'The general ledger transaction for the control total could not be added'),
('479', 'UPDATE purch_order_details\n		SET qty_invoiced = qty_invoiced + &#039;1&#039; , act_price = &#039;60000&#039; WHERE po_detail_item = &#039;207&#039;', '1', 'The quantity invoiced of the purchase order line could not be updated'),
('480', 'UPDATE grn_items\n        SET quantity_inv = quantity_inv + &#039;1&#039;\n        WHERE id = &#039;207&#039;', '1', 'The quantity invoiced off the items received record could not be updated'),
('481', 'INSERT INTO gl_trans ( type, type_no, tran_date,\n	account, dimension_id, dimension2_id, memo_, amount, gst, person_type_id, person_id) VALUES (&#039;20&#039;, &#039;231&#039;, &#039;2015-08-16&#039;,\n	&#039;5040&#039;, &#039;0&#039;, &#039;0&#039;, &#039;&#039;, &#039;60000&#039;, &#039;&#039;, &#039;3&#039;, &#039;22&#039;) ', '1', 'The supplier GL transaction could not be inserted'),
('482', 'INSERT INTO gl_trans ( type, type_no, tran_date,\n	account, dimension_id, dimension2_id, memo_, amount, gst, person_type_id, person_id) VALUES (&#039;20&#039;, &#039;231&#039;, &#039;2015-08-16&#039;,\n	&#039;1300&#039;, &#039;0&#039;, &#039;0&#039;, &#039;&#039;, &#039;0&#039;, &#039;&#039;, &#039;3&#039;, &#039;22&#039;) ', '1', 'The supplier GL transaction could not be inserted'),
('483', 'UPDATE purch_data SET price=&#039;60000&#039; WHERE stock_id=&#039;TESTING&#039; AND supplier_id=&#039;22&#039;', '1', 'The supplier purchasing details could not be updated'),
('484', 'INSERT INTO supp_invoice_items (supp_trans_type, supp_trans_no, stock_id, description, gl_code, unit_price, unit_tax, quantity,\n	  	grn_item_id, po_detail_item_id, memo_,tax_type_id) VALUES (&#039;20&#039;, &#039;231&#039;, &#039;TESTING&#039;, &#039;TESTING &amp; COMMISSIONING&#039;, &#039;0&#039;, &#039;60000&#039;, &#039;0&#039;, &#039;1&#039;,\n		&#039;207&#039;, &#039;207&#039;, &#039;&#039;,&#039;16&#039;)', '1', 'Cannot insert a supplier transaction detail record'),
('485', 'INSERT INTO comments (type, id, date_, memo_)\n    		VALUES (&#039;20&#039;, &#039;231&#039;, &#039;2015-08-16&#039;, &#039;TESTING AND COMMISSIONING AT IOI CITY MALL&#039;)', '1', 'could not add comments transaction entry'),
('486', 'REPLACE refs SET reference=&#039;2015/IOICITY/IN01&#039;, type=&#039;20&#039;, id=&#039;231&#039;', '1', 'could not update reference entry'),
('487', 'COMMIT', '1', 'could not commit a transaction'),
('488', 'BEGIN', '1', 'could not start a transaction'),
('489', 'INSERT INTO purch_orders (supplier_id, Comments, ord_date, reference,\n     	requisition_no, into_stock_location, delivery_address, total, tax_included ) VALUES(&#039;22&#039;,&#039;TESTING AND COMMISSIONING&#039;,&#039;2015-09-01&#039;, &#039;auto&#039;, &#039;2015/KLSEN/IN01&#039;, &#039;DEF&#039;, &#039;Delivery 1\\nDelivery 2\\nDelivery 3&#039;, &#039;50000&#039;, &#039;0&#039;)', '1', 'The purchase order header record could not be inserted'),
('490', 'INSERT INTO purch_order_details (order_no, item_code, description, delivery_date, unit_price,tax_type_id,quantity_ordered) VALUES (208, &#039;TESTING&#039;,&#039;TESTING &amp; COMMISSIONING&#039;,&#039;2015-09-01&#039;,&#039;50000&#039;, &#039;16&#039;, &#039;1&#039;)', '1', 'One of the purchase order detail records could not be inserted'),
('491', 'REPLACE refs SET reference=&#039;auto&#039;, type=&#039;18&#039;, id=&#039;208&#039;', '1', 'could not update reference entry'),
('492', 'INSERT INTO audit_trail (type, trans_no, user, fiscal_year, gl_date, description, gl_seq)\n    			VALUES(&#039;18&#039;, &#039;208&#039;,1,2,&#039;2015-09-01&#039;,&#039;&#039;, 0)', '1', 'Cannot add audit info'),
('493', 'UPDATE audit_trail SET gl_seq = NULL WHERE type=&#039;18&#039; AND trans_no=&#039;208&#039; AND id!=1008', '1', 'Cannot update audit gl_seq'),
('494', 'INSERT INTO grn_batch (purch_order_no, delivery_date, supplier_id, reference, loc_code)\n			VALUES (&#039;208&#039;, &#039;2015-09-01&#039;, &#039;22&#039;, &#039;auto&#039;, &#039;DEF&#039;)', '1', 'A grn batch record could not be inserted.'),
('495', 'UPDATE purch_data SET price=&#039;50000&#039;,supplier_description=&#039;TESTING &amp; COMMISSIONING&#039; WHERE stock_id=&#039;TESTING&#039; AND supplier_id=&#039;22&#039;', '1', 'The supplier purchasing details could not be updated'),
('496', 'UPDATE purch_order_details\n        SET quantity_received = quantity_received + &#039;1&#039;,\n        std_cost_unit=&#039;0&#039;,\n        quantity_ordered=&#039;1&#039;,\n        act_price=&#039;50000&#039;\n        WHERE po_detail_item = &#039;208&#039;', '1', 'a purchase order details record could not be updated. This receipt of goods has not been processed '),
('497', 'INSERT INTO grn_items (grn_batch_id, po_detail_item, item_code, description, tax_type_id, qty_recd)\n		VALUES (&#039;208&#039;, &#039;208&#039;, &#039;TESTING&#039;, &#039;TESTING &amp; COMMISSIONING&#039;, &#039;16&#039;, &#039;1&#039;)', '1', 'A GRN detail item could not be inserted.'),
('498', 'INSERT INTO stock_moves (stock_id, trans_no, type, loc_code,\n		tran_date, person_id, reference, qty, standard_cost, visible, price,\n		discount_percent) VALUES (&#039;TESTING&#039;, &#039;208&#039;, &#039;25&#039;,	&#039;DEF&#039;, &#039;2015-09-01&#039;, &#039;22&#039;, &#039;&#039;, &#039;1&#039;, &#039;0&#039;,&#039;1&#039;, &#039;50000&#039;, &#039;0&#039;)', '1', 'The stock movement record cannot be inserted'),
('499', 'REPLACE refs SET reference=&#039;auto&#039;, type=&#039;25&#039;, id=&#039;208&#039;', '1', 'could not update reference entry'),
('500', 'INSERT INTO audit_trail (type, trans_no, user, fiscal_year, gl_date, description, gl_seq)\n    			VALUES(&#039;25&#039;, &#039;208&#039;,1,2,&#039;2015-09-01&#039;,&#039;&#039;, 0)', '1', 'Cannot add audit info'),
('501', 'UPDATE audit_trail SET gl_seq = NULL WHERE type=&#039;25&#039; AND trans_no=&#039;208&#039; AND id!=1009', '1', 'Cannot update audit gl_seq'),
('502', 'INSERT INTO supp_trans (trans_no, type, supplier_id, tran_date, due_date,\n		reference, supp_reference, ov_amount, ov_gst, rate, ov_discount, tax_included, fixed_access, cheque,reason ) VALUES (&#039;232&#039;, &#039;20&#039;, &#039;22&#039;, &#039;2015-09-01&#039;, &#039;2015-10-01&#039;,\n		&#039;2015/KLSEN/IN01&#039;, &#039;2015/KLSEN/IN01&#039;, &#039;50000&#039;, &#039;0&#039;, &#039;1&#039;, &#039;0&#039;, &#039;0&#039;, &#039;&#039;,&#039;&#039; ,&#039;&#039;)', '1', 'Cannot insert a supplier transaction record'),
('503', 'INSERT INTO audit_trail (type, trans_no, user, fiscal_year, gl_date, description, gl_seq)\n    			VALUES(&#039;20&#039;, &#039;232&#039;,1,2,&#039;2015-09-01&#039;,&#039;&#039;, 0)', '1', 'Cannot add audit info'),
('504', 'UPDATE audit_trail SET gl_seq = NULL WHERE type=&#039;20&#039; AND trans_no=&#039;232&#039; AND id!=1010', '1', 'Cannot update audit gl_seq'),
('505', 'INSERT INTO gl_trans ( type, type_no, tran_date,\n	account, dimension_id, dimension2_id, memo_, amount, gst, person_type_id, person_id) VALUES (&#039;20&#039;, &#039;232&#039;, &#039;2015-09-01&#039;,\n	&#039;2100&#039;, &#039;0&#039;, &#039;0&#039;, &#039;&#039;, &#039;-50000&#039;, &#039;&#039;, &#039;3&#039;, &#039;22&#039;) ', '1', 'The general ledger transaction for the control total could not be added'),
('506', 'UPDATE purch_order_details\n		SET qty_invoiced = qty_invoiced + &#039;1&#039; , act_price = &#039;50000&#039; WHERE po_detail_item = &#039;208&#039;', '1', 'The quantity invoiced of the purchase order line could not be updated'),
('507', 'UPDATE grn_items\n        SET quantity_inv = quantity_inv + &#039;1&#039;\n        WHERE id = &#039;208&#039;', '1', 'The quantity invoiced off the items received record could not be updated'),
('508', 'INSERT INTO gl_trans ( type, type_no, tran_date,\n	account, dimension_id, dimension2_id, memo_, amount, gst, person_type_id, person_id) VALUES (&#039;20&#039;, &#039;232&#039;, &#039;2015-09-01&#039;,\n	&#039;5040&#039;, &#039;0&#039;, &#039;0&#039;, &#039;&#039;, &#039;50000&#039;, &#039;&#039;, &#039;3&#039;, &#039;22&#039;) ', '1', 'The supplier GL transaction could not be inserted'),
('509', 'INSERT INTO gl_trans ( type, type_no, tran_date,\n	account, dimension_id, dimension2_id, memo_, amount, gst, person_type_id, person_id) VALUES (&#039;20&#039;, &#039;232&#039;, &#039;2015-09-01&#039;,\n	&#039;1300&#039;, &#039;0&#039;, &#039;0&#039;, &#039;&#039;, &#039;0&#039;, &#039;&#039;, &#039;3&#039;, &#039;22&#039;) ', '1', 'The supplier GL transaction could not be inserted'),
('510', 'UPDATE purch_data SET price=&#039;50000&#039; WHERE stock_id=&#039;TESTING&#039; AND supplier_id=&#039;22&#039;', '1', 'The supplier purchasing details could not be updated'),
('511', 'INSERT INTO supp_invoice_items (supp_trans_type, supp_trans_no, stock_id, description, gl_code, unit_price, unit_tax, quantity,\n	  	grn_item_id, po_detail_item_id, memo_,tax_type_id) VALUES (&#039;20&#039;, &#039;232&#039;, &#039;TESTING&#039;, &#039;TESTING &amp; COMMISSIONING&#039;, &#039;0&#039;, &#039;50000&#039;, &#039;0&#039;, &#039;1&#039;,\n		&#039;208&#039;, &#039;208&#039;, &#039;&#039;,&#039;16&#039;)', '1', 'Cannot insert a supplier transaction detail record'),
('512', 'INSERT INTO comments (type, id, date_, memo_)\n    		VALUES (&#039;20&#039;, &#039;232&#039;, &#039;2015-09-01&#039;, &#039;TESTING AND COMMISSIONING&#039;)', '1', 'could not add comments transaction entry'),
('513', 'REPLACE refs SET reference=&#039;2015/KLSEN/IN01&#039;, type=&#039;20&#039;, id=&#039;232&#039;', '1', 'could not update reference entry'),
('514', 'COMMIT', '1', 'could not commit a transaction'),
('515', 'UPDATE stock_master SET long_description=&#039;PURCHASES - HARDWARE&#039;,\n		description=&#039;PURCHASES - HARDWARE&#039;,\n		category_id=&#039;2&#039;,\n		sales_account=&#039;4010&#039;,\n		inventory_account=&#039;5010&#039;,\n		cogs_account=&#039;5010&#039;,\n		adjustment_account=&#039;5010&#039;,\n		assembly_account=&#039;1530&#039;,\n		dimension_id=&#039;0&#039;,\n		dimension2_id=&#039;0&#039;,\n		no_sale=&#039;0&#039;,\n		sales_gst_type=&#039;26&#039;,\n		purchase_gst_type=&#039;12&#039;,\n		editable=&#039;0&#039; WHERE stock_id=&#039;PURCHASES&#039;', '1', 'The item could not be updated'),
('516', 'UPDATE item_codes SET\n	 	item_code = &#039;PURCHASES&#039;,\n	 	stock_id = &#039;PURCHASES&#039;,\n	 	description = &#039;PURCHASES - HARDWARE&#039;,\n	 	category_id = &#039;2&#039;,\n	 	quantity = &#039;1&#039;,\n	 	is_foreign = &#039;0&#039;\n        	WHERE item_code = &#039;PURCHASES&#039; AND stock_id = &#039;PURCHASES&#039;', '1', 'an item code could not be updated'),
('517', 'UPDATE stock_master SET inactive = 0 WHERE stock_id=&#039;PURCHASES&#039;', '1', 'Can&#039;t update record status'),
('518', 'UPDATE item_codes SET inactive = 0 WHERE item_code=&#039;PURCHASES&#039;', '1', 'Can&#039;t update record status'),
('519', 'BEGIN', '1', 'could not start a transaction'),
('520', 'UPDATE bank_trans SET amount=0\n		WHERE type=&#039;20&#039; AND trans_no=&#039;200&#039;', '1', 'could not void bank transactions for type=20 and trans_no=200'),
('521', 'UPDATE gl_trans SET amount=0 WHERE type=&#039;20&#039; AND type_no=&#039;200&#039;', '1', 'could not void gl transactions for type=20 and trans_no=200'),
('522', 'DELETE FROM cust_allocations\n		WHERE (trans_type_from=&#039;20&#039; AND trans_no_from=&#039;200&#039;)\n		OR (trans_type_to=&#039;20&#039; AND trans_no_to=&#039;200&#039;)', '1', 'could not void debtor transactions for type=20 and trans_no=200'),
('523', 'UPDATE debtor_trans SET ov_amount=0, ov_discount=0, ov_gst=0, ov_freight=0,\n		ov_freight_tax=0, alloc=0, version=version+1 WHERE type=&#039;20&#039; AND trans_no=&#039;200&#039;', '1', 'could not void debtor transactions for type=20 and trans_no=200'),
('524', 'DELETE FROM supp_allocations\n		WHERE (trans_type_from=&#039;20&#039; AND trans_no_from=&#039;200&#039;)\n		OR (trans_type_to=&#039;20&#039; AND trans_no_to=&#039;200&#039;)', '1', 'could not void supp transactions for type=20 and trans_no=200'),
('525', 'UPDATE supp_trans SET ov_amount=0, ov_discount=0, ov_gst=0,\n		alloc=0 WHERE type=&#039;20&#039; AND trans_no=&#039;200&#039;', '1', 'could not void supp transactions for type=20 and trans_no=200'),
('526', 'UPDATE trans_tax_details SET amount=0, net_amount=0\n	WHERE trans_no=&#039;200&#039; AND trans_type=&#039;20&#039;', '1', 'The transaction tax details could not be voided'),
('527', 'UPDATE gl_trans SET amount=0 WHERE type=&#039;20&#039; AND type_no=&#039;200&#039;', '1', 'could not void gl transactions for type=20 and trans_no=200'),
('528', 'DELETE FROM supp_allocations\n		WHERE (trans_type_from=&#039;20&#039; AND trans_no_from=&#039;200&#039;)\n		OR (trans_type_to=&#039;20&#039; AND trans_no_to=&#039;200&#039;)', '1', 'could not void supp transactions for type=20 and trans_no=200'),
('529', 'UPDATE supp_trans SET ov_amount=0, ov_discount=0, ov_gst=0,\n		alloc=0 WHERE type=&#039;20&#039; AND trans_no=&#039;200&#039;', '1', 'could not void supp transactions for type=20 and trans_no=200'),
('530', 'UPDATE purch_order_details\n		SET qty_invoiced = qty_invoiced + &#039;-1&#039; , act_price = &#039;2133&#039; WHERE po_detail_item = &#039;200&#039;', '1', 'The quantity invoiced of the purchase order line could not be updated'),
('531', 'UPDATE grn_items\n        SET quantity_inv = quantity_inv + &#039;-1&#039;\n        WHERE id = &#039;200&#039;', '1', 'The quantity invoiced off the items received record could not be updated'),
('532', 'UPDATE stock_master SET material_cost=&#039;1034.3649500001&#039;\n		WHERE stock_id=&#039;PURCHASES&#039;', '1', 'The cost details for the inventory item could not be updated'),
('533', 'UPDATE supp_invoice_items SET quantity=0, unit_price=0\n		WHERE supp_trans_type = &#039;20&#039; AND supp_trans_no=&#039;200&#039;', '1', 'could not void supptrans details'),
('534', 'UPDATE trans_tax_details SET amount=0, net_amount=0\n	WHERE trans_no=&#039;200&#039; AND trans_type=&#039;20&#039;', '1', 'The transaction tax details could not be voided'),
('535', 'COMMIT', '1', 'could not commit a transaction'),
('536', 'INSERT INTO voided (type, id, date_, memo_)\n		VALUES (&#039;20&#039;, &#039;200&#039;, &#039;2015-09-24&#039;, &#039;WRONG ACCOUNT&#039;)', '1', 'could not add voided transaction entry'),
('537', 'BEGIN', '1', 'could not start a transaction'),
('538', 'INSERT INTO purch_orders (supplier_id, Comments, ord_date, reference,\n     	requisition_no, into_stock_location, delivery_address, total, tax_included ) VALUES(&#039;8&#039;,&#039;&#039;,&#039;2015-06-01&#039;, &#039;auto&#039;, &#039;CIN00004297&#039;, &#039;DEF&#039;, &#039;Delivery 1\\nDelivery 2\\nDelivery 3&#039;, &#039;2133&#039;, &#039;0&#039;)', '1', 'The purchase order header record could not be inserted'),
('539', 'INSERT INTO purch_order_details (order_no, item_code, description, delivery_date, unit_price,tax_type_id,quantity_ordered) VALUES (209, &#039;PURCHASES&#039;,&#039;PURCHASES - HARDWARE&#039;,&#039;2015-06-01&#039;,&#039;2133&#039;, &#039;12&#039;, &#039;1&#039;)', '1', 'One of the purchase order detail records could not be inserted'),
('540', 'REPLACE refs SET reference=&#039;auto&#039;, type=&#039;18&#039;, id=&#039;209&#039;', '1', 'could not update reference entry'),
('541', 'INSERT INTO audit_trail (type, trans_no, user, fiscal_year, gl_date, description, gl_seq)\n    			VALUES(&#039;18&#039;, &#039;209&#039;,1,2,&#039;2015-06-01&#039;,&#039;&#039;, 0)', '1', 'Cannot add audit info'),
('542', 'UPDATE audit_trail SET gl_seq = NULL WHERE type=&#039;18&#039; AND trans_no=&#039;209&#039; AND id!=1011', '1', 'Cannot update audit gl_seq'),
('543', 'INSERT INTO grn_batch (purch_order_no, delivery_date, supplier_id, reference, loc_code)\n			VALUES (&#039;209&#039;, &#039;2015-06-01&#039;, &#039;8&#039;, &#039;auto&#039;, &#039;DEF&#039;)', '1', 'A grn batch record could not be inserted.'),
('544', 'INSERT INTO gl_trans ( type, type_no, tran_date,\n	account, dimension_id, dimension2_id, memo_, amount, gst, person_type_id, person_id) VALUES (&#039;25&#039;, &#039;209&#039;, &#039;2015-06-01&#039;,\n	&#039;5010&#039;, &#039;0&#039;, &#039;0&#039;, &#039;PURCHASES&#039;, &#039;2133&#039;, &#039;&#039;, &#039;3&#039;, &#039;8&#039;) ', '1', 'The supplier GL transaction could not be inserted'),
('545', 'UPDATE stock_master SET material_cost=&#039;1039.83079602&#039;\n		WHERE stock_id=&#039;PURCHASES&#039;', '1', 'The cost details for the inventory item could not be updated'),
('546', 'UPDATE purch_data SET price=&#039;2133&#039;,supplier_description=&#039;PURCHASES - HARDWARE&#039; WHERE stock_id=&#039;PURCHASES&#039; AND supplier_id=&#039;8&#039;', '1', 'The supplier purchasing details could not be updated'),
('547', 'UPDATE purch_order_details\n        SET quantity_received = quantity_received + &#039;1&#039;,\n        std_cost_unit=&#039;1039.83079602&#039;,\n        quantity_ordered=&#039;1&#039;,\n        act_price=&#039;2133&#039;\n        WHERE po_detail_item = &#039;209&#039;', '1', 'a purchase order details record could not be updated. This receipt of goods has not been processed '),
('548', 'INSERT INTO grn_items (grn_batch_id, po_detail_item, item_code, description, tax_type_id, qty_recd)\n		VALUES (&#039;209&#039;, &#039;209&#039;, &#039;PURCHASES&#039;, &#039;PURCHASES - HARDWARE&#039;, &#039;12&#039;, &#039;1&#039;)', '1', 'A GRN detail item could not be inserted.'),
('549', 'INSERT INTO stock_moves (stock_id, trans_no, type, loc_code,\n		tran_date, person_id, reference, qty, standard_cost, visible, price,\n		discount_percent) VALUES (&#039;PURCHASES&#039;, &#039;209&#039;, &#039;25&#039;,	&#039;DEF&#039;, &#039;2015-06-01&#039;, &#039;8&#039;, &#039;&#039;, &#039;1&#039;, &#039;1039.83079602&#039;,&#039;1&#039;, &#039;2133&#039;, &#039;0&#039;)', '1', 'The stock movement record cannot be inserted'),
('550', 'INSERT INTO gl_trans ( type, type_no, tran_date,\n	account, dimension_id, dimension2_id, memo_, amount, gst, person_type_id, person_id) VALUES (&#039;25&#039;, &#039;209&#039;, &#039;2015-06-01&#039;,\n	&#039;1550&#039;, &#039;0&#039;, &#039;0&#039;, &#039;&#039;, &#039;-2133&#039;, &#039;&#039;, &#039;3&#039;, &#039;&#039;) ', '1', 'The supplier GL transaction could not be inserted'),
('551', 'REPLACE refs SET reference=&#039;auto&#039;, type=&#039;25&#039;, id=&#039;209&#039;', '1', 'could not update reference entry'),
('552', 'INSERT INTO audit_trail (type, trans_no, user, fiscal_year, gl_date, description, gl_seq)\n    			VALUES(&#039;25&#039;, &#039;209&#039;,1,2,&#039;2015-06-01&#039;,&#039;&#039;, 0)', '1', 'Cannot add audit info'),
('553', 'UPDATE audit_trail SET gl_seq = NULL WHERE type=&#039;25&#039; AND trans_no=&#039;209&#039; AND id!=1012', '1', 'Cannot update audit gl_seq'),
('554', 'INSERT INTO supp_trans (trans_no, type, supplier_id, tran_date, due_date,\n		reference, supp_reference, ov_amount, ov_gst, rate, ov_discount, tax_included, fixed_access, cheque,reason ) VALUES (&#039;233&#039;, &#039;20&#039;, &#039;8&#039;, &#039;2015-06-01&#039;, &#039;2015-07-01&#039;,\n		&#039;201&#039;, &#039;CIN00004297&#039;, &#039;2133&#039;, &#039;127.98&#039;, &#039;1&#039;, &#039;0&#039;, &#039;0&#039;, &#039;&#039;,&#039;&#039; ,&#039;&#039;)', '1', 'Cannot insert a supplier transaction record'),
('555', 'INSERT INTO audit_trail (type, trans_no, user, fiscal_year, gl_date, description, gl_seq)\n    			VALUES(&#039;20&#039;, &#039;233&#039;,1,2,&#039;2015-06-01&#039;,&#039;&#039;, 0)', '1', 'Cannot add audit info'),
('556', 'UPDATE audit_trail SET gl_seq = NULL WHERE type=&#039;20&#039; AND trans_no=&#039;233&#039; AND id!=1013', '1', 'Cannot update audit gl_seq'),
('557', 'INSERT INTO gl_trans ( type, type_no, tran_date,\n	account, dimension_id, dimension2_id, memo_, amount, gst, person_type_id, person_id) VALUES (&#039;20&#039;, &#039;233&#039;, &#039;2015-06-01&#039;,\n	&#039;2100&#039;, &#039;0&#039;, &#039;0&#039;, &#039;&#039;, &#039;-2260.98&#039;, &#039;&#039;, &#039;3&#039;, &#039;8&#039;) ', '1', 'The general ledger transaction for the control total could not be added'),
('558', 'UPDATE purch_order_details\n		SET qty_invoiced = qty_invoiced + &#039;1&#039; , act_price = &#039;2133&#039; WHERE po_detail_item = &#039;209&#039;', '1', 'The quantity invoiced of the purchase order line could not be updated'),
('559', 'UPDATE grn_items\n        SET quantity_inv = quantity_inv + &#039;1&#039;\n        WHERE id = &#039;209&#039;', '1', 'The quantity invoiced off the items received record could not be updated'),
('560', 'INSERT INTO gl_trans ( type, type_no, tran_date,\n	account, dimension_id, dimension2_id, memo_, amount, gst, person_type_id, person_id) VALUES (&#039;20&#039;, &#039;233&#039;, &#039;2015-06-01&#039;,\n	&#039;1550&#039;, &#039;0&#039;, &#039;0&#039;, &#039;&#039;, &#039;2133&#039;, &#039;&#039;, &#039;3&#039;, &#039;8&#039;) ', '1', 'The supplier GL transaction could not be inserted'),
('561', 'INSERT INTO gl_trans ( type, type_no, tran_date,\n	account, dimension_id, dimension2_id, memo_, amount, gst, person_type_id, person_id) VALUES (&#039;20&#039;, &#039;233&#039;, &#039;2015-06-01&#039;,\n	&#039;1300&#039;, &#039;0&#039;, &#039;0&#039;, &#039;&#039;, &#039;127.98&#039;, &#039;&#039;, &#039;3&#039;, &#039;8&#039;) ', '1', 'The supplier GL transaction could not be inserted'),
('562', 'UPDATE stock_master SET material_cost=&#039;1039.83079602&#039;\n		WHERE stock_id=&#039;PURCHASES&#039;', '1', 'The cost details for the inventory item could not be updated'),
('563', 'UPDATE purch_data SET price=&#039;2133&#039; WHERE stock_id=&#039;PURCHASES&#039; AND supplier_id=&#039;8&#039;', '1', 'The supplier purchasing details could not be updated'),
('564', 'INSERT INTO supp_invoice_items (supp_trans_type, supp_trans_no, stock_id, description, gl_code, unit_price, unit_tax, quantity,\n	  	grn_item_id, po_detail_item_id, memo_,tax_type_id) VALUES (&#039;20&#039;, &#039;233&#039;, &#039;PURCHASES&#039;, &#039;PURCHASES - HARDWARE&#039;, &#039;0&#039;, &#039;2133&#039;, &#039;0&#039;, &#039;1&#039;,\n		&#039;209&#039;, &#039;209&#039;, &#039;&#039;,&#039;12&#039;)', '1', 'Cannot insert a supplier transaction detail record'),
('565', 'REPLACE refs SET reference=&#039;201&#039;, type=&#039;20&#039;, id=&#039;233&#039;', '1', 'could not update reference entry'),
('566', 'COMMIT', '1', 'could not commit a transaction'),
('567', 'BEGIN', '1', 'could not start a transaction'),
('568', 'INSERT INTO gl_trans ( type, type_no, tran_date,\n	account, dimension_id, dimension2_id, memo_, amount, gst, person_type_id, person_id) VALUES (&#039;1&#039;, &#039;90&#039;, &#039;2015-01-30&#039;,\n	&#039;5619&#039;, &#039;0&#039;, &#039;0&#039;, &#039;PETTY CASH OF JAN&#039;, &#039;1527.01&#039;, &#039;&#039;, &#039;0&#039;, &#039;&#039;) ', '1', 'The GL transaction could not be inserted'),
('569', 'INSERT INTO gl_trans ( type, type_no, tran_date,\n	account, dimension_id, dimension2_id, memo_, amount, gst, person_type_id, person_id) VALUES (&#039;1&#039;, &#039;90&#039;, &#039;2015-01-30&#039;,\n	&#039;5790&#039;, &#039;0&#039;, &#039;0&#039;, &#039;PETTY CASH OF JAN&#039;, &#039;482.65&#039;, &#039;&#039;, &#039;0&#039;, &#039;&#039;) ', '1', 'The GL transaction could not be inserted'),
('570', 'INSERT INTO gl_trans ( type, type_no, tran_date,\n	account, dimension_id, dimension2_id, memo_, amount, gst, person_type_id, person_id) VALUES (&#039;1&#039;, &#039;90&#039;, &#039;2015-01-30&#039;,\n	&#039;5790&#039;, &#039;0&#039;, &#039;0&#039;, &#039;PETTY CASH OF JAN&#039;, &#039;466.15&#039;, &#039;&#039;, &#039;0&#039;, &#039;&#039;) ', '1', 'The GL transaction could not be inserted'),
('571', 'INSERT INTO gl_trans ( type, type_no, tran_date,\n	account, dimension_id, dimension2_id, memo_, amount, gst, person_type_id, person_id) VALUES (&#039;1&#039;, &#039;90&#039;, &#039;2015-01-30&#039;,\n	&#039;5618&#039;, &#039;0&#039;, &#039;0&#039;, &#039;PETTY CASH OF JAN&#039;, &#039;139&#039;, &#039;&#039;, &#039;0&#039;, &#039;&#039;) ', '1', 'The GL transaction could not be inserted'),
('572', 'INSERT INTO gl_trans ( type, type_no, tran_date,\n	account, dimension_id, dimension2_id, memo_, amount, gst, person_type_id, person_id) VALUES (&#039;1&#039;, &#039;90&#039;, &#039;2015-01-30&#039;,\n	&#039;5618&#039;, &#039;0&#039;, &#039;0&#039;, &#039;PETTY CASH OF JAN&#039;, &#039;170&#039;, &#039;&#039;, &#039;0&#039;, &#039;&#039;) ', '1', 'The GL transaction could not be inserted'),
('573', 'INSERT INTO gl_trans ( type, type_no, tran_date,\n	account, dimension_id, dimension2_id, memo_, amount, gst, person_type_id, person_id) VALUES (&#039;1&#039;, &#039;90&#039;, &#039;2015-01-30&#039;,\n	&#039;5780&#039;, &#039;0&#039;, &#039;0&#039;, &#039;PETTY CASH OF JAN&#039;, &#039;283.8&#039;, &#039;&#039;, &#039;0&#039;, &#039;&#039;) ', '1', 'The GL transaction could not be inserted'),
('574', 'INSERT INTO gl_trans ( type, type_no, tran_date,\n	account, dimension_id, dimension2_id, memo_, amount, gst, person_type_id, person_id) VALUES (&#039;1&#039;, &#039;90&#039;, &#039;2015-01-30&#039;,\n	&#039;5010&#039;, &#039;0&#039;, &#039;0&#039;, &#039;PETTY CASH OF JAN&#039;, &#039;250&#039;, &#039;&#039;, &#039;0&#039;, &#039;&#039;) ', '1', 'The GL transaction could not be inserted'),
('575', 'INSERT INTO gl_trans ( type, type_no, tran_date,\n	account, dimension_id, dimension2_id, memo_, amount, gst, person_type_id, person_id) VALUES (&#039;1&#039;, &#039;90&#039;, &#039;2015-01-30&#039;,\n	&#039;5700&#039;, &#039;0&#039;, &#039;0&#039;, &#039;PETTY CASH OF JAN&#039;, &#039;38.1&#039;, &#039;&#039;, &#039;0&#039;, &#039;&#039;) ', '1', 'The GL transaction could not be inserted'),
('576', 'INSERT INTO gl_trans ( type, type_no, tran_date,\n	account, dimension_id, dimension2_id, memo_, amount, gst, person_type_id, person_id) VALUES (&#039;1&#039;, &#039;90&#039;, &#039;2015-01-30&#039;,\n	&#039;5766&#039;, &#039;0&#039;, &#039;0&#039;, &#039;PETTY CASH OF JAN&#039;, &#039;421&#039;, &#039;&#039;, &#039;0&#039;, &#039;&#039;) ', '1', 'The GL transaction could not be inserted'),
('577', 'INSERT INTO bank_trans (type, trans_no, bank_act, ref,\n		trans_date, amount, person_type_id, person_id, tax_inclusive, cheque) VALUES (1, 90, &#039;2&#039;, &#039;PV00008&#039;, &#039;2015-01-30&#039;,\n		&#039;-3777.71&#039;, &#039;0&#039;, &#039;&#039;, &#039;0&#039;, &#039;PC1501&#039; )', '1', 'Cannot insert a source bank transaction'),
('578', 'INSERT INTO gl_trans ( type, type_no, tran_date,\n	account, dimension_id, dimension2_id, memo_, amount, gst, person_type_id, person_id) VALUES (&#039;1&#039;, &#039;90&#039;, &#039;2015-01-30&#039;,\n	&#039;1065&#039;, &#039;0&#039;, &#039;0&#039;, &#039;PETTY CASH OF JAN&#039;, &#039;-3777.71&#039;, &#039;0&#039;, &#039;0&#039;, &#039;&#039;) ', '1', 'The GL transaction could not be inserted'),
('579', 'INSERT INTO comments (type, id, date_, memo_)\n    		VALUES (&#039;1&#039;, &#039;90&#039;, &#039;2015-01-30&#039;, &#039;PETTY CASH OF JAN&#039;)', '1', 'could not add comments transaction entry'),
('580', 'REPLACE refs SET reference=&#039;PV00008&#039;, type=&#039;1&#039;, id=&#039;90&#039;', '1', 'could not update reference entry'),
('581', 'UPDATE sys_types SET next_reference=&#039;PV00009&#039; WHERE type_id = &#039;1&#039;', '1', 'The next transaction ref for 1 could not be updated'),
('582', 'INSERT INTO audit_trail (type, trans_no, user, fiscal_year, gl_date, description, gl_seq)\n    			VALUES(&#039;1&#039;, &#039;90&#039;,1,2,&#039;2015-01-30&#039;,&#039;&#039;, 0)', '1', 'Cannot add audit info'),
('583', 'UPDATE audit_trail SET gl_seq = NULL WHERE type=&#039;1&#039; AND trans_no=&#039;90&#039; AND id!=1014', '1', 'Cannot update audit gl_seq'),
('584', 'COMMIT', '1', 'could not commit a transaction'),
('585', 'BEGIN', '1', 'could not start a transaction'),
('586', 'INSERT INTO gl_trans ( type, type_no, tran_date,\n	account, dimension_id, dimension2_id, memo_, amount, gst, person_type_id, person_id) VALUES (&#039;1&#039;, &#039;91&#039;, &#039;2015-02-28&#039;,\n	&#039;5619&#039;, &#039;0&#039;, &#039;0&#039;, &#039;PETTY CASH OF FEB&#039;, &#039;583.32&#039;, &#039;&#039;, &#039;0&#039;, &#039;&#039;) ', '1', 'The GL transaction could not be inserted'),
('587', 'INSERT INTO gl_trans ( type, type_no, tran_date,\n	account, dimension_id, dimension2_id, memo_, amount, gst, person_type_id, person_id) VALUES (&#039;1&#039;, &#039;91&#039;, &#039;2015-02-28&#039;,\n	&#039;5618&#039;, &#039;0&#039;, &#039;0&#039;, &#039;PETTY CASH OF FEB&#039;, &#039;75&#039;, &#039;&#039;, &#039;0&#039;, &#039;&#039;) ', '1', 'The GL transaction could not be inserted'),
('588', 'INSERT INTO gl_trans ( type, type_no, tran_date,\n	account, dimension_id, dimension2_id, memo_, amount, gst, person_type_id, person_id) VALUES (&#039;1&#039;, &#039;91&#039;, &#039;2015-02-28&#039;,\n	&#039;5618&#039;, &#039;0&#039;, &#039;0&#039;, &#039;PETTY CASH OF FEB&#039;, &#039;250&#039;, &#039;&#039;, &#039;0&#039;, &#039;&#039;) ', '1', 'The GL transaction could not be inserted'),
('589', 'INSERT INTO gl_trans ( type, type_no, tran_date,\n	account, dimension_id, dimension2_id, memo_, amount, gst, person_type_id, person_id) VALUES (&#039;1&#039;, &#039;91&#039;, &#039;2015-02-28&#039;,\n	&#039;5766&#039;, &#039;0&#039;, &#039;0&#039;, &#039;PETTY CASH OF FEB&#039;, &#039;923&#039;, &#039;&#039;, &#039;0&#039;, &#039;&#039;) ', '1', 'The GL transaction could not be inserted'),
('590', 'INSERT INTO gl_trans ( type, type_no, tran_date,\n	account, dimension_id, dimension2_id, memo_, amount, gst, person_type_id, person_id) VALUES (&#039;1&#039;, &#039;91&#039;, &#039;2015-02-28&#039;,\n	&#039;5780&#039;, &#039;0&#039;, &#039;0&#039;, &#039;PETTY CASH OF FEB&#039;, &#039;463&#039;, &#039;&#039;, &#039;0&#039;, &#039;&#039;) ', '1', 'The GL transaction could not be inserted'),
('591', 'INSERT INTO bank_trans (type, trans_no, bank_act, ref,\n		trans_date, amount, person_type_id, person_id, tax_inclusive, cheque) VALUES (1, 91, &#039;2&#039;, &#039;PV00009&#039;, &#039;2015-02-28&#039;,\n		&#039;-2294.32&#039;, &#039;0&#039;, &#039;&#039;, &#039;0&#039;, &#039;PC1502&#039; )', '1', 'Cannot insert a source bank transaction'),
('592', 'INSERT INTO gl_trans ( type, type_no, tran_date,\n	account, dimension_id, dimension2_id, memo_, amount, gst, person_type_id, person_id) VALUES (&#039;1&#039;, &#039;91&#039;, &#039;2015-02-28&#039;,\n	&#039;1065&#039;, &#039;0&#039;, &#039;0&#039;, &#039;PETTY CASH OF FEB&#039;, &#039;-2294.32&#039;, &#039;0&#039;, &#039;0&#039;, &#039;&#039;) ', '1', 'The GL transaction could not be inserted'),
('593', 'INSERT INTO comments (type, id, date_, memo_)\n    		VALUES (&#039;1&#039;, &#039;91&#039;, &#039;2015-02-28&#039;, &#039;PETTY CASH OF FEB&#039;)', '1', 'could not add comments transaction entry'),
('594', 'REPLACE refs SET reference=&#039;PV00009&#039;, type=&#039;1&#039;, id=&#039;91&#039;', '1', 'could not update reference entry'),
('595', 'UPDATE sys_types SET next_reference=&#039;PV00010&#039; WHERE type_id = &#039;1&#039;', '1', 'The next transaction ref for 1 could not be updated'),
('596', 'INSERT INTO audit_trail (type, trans_no, user, fiscal_year, gl_date, description, gl_seq)\n    			VALUES(&#039;1&#039;, &#039;91&#039;,1,2,&#039;2015-02-28&#039;,&#039;&#039;, 0)', '1', 'Cannot add audit info'),
('597', 'UPDATE audit_trail SET gl_seq = NULL WHERE type=&#039;1&#039; AND trans_no=&#039;91&#039; AND id!=1015', '1', 'Cannot update audit gl_seq'),
('598', 'COMMIT', '1', 'could not commit a transaction'),
('599', 'UPDATE users SET last_visit_date=&#039;2015-09-24 13:35:43&#039;\n		WHERE user_id=&#039;lonengineering&#039;', '1', 'could not update last visit date for user lonengineering'),
('600', 'BEGIN', '1', 'could not start a transaction'),
('601', 'INSERT INTO gl_trans ( type, type_no, tran_date,\n	account, dimension_id, dimension2_id, memo_, amount, gst, person_type_id, person_id) VALUES (&#039;1&#039;, &#039;92&#039;, &#039;2015-03-31&#039;,\n	&#039;5618&#039;, &#039;0&#039;, &#039;0&#039;, &#039;PETTY CASH OF MAR&#039;, &#039;113.5&#039;, &#039;&#039;, &#039;0&#039;, &#039;&#039;) ', '1', 'The GL transaction could not be inserted');
INSERT INTO `sql_trail` VALUES
('602', 'INSERT INTO gl_trans ( type, type_no, tran_date,\n	account, dimension_id, dimension2_id, memo_, amount, gst, person_type_id, person_id) VALUES (&#039;1&#039;, &#039;92&#039;, &#039;2015-03-31&#039;,\n	&#039;5618&#039;, &#039;0&#039;, &#039;0&#039;, &#039;PETTY CASH OF MAR&#039;, &#039;400&#039;, &#039;&#039;, &#039;0&#039;, &#039;&#039;) ', '1', 'The GL transaction could not be inserted'),
('603', 'INSERT INTO gl_trans ( type, type_no, tran_date,\n	account, dimension_id, dimension2_id, memo_, amount, gst, person_type_id, person_id) VALUES (&#039;1&#039;, &#039;92&#039;, &#039;2015-03-31&#039;,\n	&#039;5619&#039;, &#039;0&#039;, &#039;0&#039;, &#039;PETTY CASH OF MAR&#039;, &#039;1416.78&#039;, &#039;&#039;, &#039;0&#039;, &#039;&#039;) ', '1', 'The GL transaction could not be inserted'),
('604', 'INSERT INTO gl_trans ( type, type_no, tran_date,\n	account, dimension_id, dimension2_id, memo_, amount, gst, person_type_id, person_id) VALUES (&#039;1&#039;, &#039;92&#039;, &#039;2015-03-31&#039;,\n	&#039;5700&#039;, &#039;0&#039;, &#039;0&#039;, &#039;PETTY CASH OF MAR&#039;, &#039;52.28&#039;, &#039;&#039;, &#039;0&#039;, &#039;&#039;) ', '1', 'The GL transaction could not be inserted'),
('605', 'INSERT INTO gl_trans ( type, type_no, tran_date,\n	account, dimension_id, dimension2_id, memo_, amount, gst, person_type_id, person_id) VALUES (&#039;1&#039;, &#039;92&#039;, &#039;2015-03-31&#039;,\n	&#039;5766&#039;, &#039;0&#039;, &#039;0&#039;, &#039;PETTY CASH OF MAR&#039;, &#039;1531.8&#039;, &#039;&#039;, &#039;0&#039;, &#039;&#039;) ', '1', 'The GL transaction could not be inserted'),
('606', 'INSERT INTO gl_trans ( type, type_no, tran_date,\n	account, dimension_id, dimension2_id, memo_, amount, gst, person_type_id, person_id) VALUES (&#039;1&#039;, &#039;92&#039;, &#039;2015-03-31&#039;,\n	&#039;5010&#039;, &#039;0&#039;, &#039;0&#039;, &#039;PETTY CASH OF MAR&#039;, &#039;83.8&#039;, &#039;&#039;, &#039;0&#039;, &#039;&#039;) ', '1', 'The GL transaction could not be inserted'),
('607', 'INSERT INTO bank_trans (type, trans_no, bank_act, ref,\n		trans_date, amount, person_type_id, person_id, tax_inclusive, cheque) VALUES (1, 92, &#039;2&#039;, &#039;PV00010&#039;, &#039;2015-03-31&#039;,\n		&#039;-3598.16&#039;, &#039;0&#039;, &#039;&#039;, &#039;0&#039;, &#039;PC1503&#039; )', '1', 'Cannot insert a source bank transaction'),
('608', 'INSERT INTO gl_trans ( type, type_no, tran_date,\n	account, dimension_id, dimension2_id, memo_, amount, gst, person_type_id, person_id) VALUES (&#039;1&#039;, &#039;92&#039;, &#039;2015-03-31&#039;,\n	&#039;1065&#039;, &#039;0&#039;, &#039;0&#039;, &#039;PETTY CASH OF MAR&#039;, &#039;-3598.16&#039;, &#039;0&#039;, &#039;0&#039;, &#039;&#039;) ', '1', 'The GL transaction could not be inserted'),
('609', 'INSERT INTO comments (type, id, date_, memo_)\n    		VALUES (&#039;1&#039;, &#039;92&#039;, &#039;2015-03-31&#039;, &#039;PETTY CASH OF MAR&#039;)', '1', 'could not add comments transaction entry'),
('610', 'REPLACE refs SET reference=&#039;PV00010&#039;, type=&#039;1&#039;, id=&#039;92&#039;', '1', 'could not update reference entry'),
('611', 'UPDATE sys_types SET next_reference=&#039;PV00011&#039; WHERE type_id = &#039;1&#039;', '1', 'The next transaction ref for 1 could not be updated'),
('612', 'INSERT INTO audit_trail (type, trans_no, user, fiscal_year, gl_date, description, gl_seq)\n    			VALUES(&#039;1&#039;, &#039;92&#039;,1,2,&#039;2015-03-31&#039;,&#039;&#039;, 0)', '1', 'Cannot add audit info'),
('613', 'UPDATE audit_trail SET gl_seq = NULL WHERE type=&#039;1&#039; AND trans_no=&#039;92&#039; AND id!=1016', '1', 'Cannot update audit gl_seq'),
('614', 'COMMIT', '1', 'could not commit a transaction'),
('615', 'BEGIN', '1', 'could not start a transaction'),
('616', 'INSERT INTO gl_trans ( type, type_no, tran_date,\n	account, dimension_id, dimension2_id, memo_, amount, gst, person_type_id, person_id) VALUES (&#039;1&#039;, &#039;93&#039;, &#039;2015-05-31&#039;,\n	&#039;5020&#039;, &#039;0&#039;, &#039;0&#039;, &#039;SUB-WAGES OF MAY &#039;, &#039;59178.3&#039;, &#039;20&#039;, &#039;0&#039;, &#039;&#039;) ', '1', 'The GL transaction could not be inserted'),
('617', 'INSERT INTO gl_trans ( type, type_no, tran_date,\n	account, dimension_id, dimension2_id, memo_, amount, gst, person_type_id, person_id) VALUES (&#039;1&#039;, &#039;93&#039;, &#039;2015-05-31&#039;,\n	&#039;1300&#039;, &#039;0&#039;, &#039;0&#039;, &#039;&#039;, &#039;0&#039;, &#039;&#039;, &#039;0&#039;, &#039;&#039;) ', '1', 'The GL transaction could not be inserted'),
('618', 'INSERT INTO bank_trans (type, trans_no, bank_act, ref,\n		trans_date, amount, person_type_id, person_id, tax_inclusive, cheque) VALUES (1, 93, &#039;2&#039;, &#039;PV00011&#039;, &#039;2015-05-31&#039;,\n		&#039;-59178.3&#039;, &#039;0&#039;, &#039;&#039;, &#039;0&#039;, &#039;SUB-CON0515&#039; )', '1', 'Cannot insert a source bank transaction'),
('619', 'INSERT INTO gl_trans ( type, type_no, tran_date,\n	account, dimension_id, dimension2_id, memo_, amount, gst, person_type_id, person_id) VALUES (&#039;1&#039;, &#039;93&#039;, &#039;2015-05-31&#039;,\n	&#039;1065&#039;, &#039;0&#039;, &#039;0&#039;, &#039;SUB-WAGES OF MAY &#039;, &#039;-59178.3&#039;, &#039;0&#039;, &#039;0&#039;, &#039;&#039;) ', '1', 'The GL transaction could not be inserted'),
('620', 'INSERT INTO comments (type, id, date_, memo_)\n    		VALUES (&#039;1&#039;, &#039;93&#039;, &#039;2015-05-31&#039;, &#039;SUB-WAGES OF MAY &#039;)', '1', 'could not add comments transaction entry'),
('621', 'REPLACE refs SET reference=&#039;PV00011&#039;, type=&#039;1&#039;, id=&#039;93&#039;', '1', 'could not update reference entry'),
('622', 'UPDATE sys_types SET next_reference=&#039;PV00012&#039; WHERE type_id = &#039;1&#039;', '1', 'The next transaction ref for 1 could not be updated'),
('623', 'INSERT INTO audit_trail (type, trans_no, user, fiscal_year, gl_date, description, gl_seq)\n    			VALUES(&#039;1&#039;, &#039;93&#039;,1,2,&#039;2015-05-31&#039;,&#039;&#039;, 0)', '1', 'Cannot add audit info'),
('624', 'UPDATE audit_trail SET gl_seq = NULL WHERE type=&#039;1&#039; AND trans_no=&#039;93&#039; AND id!=1017', '1', 'Cannot update audit gl_seq'),
('625', 'COMMIT', '1', 'could not commit a transaction'),
('626', 'BEGIN', '1', 'could not start a transaction'),
('627', 'INSERT INTO gl_trans ( type, type_no, tran_date,\n	account, dimension_id, dimension2_id, memo_, amount, gst, person_type_id, person_id) VALUES (&#039;1&#039;, &#039;94&#039;, &#039;2015-06-30&#039;,\n	&#039;5020&#039;, &#039;0&#039;, &#039;0&#039;, &#039;SUB-WAGES OF JUN&#039;, &#039;56458.3&#039;, &#039;20&#039;, &#039;0&#039;, &#039;&#039;) ', '1', 'The GL transaction could not be inserted'),
('628', 'INSERT INTO gl_trans ( type, type_no, tran_date,\n	account, dimension_id, dimension2_id, memo_, amount, gst, person_type_id, person_id) VALUES (&#039;1&#039;, &#039;94&#039;, &#039;2015-06-30&#039;,\n	&#039;1300&#039;, &#039;0&#039;, &#039;0&#039;, &#039;&#039;, &#039;0&#039;, &#039;&#039;, &#039;0&#039;, &#039;&#039;) ', '1', 'The GL transaction could not be inserted'),
('629', 'INSERT INTO bank_trans (type, trans_no, bank_act, ref,\n		trans_date, amount, person_type_id, person_id, tax_inclusive, cheque) VALUES (1, 94, &#039;2&#039;, &#039;PV00012&#039;, &#039;2015-06-30&#039;,\n		&#039;-56458.3&#039;, &#039;0&#039;, &#039;&#039;, &#039;0&#039;, &#039;SUB-CON0615&#039; )', '1', 'Cannot insert a source bank transaction'),
('630', 'INSERT INTO gl_trans ( type, type_no, tran_date,\n	account, dimension_id, dimension2_id, memo_, amount, gst, person_type_id, person_id) VALUES (&#039;1&#039;, &#039;94&#039;, &#039;2015-06-30&#039;,\n	&#039;1065&#039;, &#039;0&#039;, &#039;0&#039;, &#039;SUB-WAGES OF JUN&#039;, &#039;-56458.3&#039;, &#039;0&#039;, &#039;0&#039;, &#039;&#039;) ', '1', 'The GL transaction could not be inserted'),
('631', 'INSERT INTO comments (type, id, date_, memo_)\n    		VALUES (&#039;1&#039;, &#039;94&#039;, &#039;2015-06-30&#039;, &#039;SUB-WAGES OF JUN&#039;)', '1', 'could not add comments transaction entry'),
('632', 'REPLACE refs SET reference=&#039;PV00012&#039;, type=&#039;1&#039;, id=&#039;94&#039;', '1', 'could not update reference entry'),
('633', 'UPDATE sys_types SET next_reference=&#039;PV00013&#039; WHERE type_id = &#039;1&#039;', '1', 'The next transaction ref for 1 could not be updated'),
('634', 'INSERT INTO audit_trail (type, trans_no, user, fiscal_year, gl_date, description, gl_seq)\n    			VALUES(&#039;1&#039;, &#039;94&#039;,1,2,&#039;2015-06-30&#039;,&#039;&#039;, 0)', '1', 'Cannot add audit info'),
('635', 'UPDATE audit_trail SET gl_seq = NULL WHERE type=&#039;1&#039; AND trans_no=&#039;94&#039; AND id!=1018', '1', 'Cannot update audit gl_seq'),
('636', 'COMMIT', '1', 'could not commit a transaction'),
('637', 'BEGIN', '1', 'could not start a transaction'),
('638', 'INSERT INTO gl_trans ( type, type_no, tran_date,\n	account, dimension_id, dimension2_id, memo_, amount, gst, person_type_id, person_id) VALUES (&#039;1&#039;, &#039;95&#039;, &#039;2015-07-31&#039;,\n	&#039;5020&#039;, &#039;0&#039;, &#039;0&#039;, &#039;SUB-WAGES OF JUL&#039;, &#039;65475.4&#039;, &#039;20&#039;, &#039;0&#039;, &#039;&#039;) ', '1', 'The GL transaction could not be inserted'),
('639', 'INSERT INTO gl_trans ( type, type_no, tran_date,\n	account, dimension_id, dimension2_id, memo_, amount, gst, person_type_id, person_id) VALUES (&#039;1&#039;, &#039;95&#039;, &#039;2015-07-31&#039;,\n	&#039;1300&#039;, &#039;0&#039;, &#039;0&#039;, &#039;&#039;, &#039;0&#039;, &#039;&#039;, &#039;0&#039;, &#039;&#039;) ', '1', 'The GL transaction could not be inserted'),
('640', 'INSERT INTO bank_trans (type, trans_no, bank_act, ref,\n		trans_date, amount, person_type_id, person_id, tax_inclusive, cheque) VALUES (1, 95, &#039;2&#039;, &#039;PV00013&#039;, &#039;2015-07-31&#039;,\n		&#039;-65475.4&#039;, &#039;0&#039;, &#039;&#039;, &#039;0&#039;, &#039;SUB-CON0715&#039; )', '1', 'Cannot insert a source bank transaction'),
('641', 'INSERT INTO gl_trans ( type, type_no, tran_date,\n	account, dimension_id, dimension2_id, memo_, amount, gst, person_type_id, person_id) VALUES (&#039;1&#039;, &#039;95&#039;, &#039;2015-07-31&#039;,\n	&#039;1065&#039;, &#039;0&#039;, &#039;0&#039;, &#039;SUB-WAGES OF JUL&#039;, &#039;-65475.4&#039;, &#039;0&#039;, &#039;0&#039;, &#039;&#039;) ', '1', 'The GL transaction could not be inserted'),
('642', 'INSERT INTO comments (type, id, date_, memo_)\n    		VALUES (&#039;1&#039;, &#039;95&#039;, &#039;2015-07-31&#039;, &#039;SUB-WAGES OF JUL&#039;)', '1', 'could not add comments transaction entry'),
('643', 'REPLACE refs SET reference=&#039;PV00013&#039;, type=&#039;1&#039;, id=&#039;95&#039;', '1', 'could not update reference entry'),
('644', 'UPDATE sys_types SET next_reference=&#039;PV00014&#039; WHERE type_id = &#039;1&#039;', '1', 'The next transaction ref for 1 could not be updated'),
('645', 'INSERT INTO audit_trail (type, trans_no, user, fiscal_year, gl_date, description, gl_seq)\n    			VALUES(&#039;1&#039;, &#039;95&#039;,1,2,&#039;2015-07-31&#039;,&#039;&#039;, 0)', '1', 'Cannot add audit info'),
('646', 'UPDATE audit_trail SET gl_seq = NULL WHERE type=&#039;1&#039; AND trans_no=&#039;95&#039; AND id!=1019', '1', 'Cannot update audit gl_seq'),
('647', 'COMMIT', '1', 'could not commit a transaction'),
('648', 'set @bal:=0', '1', ''),
('649', 'BEGIN', '1', 'could not start a transaction'),
('650', 'INSERT INTO supp_trans (trans_no, type, supplier_id, tran_date, due_date,\n		reference, supp_reference, ov_amount, ov_gst, rate, ov_discount, tax_included, fixed_access, cheque,reason ) VALUES (&#039;10&#039;, &#039;22&#039;, &#039;7&#039;, &#039;2015-01-29&#039;, &#039;2015-01-29&#039;,\n		&#039;8&#039;, &#039;&#039;, &#039;-15000&#039;, &#039;0&#039;, &#039;1&#039;, &#039;0&#039;, &#039;0&#039;, &#039;0&#039;,&#039;CIMB000042&#039; ,&#039;&#039;)', '1', 'Cannot insert a supplier transaction record'),
('651', 'INSERT INTO audit_trail (type, trans_no, user, fiscal_year, gl_date, description, gl_seq)\n    			VALUES(&#039;22&#039;, &#039;10&#039;,1,2,&#039;2015-01-29&#039;,&#039;&#039;, 0)', '1', 'Cannot add audit info'),
('652', 'UPDATE audit_trail SET gl_seq = NULL WHERE type=&#039;22&#039; AND trans_no=&#039;10&#039; AND id!=1020', '1', 'Cannot update audit gl_seq'),
('653', 'INSERT INTO gl_trans ( type, type_no, tran_date,\n	account, dimension_id, dimension2_id, memo_, amount, gst, person_type_id, person_id) VALUES (&#039;22&#039;, &#039;10&#039;, &#039;2015-01-29&#039;,\n	&#039;2100&#039;, &#039;0&#039;, &#039;0&#039;, &#039;&#039;, &#039;15000&#039;, &#039;&#039;, &#039;3&#039;, &#039;7&#039;) ', '1', 'The supplier GL transaction could not be inserted'),
('654', 'INSERT INTO gl_trans ( type, type_no, tran_date,\n	account, dimension_id, dimension2_id, memo_, amount, gst, person_type_id, person_id) VALUES (&#039;22&#039;, &#039;10&#039;, &#039;2015-01-29&#039;,\n	&#039;1064&#039;, &#039;0&#039;, &#039;0&#039;, &#039;&#039;, &#039;-15000&#039;, &#039;&#039;, &#039;3&#039;, &#039;7&#039;) ', '1', 'The GL transaction could not be inserted'),
('655', 'INSERT INTO bank_trans (type, trans_no, bank_act, ref,\n		trans_date, amount, person_type_id, person_id, tax_inclusive, cheque) VALUES (22, 10, &#039;1&#039;, &#039;8&#039;, &#039;2015-01-29&#039;,\n		&#039;-15000&#039;, &#039;3&#039;, &#039;7&#039;, &#039;&#039;, &#039;&#039; )', '1', 'The bank transaction could not be inserted'),
('656', 'REPLACE refs SET reference=&#039;8&#039;, type=&#039;22&#039;, id=&#039;10&#039;', '1', 'could not update reference entry'),
('657', 'UPDATE sys_types SET next_reference=&#039;9&#039; WHERE type_id = &#039;22&#039;', '1', 'The next transaction ref for 22 could not be updated'),
('658', 'COMMIT', '1', 'could not commit a transaction'),
('659', 'BEGIN', '1', 'could not start a transaction'),
('660', 'DELETE FROM supp_allocations\n		WHERE (trans_type_from=&#039;22&#039; AND trans_no_from=&#039;10&#039;)\n		OR (trans_type_to=&#039;22&#039; AND trans_no_to=&#039;10&#039;)', '1', 'could not void supp transactions for type=22 and trans_no=10'),
('661', 'INSERT INTO supp_allocations (\n		amt, date_alloc,\n		trans_type_from, trans_no_from, trans_no_to, trans_type_to)\n		VALUES (&#039;15000&#039;, &#039;2015-01-29&#039;, &#039;22&#039;, &#039;10&#039;, &#039;227&#039;, &#039;20&#039;)', '1', 'A supplier allocation could not be added to the database'),
('662', 'COMMIT', '1', 'could not commit a transaction'),
('663', 'UPDATE bank_trans SET reconciled=&#039;2015-01-31&#039; WHERE id=&#039;182&#039;', '1', 'Can&#039;t change reconciliation status'),
('664', 'UPDATE bank_accounts SET last_reconciled_date=&#039;2015-01-31&#039;,\n    	    ending_reconcile_balance=99186.17\n			WHERE id=&#039;1&#039;', '1', 'Error updating reconciliation information'),
('665', 'UPDATE users SET last_visit_date=&#039;2015-09-24 16:48:27&#039;\n		WHERE user_id=&#039;lonengineering&#039;', '1', 'could not update last visit date for user lonengineering'),
('666', 'BEGIN', '1', 'could not start a transaction'),
('667', 'UPDATE bank_trans SET amount=0\n		WHERE type=&#039;22&#039; AND trans_no=&#039;10&#039;', '1', 'could not void bank transactions for type=22 and trans_no=10'),
('668', 'UPDATE gl_trans SET amount=0 WHERE type=&#039;22&#039; AND type_no=&#039;10&#039;', '1', 'could not void gl transactions for type=22 and trans_no=10'),
('669', 'DELETE FROM cust_allocations\n		WHERE (trans_type_from=&#039;22&#039; AND trans_no_from=&#039;10&#039;)\n		OR (trans_type_to=&#039;22&#039; AND trans_no_to=&#039;10&#039;)', '1', 'could not void debtor transactions for type=22 and trans_no=10'),
('670', 'UPDATE debtor_trans SET ov_amount=0, ov_discount=0, ov_gst=0, ov_freight=0,\n		ov_freight_tax=0, alloc=0, version=version+1 WHERE type=&#039;22&#039; AND trans_no=&#039;10&#039;', '1', 'could not void debtor transactions for type=22 and trans_no=10'),
('671', 'UPDATE supp_trans SET alloc=alloc - 15000\n			WHERE (type= 22 AND trans_no=10)\n			OR (type=20 AND trans_no=227)', '1', 'could not clear allocation'),
('672', 'DELETE FROM supp_allocations\n		WHERE (trans_type_from=&#039;22&#039; AND trans_no_from=&#039;10&#039;)\n		OR (trans_type_to=&#039;22&#039; AND trans_no_to=&#039;10&#039;)', '1', 'could not void supp transactions for type=22 and trans_no=10'),
('673', 'UPDATE supp_trans SET ov_amount=0, ov_discount=0, ov_gst=0,\n		alloc=0 WHERE type=&#039;22&#039; AND trans_no=&#039;10&#039;', '1', 'could not void supp transactions for type=22 and trans_no=10'),
('674', 'UPDATE trans_tax_details SET amount=0, net_amount=0\n	WHERE trans_no=&#039;10&#039; AND trans_type=&#039;22&#039;', '1', 'The transaction tax details could not be voided'),
('675', 'UPDATE gl_trans SET amount=0 WHERE type=&#039;22&#039; AND type_no=&#039;10&#039;', '1', 'could not void gl transactions for type=22 and trans_no=10'),
('676', 'DELETE FROM supp_allocations\n		WHERE (trans_type_from=&#039;22&#039; AND trans_no_from=&#039;10&#039;)\n		OR (trans_type_to=&#039;22&#039; AND trans_no_to=&#039;10&#039;)', '1', 'could not void supp transactions for type=22 and trans_no=10'),
('677', 'UPDATE supp_trans SET ov_amount=0, ov_discount=0, ov_gst=0,\n		alloc=0 WHERE type=&#039;22&#039; AND trans_no=&#039;10&#039;', '1', 'could not void supp transactions for type=22 and trans_no=10'),
('678', 'COMMIT', '1', 'could not commit a transaction'),
('679', 'UPDATE sys_types SET next_reference=&#039;8&#039; WHERE type_id = &#039;22&#039;', '1', 'The next transaction ref for 22 could not be updated'),
('680', 'INSERT INTO voided (type, id, date_, memo_)\n		VALUES (&#039;22&#039;, &#039;10&#039;, &#039;2015-09-24&#039;, &#039;WRONG CHEQUE&#039;)', '1', 'could not add voided transaction entry'),
('681', 'BEGIN', '1', 'could not start a transaction'),
('682', 'INSERT INTO supp_trans (trans_no, type, supplier_id, tran_date, due_date,\n		reference, supp_reference, ov_amount, ov_gst, rate, ov_discount, tax_included, fixed_access, cheque,reason ) VALUES (&#039;11&#039;, &#039;22&#039;, &#039;7&#039;, &#039;2015-01-29&#039;, &#039;2015-01-29&#039;,\n		&#039;CIMB000042&#039;, &#039;&#039;, &#039;-15000&#039;, &#039;0&#039;, &#039;1&#039;, &#039;0&#039;, &#039;0&#039;, &#039;0&#039;,&#039;CIMB000042&#039; ,&#039;&#039;)', '1', 'Cannot insert a supplier transaction record'),
('683', 'INSERT INTO audit_trail (type, trans_no, user, fiscal_year, gl_date, description, gl_seq)\n    			VALUES(&#039;22&#039;, &#039;11&#039;,1,2,&#039;2015-01-29&#039;,&#039;&#039;, 0)', '1', 'Cannot add audit info'),
('684', 'UPDATE audit_trail SET gl_seq = NULL WHERE type=&#039;22&#039; AND trans_no=&#039;11&#039; AND id!=1021', '1', 'Cannot update audit gl_seq'),
('685', 'INSERT INTO gl_trans ( type, type_no, tran_date,\n	account, dimension_id, dimension2_id, memo_, amount, gst, person_type_id, person_id) VALUES (&#039;22&#039;, &#039;11&#039;, &#039;2015-01-29&#039;,\n	&#039;2100&#039;, &#039;0&#039;, &#039;0&#039;, &#039;&#039;, &#039;15000&#039;, &#039;&#039;, &#039;3&#039;, &#039;7&#039;) ', '1', 'The supplier GL transaction could not be inserted'),
('686', 'INSERT INTO gl_trans ( type, type_no, tran_date,\n	account, dimension_id, dimension2_id, memo_, amount, gst, person_type_id, person_id) VALUES (&#039;22&#039;, &#039;11&#039;, &#039;2015-01-29&#039;,\n	&#039;1064&#039;, &#039;0&#039;, &#039;0&#039;, &#039;&#039;, &#039;-15000&#039;, &#039;&#039;, &#039;3&#039;, &#039;7&#039;) ', '1', 'The GL transaction could not be inserted'),
('687', 'INSERT INTO bank_trans (type, trans_no, bank_act, ref,\n		trans_date, amount, person_type_id, person_id, tax_inclusive, cheque) VALUES (22, 11, &#039;1&#039;, &#039;CIMB000042&#039;, &#039;2015-01-29&#039;,\n		&#039;-15000&#039;, &#039;3&#039;, &#039;7&#039;, &#039;&#039;, &#039;&#039; )', '1', 'The bank transaction could not be inserted'),
('688', 'REPLACE refs SET reference=&#039;CIMB000042&#039;, type=&#039;22&#039;, id=&#039;11&#039;', '1', 'could not update reference entry'),
('689', 'COMMIT', '1', 'could not commit a transaction'),
('690', 'BEGIN', '1', 'could not start a transaction'),
('691', 'DELETE FROM supp_allocations\n		WHERE (trans_type_from=&#039;22&#039; AND trans_no_from=&#039;11&#039;)\n		OR (trans_type_to=&#039;22&#039; AND trans_no_to=&#039;11&#039;)', '1', 'could not void supp transactions for type=22 and trans_no=11'),
('692', 'INSERT INTO supp_allocations (\n		amt, date_alloc,\n		trans_type_from, trans_no_from, trans_no_to, trans_type_to)\n		VALUES (&#039;15000&#039;, &#039;2015-01-29&#039;, &#039;22&#039;, &#039;11&#039;, &#039;227&#039;, &#039;20&#039;)', '1', 'A supplier allocation could not be added to the database'),
('693', 'COMMIT', '1', 'could not commit a transaction'),
('694', 'UPDATE bank_trans SET reconciled=&#039;2015-06-30&#039; WHERE id=&#039;183&#039;', '1', 'Can&#039;t change reconciliation status'),
('695', 'UPDATE bank_accounts SET last_reconciled_date=&#039;2015-06-30&#039;,\n    	    ending_reconcile_balance=80982.01\n			WHERE id=&#039;1&#039;', '1', 'Error updating reconciliation information'),
('696', 'UPDATE users SET last_visit_date=&#039;2015-09-27 11:08:31&#039;\n		WHERE user_id=&#039;lonengineering&#039;', '1', 'could not update last visit date for user lonengineering'),
('697', 'UPDATE users SET last_visit_date=&#039;2015-09-27 11:08:53&#039;\n		WHERE user_id=&#039;lonengineering&#039;', '1', 'could not update last visit date for user lonengineering'),
('698', 'set @bal:=0', '1', ''),
('699', 'set @bal:=0', '1', ''),
('700', 'set @bal:=0', '1', ''),
('701', 'set @bal:=0', '1', ''),
('702', 'set @bal:=0', '1', ''),
('703', 'set @bal:=0', '1', ''),
('704', 'set @bal:=0', '1', ''),
('705', 'set @bal:=0', '1', ''),
('706', 'BEGIN', '1', 'could not start a transaction'),
('707', 'UPDATE gl_trans SET amount=0 WHERE type=&#039;13&#039; AND type_no=&#039;22&#039;', '1', 'could not void gl transactions for type=13 and trans_no=22'),
('708', 'UPDATE sales_order_details\n				SET qty_sent = qty_sent + -1, quantity = quantity + -1 WHERE id=&#039;36&#039;', '1', 'The parent document detail record could not be updated'),
('709', 'UPDATE sales_order_details\n				SET qty_sent = qty_sent + -1, quantity = quantity + -1 WHERE id=&#039;37&#039;', '1', 'The parent document detail record could not be updated'),
('710', 'UPDATE debtor_trans_details SET quantity=0, unit_price=0,\n		unit_tax=0, discount_percent=0, standard_cost=0, src_id=0\n		WHERE debtor_trans_no=&#039;22&#039;\n		AND debtor_trans_type=&#039;13&#039;', '1', 'The debtor transaction details could not be voided'),
('711', 'UPDATE stock_master SET material_cost=&#039;455.99&#039;\n		WHERE stock_id=&#039;BCS_DAMANSARA&#039;', '1', 'The cost details for the inventory item could not be updated'),
('712', 'DELETE FROM stock_moves WHERE type=&#039;13&#039;	AND trans_no=&#039;22&#039;', '1', 'The stock movement cannot be delated'),
('713', 'UPDATE trans_tax_details SET amount=0, net_amount=0\n	WHERE trans_no=&#039;22&#039; AND trans_type=&#039;13&#039;', '1', 'The transaction tax details could not be voided'),
('714', 'DELETE FROM cust_allocations\n		WHERE (trans_type_from=&#039;13&#039; AND trans_no_from=&#039;22&#039;)\n		OR (trans_type_to=&#039;13&#039; AND trans_no_to=&#039;22&#039;)', '1', 'could not void debtor transactions for type=13 and trans_no=22'),
('715', 'UPDATE debtor_trans SET ov_amount=0, ov_discount=0, ov_gst=0, ov_freight=0,\n		ov_freight_tax=0, alloc=0, version=version+1 WHERE type=&#039;13&#039; AND trans_no=&#039;22&#039;', '1', 'could not void debtor transactions for type=13 and trans_no=22'),
('716', 'COMMIT', '1', 'could not commit a transaction'),
('717', 'INSERT INTO voided (type, id, date_, memo_)\n		VALUES (&#039;13&#039;, &#039;22&#039;, &#039;2015-09-27&#039;, &#039;WRONG TRANSACTION&#039;)', '1', 'could not add voided transaction entry'),
('718', 'BEGIN', '1', 'could not start a transaction'),
('719', 'UPDATE gl_trans SET amount=0 WHERE type=&#039;13&#039; AND type_no=&#039;23&#039;', '1', 'could not void gl transactions for type=13 and trans_no=23'),
('720', 'UPDATE sales_order_details\n				SET qty_sent = qty_sent + -1, quantity = quantity + -1 WHERE id=&#039;38&#039;', '1', 'The parent document detail record could not be updated'),
('721', 'UPDATE sales_order_details\n				SET qty_sent = qty_sent + -1, quantity = quantity + -1 WHERE id=&#039;39&#039;', '1', 'The parent document detail record could not be updated'),
('722', 'UPDATE debtor_trans_details SET quantity=0, unit_price=0,\n		unit_tax=0, discount_percent=0, standard_cost=0, src_id=0\n		WHERE debtor_trans_no=&#039;23&#039;\n		AND debtor_trans_type=&#039;13&#039;', '1', 'The debtor transaction details could not be voided'),
('723', 'UPDATE stock_master SET material_cost=&#039;455.99&#039;\n		WHERE stock_id=&#039;BCS_DAMANSARA&#039;', '1', 'The cost details for the inventory item could not be updated'),
('724', 'DELETE FROM stock_moves WHERE type=&#039;13&#039;	AND trans_no=&#039;23&#039;', '1', 'The stock movement cannot be delated'),
('725', 'UPDATE trans_tax_details SET amount=0, net_amount=0\n	WHERE trans_no=&#039;23&#039; AND trans_type=&#039;13&#039;', '1', 'The transaction tax details could not be voided'),
('726', 'DELETE FROM cust_allocations\n		WHERE (trans_type_from=&#039;13&#039; AND trans_no_from=&#039;23&#039;)\n		OR (trans_type_to=&#039;13&#039; AND trans_no_to=&#039;23&#039;)', '1', 'could not void debtor transactions for type=13 and trans_no=23'),
('727', 'UPDATE debtor_trans SET ov_amount=0, ov_discount=0, ov_gst=0, ov_freight=0,\n		ov_freight_tax=0, alloc=0, version=version+1 WHERE type=&#039;13&#039; AND trans_no=&#039;23&#039;', '1', 'could not void debtor transactions for type=13 and trans_no=23'),
('728', 'COMMIT', '1', 'could not commit a transaction'),
('729', 'INSERT INTO voided (type, id, date_, memo_)\n		VALUES (&#039;13&#039;, &#039;23&#039;, &#039;2015-09-27&#039;, &#039;WRONG TRANSACTION&#039;)', '1', 'could not add voided transaction entry'),
('730', 'BEGIN', '1', 'could not start a transaction'),
('731', 'UPDATE gl_trans SET amount=0 WHERE type=&#039;13&#039; AND type_no=&#039;24&#039;', '1', 'could not void gl transactions for type=13 and trans_no=24'),
('732', 'UPDATE sales_order_details\n				SET qty_sent = qty_sent + -1, quantity = quantity + -1 WHERE id=&#039;40&#039;', '1', 'The parent document detail record could not be updated'),
('733', 'UPDATE sales_order_details\n				SET qty_sent = qty_sent + -1, quantity = quantity + -1 WHERE id=&#039;41&#039;', '1', 'The parent document detail record could not be updated'),
('734', 'UPDATE debtor_trans_details SET quantity=0, unit_price=0,\n		unit_tax=0, discount_percent=0, standard_cost=0, src_id=0\n		WHERE debtor_trans_no=&#039;24&#039;\n		AND debtor_trans_type=&#039;13&#039;', '1', 'The debtor transaction details could not be voided'),
('735', 'UPDATE stock_master SET material_cost=&#039;455.99&#039;\n		WHERE stock_id=&#039;BCS_DAMANSARA&#039;', '1', 'The cost details for the inventory item could not be updated'),
('736', 'DELETE FROM stock_moves WHERE type=&#039;13&#039;	AND trans_no=&#039;24&#039;', '1', 'The stock movement cannot be delated'),
('737', 'UPDATE trans_tax_details SET amount=0, net_amount=0\n	WHERE trans_no=&#039;24&#039; AND trans_type=&#039;13&#039;', '1', 'The transaction tax details could not be voided'),
('738', 'DELETE FROM cust_allocations\n		WHERE (trans_type_from=&#039;13&#039; AND trans_no_from=&#039;24&#039;)\n		OR (trans_type_to=&#039;13&#039; AND trans_no_to=&#039;24&#039;)', '1', 'could not void debtor transactions for type=13 and trans_no=24'),
('739', 'UPDATE debtor_trans SET ov_amount=0, ov_discount=0, ov_gst=0, ov_freight=0,\n		ov_freight_tax=0, alloc=0, version=version+1 WHERE type=&#039;13&#039; AND trans_no=&#039;24&#039;', '1', 'could not void debtor transactions for type=13 and trans_no=24'),
('740', 'COMMIT', '1', 'could not commit a transaction'),
('741', 'INSERT INTO voided (type, id, date_, memo_)\n		VALUES (&#039;13&#039;, &#039;24&#039;, &#039;2015-09-27&#039;, &#039;WRONG TRANSACTION&#039;)', '1', 'could not add voided transaction entry'),
('742', 'BEGIN', '1', 'could not start a transaction'),
('743', 'UPDATE bank_trans SET amount=0\n		WHERE type=&#039;25&#039; AND trans_no=&#039;97&#039;', '1', 'could not void bank transactions for type=25 and trans_no=97'),
('744', 'UPDATE gl_trans SET amount=0 WHERE type=&#039;25&#039; AND type_no=&#039;97&#039;', '1', 'could not void gl transactions for type=25 and trans_no=97'),
('745', 'DELETE FROM cust_allocations\n		WHERE (trans_type_from=&#039;25&#039; AND trans_no_from=&#039;97&#039;)\n		OR (trans_type_to=&#039;25&#039; AND trans_no_to=&#039;97&#039;)', '1', 'could not void debtor transactions for type=25 and trans_no=97'),
('746', 'UPDATE debtor_trans SET ov_amount=0, ov_discount=0, ov_gst=0, ov_freight=0,\n		ov_freight_tax=0, alloc=0, version=version+1 WHERE type=&#039;25&#039; AND trans_no=&#039;97&#039;', '1', 'could not void debtor transactions for type=25 and trans_no=97'),
('747', 'DELETE FROM supp_allocations\n		WHERE (trans_type_from=&#039;25&#039; AND trans_no_from=&#039;97&#039;)\n		OR (trans_type_to=&#039;25&#039; AND trans_no_to=&#039;97&#039;)', '1', 'could not void supp transactions for type=25 and trans_no=97'),
('748', 'UPDATE supp_trans SET ov_amount=0, ov_discount=0, ov_gst=0,\n		alloc=0 WHERE type=&#039;25&#039; AND trans_no=&#039;97&#039;', '1', 'could not void supp transactions for type=25 and trans_no=97'),
('749', 'UPDATE trans_tax_details SET amount=0, net_amount=0\n	WHERE trans_no=&#039;97&#039; AND trans_type=&#039;25&#039;', '1', 'The transaction tax details could not be voided'),
('750', 'UPDATE gl_trans SET amount=0 WHERE type=&#039;25&#039; AND type_no=&#039;97&#039;', '1', 'could not void gl transactions for type=25 and trans_no=97'),
('751', 'UPDATE purch_order_details\n                SET quantity_received = quantity_received - 1\n                WHERE po_detail_item = 97', '1', 'a purchase order details record could not be voided.'),
('752', 'UPDATE grn_items SET qty_recd=0, quantity_inv=0\n		WHERE grn_batch_id=&#039;97&#039;', '1', 'A grn detail item could not be voided.'),
('753', 'UPDATE stock_master SET material_cost=&#039;1042.7449500001&#039;\n		WHERE stock_id=&#039;PURCHASES&#039;', '1', 'The cost details for the inventory item could not be updated'),
('754', 'DELETE FROM stock_moves WHERE type=&#039;25&#039;	AND trans_no=&#039;97&#039;', '1', 'The stock movement cannot be delated'),
('755', 'COMMIT', '1', 'could not commit a transaction'),
('756', 'INSERT INTO voided (type, id, date_, memo_)\n		VALUES (&#039;25&#039;, &#039;97&#039;, &#039;2015-09-27&#039;, &#039;WRONG TRANSACTION &#039;)', '1', 'could not add voided transaction entry'),
('757', 'BEGIN', '1', 'could not start a transaction'),
('758', 'UPDATE bank_trans SET amount=0\n		WHERE type=&#039;25&#039; AND trans_no=&#039;84&#039;', '1', 'could not void bank transactions for type=25 and trans_no=84'),
('759', 'UPDATE gl_trans SET amount=0 WHERE type=&#039;25&#039; AND type_no=&#039;84&#039;', '1', 'could not void gl transactions for type=25 and trans_no=84'),
('760', 'DELETE FROM cust_allocations\n		WHERE (trans_type_from=&#039;25&#039; AND trans_no_from=&#039;84&#039;)\n		OR (trans_type_to=&#039;25&#039; AND trans_no_to=&#039;84&#039;)', '1', 'could not void debtor transactions for type=25 and trans_no=84'),
('761', 'UPDATE debtor_trans SET ov_amount=0, ov_discount=0, ov_gst=0, ov_freight=0,\n		ov_freight_tax=0, alloc=0, version=version+1 WHERE type=&#039;25&#039; AND trans_no=&#039;84&#039;', '1', 'could not void debtor transactions for type=25 and trans_no=84'),
('762', 'DELETE FROM supp_allocations\n		WHERE (trans_type_from=&#039;25&#039; AND trans_no_from=&#039;84&#039;)\n		OR (trans_type_to=&#039;25&#039; AND trans_no_to=&#039;84&#039;)', '1', 'could not void supp transactions for type=25 and trans_no=84'),
('763', 'UPDATE supp_trans SET ov_amount=0, ov_discount=0, ov_gst=0,\n		alloc=0 WHERE type=&#039;25&#039; AND trans_no=&#039;84&#039;', '1', 'could not void supp transactions for type=25 and trans_no=84'),
('764', 'UPDATE trans_tax_details SET amount=0, net_amount=0\n	WHERE trans_no=&#039;84&#039; AND trans_type=&#039;25&#039;', '1', 'The transaction tax details could not be voided'),
('765', 'UPDATE gl_trans SET amount=0 WHERE type=&#039;25&#039; AND type_no=&#039;84&#039;', '1', 'could not void gl transactions for type=25 and trans_no=84'),
('766', 'UPDATE purch_order_details\n                SET quantity_received = quantity_received - 1\n                WHERE po_detail_item = 84', '1', 'a purchase order details record could not be voided.'),
('767', 'UPDATE grn_items SET qty_recd=0, quantity_inv=0\n		WHERE grn_batch_id=&#039;84&#039;', '1', 'A grn detail item could not be voided.'),
('768', 'UPDATE stock_master SET material_cost=&#039;1044.8755778895&#039;\n		WHERE stock_id=&#039;PURCHASES&#039;', '1', 'The cost details for the inventory item could not be updated'),
('769', 'DELETE FROM stock_moves WHERE type=&#039;25&#039;	AND trans_no=&#039;84&#039;', '1', 'The stock movement cannot be delated'),
('770', 'COMMIT', '1', 'could not commit a transaction'),
('771', 'INSERT INTO voided (type, id, date_, memo_)\n		VALUES (&#039;25&#039;, &#039;84&#039;, &#039;2015-09-27&#039;, &#039;WRONG TRANSACTION&#039;)', '1', 'could not add voided transaction entry'),
('772', 'BEGIN', '1', 'could not start a transaction'),
('773', 'UPDATE bank_trans SET amount=0\n		WHERE type=&#039;25&#039; AND trans_no=&#039;85&#039;', '1', 'could not void bank transactions for type=25 and trans_no=85'),
('774', 'UPDATE gl_trans SET amount=0 WHERE type=&#039;25&#039; AND type_no=&#039;85&#039;', '1', 'could not void gl transactions for type=25 and trans_no=85'),
('775', 'DELETE FROM cust_allocations\n		WHERE (trans_type_from=&#039;25&#039; AND trans_no_from=&#039;85&#039;)\n		OR (trans_type_to=&#039;25&#039; AND trans_no_to=&#039;85&#039;)', '1', 'could not void debtor transactions for type=25 and trans_no=85'),
('776', 'UPDATE debtor_trans SET ov_amount=0, ov_discount=0, ov_gst=0, ov_freight=0,\n		ov_freight_tax=0, alloc=0, version=version+1 WHERE type=&#039;25&#039; AND trans_no=&#039;85&#039;', '1', 'could not void debtor transactions for type=25 and trans_no=85'),
('777', 'DELETE FROM supp_allocations\n		WHERE (trans_type_from=&#039;25&#039; AND trans_no_from=&#039;85&#039;)\n		OR (trans_type_to=&#039;25&#039; AND trans_no_to=&#039;85&#039;)', '1', 'could not void supp transactions for type=25 and trans_no=85'),
('778', 'UPDATE supp_trans SET ov_amount=0, ov_discount=0, ov_gst=0,\n		alloc=0 WHERE type=&#039;25&#039; AND trans_no=&#039;85&#039;', '1', 'could not void supp transactions for type=25 and trans_no=85'),
('779', 'UPDATE trans_tax_details SET amount=0, net_amount=0\n	WHERE trans_no=&#039;85&#039; AND trans_type=&#039;25&#039;', '1', 'The transaction tax details could not be voided'),
('780', 'UPDATE gl_trans SET amount=0 WHERE type=&#039;25&#039; AND type_no=&#039;85&#039;', '1', 'could not void gl transactions for type=25 and trans_no=85'),
('781', 'UPDATE purch_order_details\n                SET quantity_received = quantity_received - 1\n                WHERE po_detail_item = 85', '1', 'a purchase order details record could not be voided.'),
('782', 'UPDATE grn_items SET qty_recd=0, quantity_inv=0\n		WHERE grn_batch_id=&#039;85&#039;', '1', 'A grn detail item could not be voided.'),
('783', 'UPDATE stock_master SET material_cost=&#039;1049.5002020203&#039;\n		WHERE stock_id=&#039;PURCHASES&#039;', '1', 'The cost details for the inventory item could not be updated'),
('784', 'DELETE FROM stock_moves WHERE type=&#039;25&#039;	AND trans_no=&#039;85&#039;', '1', 'The stock movement cannot be delated'),
('785', 'COMMIT', '1', 'could not commit a transaction'),
('786', 'INSERT INTO voided (type, id, date_, memo_)\n		VALUES (&#039;25&#039;, &#039;85&#039;, &#039;2015-09-27&#039;, &#039;WRONG TRANSACTION&#039;)', '1', 'could not add voided transaction entry'),
('787', 'BEGIN', '1', 'could not start a transaction'),
('788', 'UPDATE bank_trans SET amount=0\n		WHERE type=&#039;25&#039; AND trans_no=&#039;129&#039;', '1', 'could not void bank transactions for type=25 and trans_no=129'),
('789', 'UPDATE gl_trans SET amount=0 WHERE type=&#039;25&#039; AND type_no=&#039;129&#039;', '1', 'could not void gl transactions for type=25 and trans_no=129'),
('790', 'DELETE FROM cust_allocations\n		WHERE (trans_type_from=&#039;25&#039; AND trans_no_from=&#039;129&#039;)\n		OR (trans_type_to=&#039;25&#039; AND trans_no_to=&#039;129&#039;)', '1', 'could not void debtor transactions for type=25 and trans_no=129'),
('791', 'UPDATE debtor_trans SET ov_amount=0, ov_discount=0, ov_gst=0, ov_freight=0,\n		ov_freight_tax=0, alloc=0, version=version+1 WHERE type=&#039;25&#039; AND trans_no=&#039;129&#039;', '1', 'could not void debtor transactions for type=25 and trans_no=129'),
('792', 'DELETE FROM supp_allocations\n		WHERE (trans_type_from=&#039;25&#039; AND trans_no_from=&#039;129&#039;)\n		OR (trans_type_to=&#039;25&#039; AND trans_no_to=&#039;129&#039;)', '1', 'could not void supp transactions for type=25 and trans_no=129'),
('793', 'UPDATE supp_trans SET ov_amount=0, ov_discount=0, ov_gst=0,\n		alloc=0 WHERE type=&#039;25&#039; AND trans_no=&#039;129&#039;', '1', 'could not void supp transactions for type=25 and trans_no=129'),
('794', 'UPDATE trans_tax_details SET amount=0, net_amount=0\n	WHERE trans_no=&#039;129&#039; AND trans_type=&#039;25&#039;', '1', 'The transaction tax details could not be voided'),
('795', 'UPDATE gl_trans SET amount=0 WHERE type=&#039;25&#039; AND type_no=&#039;129&#039;', '1', 'could not void gl transactions for type=25 and trans_no=129'),
('796', 'UPDATE purch_order_details\n                SET quantity_received = quantity_received - 1\n                WHERE po_detail_item = 129', '1', 'a purchase order details record could not be voided.'),
('797', 'UPDATE grn_items SET qty_recd=0, quantity_inv=0\n		WHERE grn_batch_id=&#039;129&#039;', '1', 'A grn detail item could not be voided.'),
('798', 'UPDATE stock_master SET material_cost=&#039;1052.1930964468&#039;\n		WHERE stock_id=&#039;PURCHASES&#039;', '1', 'The cost details for the inventory item could not be updated'),
('799', 'DELETE FROM stock_moves WHERE type=&#039;25&#039;	AND trans_no=&#039;129&#039;', '1', 'The stock movement cannot be delated'),
('800', 'COMMIT', '1', 'could not commit a transaction'),
('801', 'INSERT INTO voided (type, id, date_, memo_)\n		VALUES (&#039;25&#039;, &#039;129&#039;, &#039;2015-09-27&#039;, &#039;WRONG TRANSACTION&#039;)', '1', 'could not add voided transaction entry'),
('802', 'BEGIN', '1', 'could not start a transaction'),
('803', 'UPDATE bank_trans SET amount=0\n		WHERE type=&#039;25&#039; AND trans_no=&#039;200&#039;', '1', 'could not void bank transactions for type=25 and trans_no=200'),
('804', 'UPDATE gl_trans SET amount=0 WHERE type=&#039;25&#039; AND type_no=&#039;200&#039;', '1', 'could not void gl transactions for type=25 and trans_no=200'),
('805', 'DELETE FROM cust_allocations\n		WHERE (trans_type_from=&#039;25&#039; AND trans_no_from=&#039;200&#039;)\n		OR (trans_type_to=&#039;25&#039; AND trans_no_to=&#039;200&#039;)', '1', 'could not void debtor transactions for type=25 and trans_no=200'),
('806', 'UPDATE debtor_trans SET ov_amount=0, ov_discount=0, ov_gst=0, ov_freight=0,\n		ov_freight_tax=0, alloc=0, version=version+1 WHERE type=&#039;25&#039; AND trans_no=&#039;200&#039;', '1', 'could not void debtor transactions for type=25 and trans_no=200'),
('807', 'DELETE FROM supp_allocations\n		WHERE (trans_type_from=&#039;25&#039; AND trans_no_from=&#039;200&#039;)\n		OR (trans_type_to=&#039;25&#039; AND trans_no_to=&#039;200&#039;)', '1', 'could not void supp transactions for type=25 and trans_no=200'),
('808', 'UPDATE supp_trans SET ov_amount=0, ov_discount=0, ov_gst=0,\n		alloc=0 WHERE type=&#039;25&#039; AND trans_no=&#039;200&#039;', '1', 'could not void supp transactions for type=25 and trans_no=200'),
('809', 'UPDATE trans_tax_details SET amount=0, net_amount=0\n	WHERE trans_no=&#039;200&#039; AND trans_type=&#039;25&#039;', '1', 'The transaction tax details could not be voided'),
('810', 'UPDATE gl_trans SET amount=0 WHERE type=&#039;25&#039; AND type_no=&#039;200&#039;', '1', 'could not void gl transactions for type=25 and trans_no=200'),
('811', 'UPDATE purch_order_details\n                SET quantity_received = quantity_received - 1\n                WHERE po_detail_item = 200', '1', 'a purchase order details record could not be voided.'),
('812', 'UPDATE grn_items SET qty_recd=0, quantity_inv=0\n		WHERE grn_batch_id=&#039;200&#039;', '1', 'A grn detail item could not be voided.'),
('813', 'UPDATE stock_master SET material_cost=&#039;1046.6787755103&#039;\n		WHERE stock_id=&#039;PURCHASES&#039;', '1', 'The cost details for the inventory item could not be updated'),
('814', 'DELETE FROM stock_moves WHERE type=&#039;25&#039;	AND trans_no=&#039;200&#039;', '1', 'The stock movement cannot be delated'),
('815', 'COMMIT', '1', 'could not commit a transaction'),
('816', 'INSERT INTO voided (type, id, date_, memo_)\n		VALUES (&#039;25&#039;, &#039;200&#039;, &#039;2015-09-27&#039;, &#039;WRONG TRANSACTION&#039;)', '1', 'could not add voided transaction entry'),
('817', 'BEGIN', '1', 'could not start a transaction'),
('818', 'UPDATE bank_trans SET amount=0\n		WHERE type=&#039;25&#039; AND trans_no=&#039;187&#039;', '1', 'could not void bank transactions for type=25 and trans_no=187'),
('819', 'UPDATE gl_trans SET amount=0 WHERE type=&#039;25&#039; AND type_no=&#039;187&#039;', '1', 'could not void gl transactions for type=25 and trans_no=187'),
('820', 'DELETE FROM cust_allocations\n		WHERE (trans_type_from=&#039;25&#039; AND trans_no_from=&#039;187&#039;)\n		OR (trans_type_to=&#039;25&#039; AND trans_no_to=&#039;187&#039;)', '1', 'could not void debtor transactions for type=25 and trans_no=187'),
('821', 'UPDATE debtor_trans SET ov_amount=0, ov_discount=0, ov_gst=0, ov_freight=0,\n		ov_freight_tax=0, alloc=0, version=version+1 WHERE type=&#039;25&#039; AND trans_no=&#039;187&#039;', '1', 'could not void debtor transactions for type=25 and trans_no=187'),
('822', 'DELETE FROM supp_allocations\n		WHERE (trans_type_from=&#039;25&#039; AND trans_no_from=&#039;187&#039;)\n		OR (trans_type_to=&#039;25&#039; AND trans_no_to=&#039;187&#039;)', '1', 'could not void supp transactions for type=25 and trans_no=187'),
('823', 'UPDATE supp_trans SET ov_amount=0, ov_discount=0, ov_gst=0,\n		alloc=0 WHERE type=&#039;25&#039; AND trans_no=&#039;187&#039;', '1', 'could not void supp transactions for type=25 and trans_no=187'),
('824', 'UPDATE trans_tax_details SET amount=0, net_amount=0\n	WHERE trans_no=&#039;187&#039; AND trans_type=&#039;25&#039;', '1', 'The transaction tax details could not be voided'),
('825', 'UPDATE gl_trans SET amount=0 WHERE type=&#039;25&#039; AND type_no=&#039;187&#039;', '1', 'could not void gl transactions for type=25 and trans_no=187'),
('826', 'UPDATE purch_order_details\n                SET quantity_received = quantity_received - 1\n                WHERE po_detail_item = 187', '1', 'a purchase order details record could not be voided.'),
('827', 'UPDATE grn_items SET qty_recd=0, quantity_inv=0\n		WHERE grn_batch_id=&#039;187&#039;', '1', 'A grn detail item could not be voided.'),
('828', 'UPDATE stock_master SET material_cost=&#039;1014.0976410257&#039;\n		WHERE stock_id=&#039;PURCHASES&#039;', '1', 'The cost details for the inventory item could not be updated'),
('829', 'DELETE FROM stock_moves WHERE type=&#039;25&#039;	AND trans_no=&#039;187&#039;', '1', 'The stock movement cannot be delated'),
('830', 'COMMIT', '1', 'could not commit a transaction'),
('831', 'INSERT INTO voided (type, id, date_, memo_)\n		VALUES (&#039;25&#039;, &#039;187&#039;, &#039;2015-09-27&#039;, &#039;WRONG TRANSACTION&#039;)', '1', 'could not add voided transaction entry'),
('832', 'BEGIN', '1', 'could not start a transaction'),
('833', 'UPDATE bank_trans SET amount=0\n		WHERE type=&#039;20&#039; AND trans_no=&#039;222&#039;', '1', 'could not void bank transactions for type=20 and trans_no=222'),
('834', 'UPDATE gl_trans SET amount=0 WHERE type=&#039;20&#039; AND type_no=&#039;222&#039;', '1', 'could not void gl transactions for type=20 and trans_no=222'),
('835', 'DELETE FROM cust_allocations\n		WHERE (trans_type_from=&#039;20&#039; AND trans_no_from=&#039;222&#039;)\n		OR (trans_type_to=&#039;20&#039; AND trans_no_to=&#039;222&#039;)', '1', 'could not void debtor transactions for type=20 and trans_no=222'),
('836', 'UPDATE debtor_trans SET ov_amount=0, ov_discount=0, ov_gst=0, ov_freight=0,\n		ov_freight_tax=0, alloc=0, version=version+1 WHERE type=&#039;20&#039; AND trans_no=&#039;222&#039;', '1', 'could not void debtor transactions for type=20 and trans_no=222'),
('837', 'DELETE FROM supp_allocations\n		WHERE (trans_type_from=&#039;20&#039; AND trans_no_from=&#039;222&#039;)\n		OR (trans_type_to=&#039;20&#039; AND trans_no_to=&#039;222&#039;)', '1', 'could not void supp transactions for type=20 and trans_no=222'),
('838', 'UPDATE supp_trans SET ov_amount=0, ov_discount=0, ov_gst=0,\n		alloc=0 WHERE type=&#039;20&#039; AND trans_no=&#039;222&#039;', '1', 'could not void supp transactions for type=20 and trans_no=222'),
('839', 'UPDATE trans_tax_details SET amount=0, net_amount=0\n	WHERE trans_no=&#039;222&#039; AND trans_type=&#039;20&#039;', '1', 'The transaction tax details could not be voided'),
('840', 'UPDATE gl_trans SET amount=0 WHERE type=&#039;20&#039; AND type_no=&#039;222&#039;', '1', 'could not void gl transactions for type=20 and trans_no=222'),
('841', 'DELETE FROM supp_allocations\n		WHERE (trans_type_from=&#039;20&#039; AND trans_no_from=&#039;222&#039;)\n		OR (trans_type_to=&#039;20&#039; AND trans_no_to=&#039;222&#039;)', '1', 'could not void supp transactions for type=20 and trans_no=222'),
('842', 'UPDATE supp_trans SET ov_amount=0, ov_discount=0, ov_gst=0,\n		alloc=0 WHERE type=&#039;20&#039; AND trans_no=&#039;222&#039;', '1', 'could not void supp transactions for type=20 and trans_no=222'),
('843', 'UPDATE supp_invoice_items SET quantity=0, unit_price=0\n		WHERE supp_trans_type = &#039;20&#039; AND supp_trans_no=&#039;222&#039;', '1', 'could not void supptrans details'),
('844', 'UPDATE trans_tax_details SET amount=0, net_amount=0\n	WHERE trans_no=&#039;222&#039; AND trans_type=&#039;20&#039;', '1', 'The transaction tax details could not be voided'),
('845', 'COMMIT', '1', 'could not commit a transaction'),
('846', 'INSERT INTO voided (type, id, date_, memo_)\n		VALUES (&#039;20&#039;, &#039;222&#039;, &#039;2015-09-27&#039;, &#039;WRONG DATE&#039;)', '1', 'could not add voided transaction entry'),
('847', 'BEGIN', '1', 'could not start a transaction'),
('848', 'INSERT INTO purch_orders (supplier_id, Comments, ord_date, reference,\n     	requisition_no, into_stock_location, delivery_address, total, tax_included ) VALUES(&#039;31&#039;,&#039;&#039;,&#039;2015-07-15&#039;, &#039;auto&#039;, &#039;B15048&#039;, &#039;DEF&#039;, &#039;Delivery 1\\nDelivery 2\\nDelivery 3&#039;, &#039;33495&#039;, &#039;0&#039;)', '1', 'The purchase order header record could not be inserted'),
('849', 'INSERT INTO purch_order_details (order_no, item_code, description, delivery_date, unit_price,tax_type_id,quantity_ordered) VALUES (210, &#039;PURCHASES&#039;,&#039;PURCHASES - HARDWARE&#039;,&#039;2015-07-15&#039;,&#039;33495&#039;, &#039;12&#039;, &#039;1&#039;)', '1', 'One of the purchase order detail records could not be inserted'),
('850', 'REPLACE refs SET reference=&#039;auto&#039;, type=&#039;18&#039;, id=&#039;210&#039;', '1', 'could not update reference entry'),
('851', 'INSERT INTO audit_trail (type, trans_no, user, fiscal_year, gl_date, description, gl_seq)\n    			VALUES(&#039;18&#039;, &#039;210&#039;,1,2,&#039;2015-07-15&#039;,&#039;&#039;, 0)', '1', 'Cannot add audit info'),
('852', 'UPDATE audit_trail SET gl_seq = NULL WHERE type=&#039;18&#039; AND trans_no=&#039;210&#039; AND id!=1022', '1', 'Cannot update audit gl_seq'),
('853', 'INSERT INTO grn_batch (purch_order_no, delivery_date, supplier_id, reference, loc_code)\n			VALUES (&#039;210&#039;, &#039;2015-07-15&#039;, &#039;31&#039;, &#039;auto&#039;, &#039;DEF&#039;)', '1', 'A grn batch record could not be inserted.'),
('854', 'INSERT INTO gl_trans ( type, type_no, tran_date,\n	account, dimension_id, dimension2_id, memo_, amount, gst, person_type_id, person_id) VALUES (&#039;25&#039;, &#039;210&#039;, &#039;2015-07-15&#039;,\n	&#039;5010&#039;, &#039;0&#039;, &#039;0&#039;, &#039;PURCHASES&#039;, &#039;33495&#039;, &#039;&#039;, &#039;3&#039;, &#039;31&#039;) ', '1', 'The supplier GL transaction could not be inserted'),
('855', 'UPDATE stock_master SET material_cost=&#039;1179.8165306123&#039;\n		WHERE stock_id=&#039;PURCHASES&#039;', '1', 'The cost details for the inventory item could not be updated'),
('856', 'UPDATE purch_data SET price=&#039;33495&#039;,supplier_description=&#039;PURCHASES - HARDWARE&#039; WHERE stock_id=&#039;PURCHASES&#039; AND supplier_id=&#039;31&#039;', '1', 'The supplier purchasing details could not be updated'),
('857', 'UPDATE purch_order_details\n        SET quantity_received = quantity_received + &#039;1&#039;,\n        std_cost_unit=&#039;1179.8165306123&#039;,\n        quantity_ordered=&#039;1&#039;,\n        act_price=&#039;33495&#039;\n        WHERE po_detail_item = &#039;210&#039;', '1', 'a purchase order details record could not be updated. This receipt of goods has not been processed '),
('858', 'INSERT INTO grn_items (grn_batch_id, po_detail_item, item_code, description, tax_type_id, qty_recd)\n		VALUES (&#039;210&#039;, &#039;210&#039;, &#039;PURCHASES&#039;, &#039;PURCHASES - HARDWARE&#039;, &#039;12&#039;, &#039;1&#039;)', '1', 'A GRN detail item could not be inserted.'),
('859', 'INSERT INTO stock_moves (stock_id, trans_no, type, loc_code,\n		tran_date, person_id, reference, qty, standard_cost, visible, price,\n		discount_percent) VALUES (&#039;PURCHASES&#039;, &#039;210&#039;, &#039;25&#039;,	&#039;DEF&#039;, &#039;2015-07-15&#039;, &#039;31&#039;, &#039;&#039;, &#039;1&#039;, &#039;1179.8165306123&#039;,&#039;1&#039;, &#039;33495&#039;, &#039;0&#039;)', '1', 'The stock movement record cannot be inserted');
INSERT INTO `sql_trail` VALUES
('860', 'INSERT INTO gl_trans ( type, type_no, tran_date,\n	account, dimension_id, dimension2_id, memo_, amount, gst, person_type_id, person_id) VALUES (&#039;25&#039;, &#039;210&#039;, &#039;2015-07-15&#039;,\n	&#039;1550&#039;, &#039;0&#039;, &#039;0&#039;, &#039;&#039;, &#039;-33495&#039;, &#039;&#039;, &#039;3&#039;, &#039;&#039;) ', '1', 'The supplier GL transaction could not be inserted'),
('861', 'REPLACE refs SET reference=&#039;auto&#039;, type=&#039;25&#039;, id=&#039;210&#039;', '1', 'could not update reference entry'),
('862', 'INSERT INTO audit_trail (type, trans_no, user, fiscal_year, gl_date, description, gl_seq)\n    			VALUES(&#039;25&#039;, &#039;210&#039;,1,2,&#039;2015-07-15&#039;,&#039;&#039;, 0)', '1', 'Cannot add audit info'),
('863', 'UPDATE audit_trail SET gl_seq = NULL WHERE type=&#039;25&#039; AND trans_no=&#039;210&#039; AND id!=1023', '1', 'Cannot update audit gl_seq'),
('864', 'INSERT INTO supp_trans (trans_no, type, supplier_id, tran_date, due_date,\n		reference, supp_reference, ov_amount, ov_gst, rate, ov_discount, tax_included, fixed_access, cheque,reason ) VALUES (&#039;234&#039;, &#039;20&#039;, &#039;31&#039;, &#039;2015-07-15&#039;, &#039;2015-07-15&#039;,\n		&#039;ME/DN092/2015&#039;, &#039;B15048&#039;, &#039;33495&#039;, &#039;2009.7&#039;, &#039;1&#039;, &#039;0&#039;, &#039;0&#039;, &#039;&#039;,&#039;&#039; ,&#039;&#039;)', '1', 'Cannot insert a supplier transaction record'),
('865', 'INSERT INTO audit_trail (type, trans_no, user, fiscal_year, gl_date, description, gl_seq)\n    			VALUES(&#039;20&#039;, &#039;234&#039;,1,2,&#039;2015-07-15&#039;,&#039;&#039;, 0)', '1', 'Cannot add audit info'),
('866', 'UPDATE audit_trail SET gl_seq = NULL WHERE type=&#039;20&#039; AND trans_no=&#039;234&#039; AND id!=1024', '1', 'Cannot update audit gl_seq'),
('867', 'INSERT INTO gl_trans ( type, type_no, tran_date,\n	account, dimension_id, dimension2_id, memo_, amount, gst, person_type_id, person_id) VALUES (&#039;20&#039;, &#039;234&#039;, &#039;2015-07-15&#039;,\n	&#039;2100&#039;, &#039;0&#039;, &#039;0&#039;, &#039;&#039;, &#039;-35504.7&#039;, &#039;&#039;, &#039;3&#039;, &#039;31&#039;) ', '1', 'The general ledger transaction for the control total could not be added'),
('868', 'UPDATE purch_order_details\n		SET qty_invoiced = qty_invoiced + &#039;1&#039; , act_price = &#039;33495&#039; WHERE po_detail_item = &#039;210&#039;', '1', 'The quantity invoiced of the purchase order line could not be updated'),
('869', 'UPDATE grn_items\n        SET quantity_inv = quantity_inv + &#039;1&#039;\n        WHERE id = &#039;210&#039;', '1', 'The quantity invoiced off the items received record could not be updated'),
('870', 'INSERT INTO gl_trans ( type, type_no, tran_date,\n	account, dimension_id, dimension2_id, memo_, amount, gst, person_type_id, person_id) VALUES (&#039;20&#039;, &#039;234&#039;, &#039;2015-07-15&#039;,\n	&#039;1550&#039;, &#039;0&#039;, &#039;0&#039;, &#039;&#039;, &#039;33495&#039;, &#039;&#039;, &#039;3&#039;, &#039;31&#039;) ', '1', 'The supplier GL transaction could not be inserted'),
('871', 'INSERT INTO gl_trans ( type, type_no, tran_date,\n	account, dimension_id, dimension2_id, memo_, amount, gst, person_type_id, person_id) VALUES (&#039;20&#039;, &#039;234&#039;, &#039;2015-07-15&#039;,\n	&#039;1300&#039;, &#039;0&#039;, &#039;0&#039;, &#039;&#039;, &#039;2009.7&#039;, &#039;&#039;, &#039;3&#039;, &#039;31&#039;) ', '1', 'The supplier GL transaction could not be inserted'),
('872', 'UPDATE stock_master SET material_cost=&#039;1179.8165306123&#039;\n		WHERE stock_id=&#039;PURCHASES&#039;', '1', 'The cost details for the inventory item could not be updated'),
('873', 'UPDATE purch_data SET price=&#039;33495&#039; WHERE stock_id=&#039;PURCHASES&#039; AND supplier_id=&#039;31&#039;', '1', 'The supplier purchasing details could not be updated'),
('874', 'INSERT INTO supp_invoice_items (supp_trans_type, supp_trans_no, stock_id, description, gl_code, unit_price, unit_tax, quantity,\n	  	grn_item_id, po_detail_item_id, memo_,tax_type_id) VALUES (&#039;20&#039;, &#039;234&#039;, &#039;PURCHASES&#039;, &#039;PURCHASES - HARDWARE&#039;, &#039;0&#039;, &#039;33495&#039;, &#039;0&#039;, &#039;1&#039;,\n		&#039;210&#039;, &#039;210&#039;, &#039;&#039;,&#039;12&#039;)', '1', 'Cannot insert a supplier transaction detail record'),
('875', 'REPLACE refs SET reference=&#039;ME/DN092/2015&#039;, type=&#039;20&#039;, id=&#039;234&#039;', '1', 'could not update reference entry'),
('876', 'COMMIT', '1', 'could not commit a transaction'),
('877', 'set @bal:=0', '1', ''),
('878', 'set @bal:=0', '1', ''),
('879', 'set @bal:=0', '1', ''),
('880', 'set @bal:=0', '1', ''),
('881', 'BEGIN', '1', 'could not start a transaction'),
('882', 'UPDATE bank_trans SET amount=0\n		WHERE type=&#039;10&#039; AND trans_no=&#039;29&#039;', '1', 'could not void bank transactions for type=10 and trans_no=29'),
('883', 'UPDATE gl_trans SET amount=0 WHERE type=&#039;10&#039; AND type_no=&#039;29&#039;', '1', 'could not void gl transactions for type=10 and trans_no=29'),
('884', 'DELETE FROM cust_allocations\n		WHERE (trans_type_from=&#039;10&#039; AND trans_no_from=&#039;29&#039;)\n		OR (trans_type_to=&#039;10&#039; AND trans_no_to=&#039;29&#039;)', '1', 'could not void debtor transactions for type=10 and trans_no=29'),
('885', 'UPDATE debtor_trans SET ov_amount=0, ov_discount=0, ov_gst=0, ov_freight=0,\n		ov_freight_tax=0, alloc=0, version=version+1 WHERE type=&#039;10&#039; AND trans_no=&#039;29&#039;', '1', 'could not void debtor transactions for type=10 and trans_no=29'),
('886', 'DELETE FROM supp_allocations\n		WHERE (trans_type_from=&#039;10&#039; AND trans_no_from=&#039;29&#039;)\n		OR (trans_type_to=&#039;10&#039; AND trans_no_to=&#039;29&#039;)', '1', 'could not void supp transactions for type=10 and trans_no=29'),
('887', 'UPDATE supp_trans SET ov_amount=0, ov_discount=0, ov_gst=0,\n		alloc=0 WHERE type=&#039;10&#039; AND trans_no=&#039;29&#039;', '1', 'could not void supp transactions for type=10 and trans_no=29'),
('888', 'UPDATE trans_tax_details SET amount=0, net_amount=0\n	WHERE trans_no=&#039;29&#039; AND trans_type=&#039;10&#039;', '1', 'The transaction tax details could not be voided'),
('889', 'UPDATE gl_trans SET amount=0 WHERE type=&#039;10&#039; AND type_no=&#039;29&#039;', '1', 'could not void gl transactions for type=10 and trans_no=29'),
('890', 'UPDATE gl_trans SET amount=0 WHERE type=&#039;13&#039; AND type_no=&#039;29&#039;', '1', 'could not void gl transactions for type=13 and trans_no=29'),
('891', 'UPDATE sales_order_details\n				SET qty_sent = qty_sent + -1, quantity = quantity + -1 WHERE id=&#039;48&#039;', '1', 'The parent document detail record could not be updated'),
('892', 'UPDATE debtor_trans_details SET quantity=0, unit_price=0,\n		unit_tax=0, discount_percent=0, standard_cost=0, src_id=0\n		WHERE debtor_trans_no=&#039;29&#039;\n		AND debtor_trans_type=&#039;13&#039;', '1', 'The debtor transaction details could not be voided'),
('893', 'UPDATE stock_master SET material_cost=&#039;0&#039;\n		WHERE stock_id=&#039;IPH&#039;', '1', 'The cost details for the inventory item could not be updated'),
('894', 'DELETE FROM stock_moves WHERE type=&#039;13&#039;	AND trans_no=&#039;29&#039;', '1', 'The stock movement cannot be delated'),
('895', 'UPDATE trans_tax_details SET amount=0, net_amount=0\n	WHERE trans_no=&#039;29&#039; AND trans_type=&#039;13&#039;', '1', 'The transaction tax details could not be voided'),
('896', 'DELETE FROM cust_allocations\n		WHERE (trans_type_from=&#039;13&#039; AND trans_no_from=&#039;29&#039;)\n		OR (trans_type_to=&#039;13&#039; AND trans_no_to=&#039;29&#039;)', '1', 'could not void debtor transactions for type=13 and trans_no=29'),
('897', 'UPDATE debtor_trans SET ov_amount=0, ov_discount=0, ov_gst=0, ov_freight=0,\n		ov_freight_tax=0, alloc=0, version=version+1 WHERE type=&#039;13&#039; AND trans_no=&#039;29&#039;', '1', 'could not void debtor transactions for type=13 and trans_no=29'),
('898', 'INSERT INTO voided (type, id, date_, memo_)\n		VALUES (&#039;13&#039;, &#039;29&#039;, &#039;2015-09-27&#039;, &#039;&#039;)', '1', 'could not add voided transaction entry'),
('899', 'UPDATE debtor_trans_details SET quantity=0, unit_price=0,\n		unit_tax=0, discount_percent=0, standard_cost=0, src_id=0\n		WHERE debtor_trans_no=&#039;29&#039;\n		AND debtor_trans_type=&#039;10&#039;', '1', 'The debtor transaction details could not be voided'),
('900', 'DELETE FROM stock_moves WHERE type=&#039;10&#039;	AND trans_no=&#039;29&#039;', '1', 'The stock movement cannot be delated'),
('901', 'DELETE FROM stock_moves WHERE type=&#039;10&#039;	AND trans_no=&#039;29&#039;', '1', 'The stock movement cannot be delated'),
('902', 'UPDATE trans_tax_details SET amount=0, net_amount=0\n	WHERE trans_no=&#039;29&#039; AND trans_type=&#039;10&#039;', '1', 'The transaction tax details could not be voided'),
('903', 'DELETE FROM cust_allocations\n		WHERE (trans_type_from=&#039;10&#039; AND trans_no_from=&#039;29&#039;)\n		OR (trans_type_to=&#039;10&#039; AND trans_no_to=&#039;29&#039;)', '1', 'could not void debtor transactions for type=10 and trans_no=29'),
('904', 'UPDATE debtor_trans SET ov_amount=0, ov_discount=0, ov_gst=0, ov_freight=0,\n		ov_freight_tax=0, alloc=0, version=version+1 WHERE type=&#039;10&#039; AND trans_no=&#039;29&#039;', '1', 'could not void debtor transactions for type=10 and trans_no=29'),
('905', 'COMMIT', '1', 'could not commit a transaction'),
('906', 'INSERT INTO voided (type, id, date_, memo_)\n		VALUES (&#039;10&#039;, &#039;29&#039;, &#039;2015-09-27&#039;, &#039;DOUBLE ENTRY&#039;)', '1', 'could not add voided transaction entry'),
('907', 'set @bal:=0', '1', ''),
('908', 'set @bal:=0', '1', ''),
('909', 'set @bal:=0', '1', ''),
('910', 'set @bal:=0', '1', ''),
('911', 'set @bal:=0', '1', ''),
('912', 'INSERT INTO chart_master (account_code, account_code2, account_name, account_type)\n		VALUES (&#039;2130&#039;, &#039;&#039;, &#039;METRONIC ENGINEERING SDN BHD&#039;, &#039;4&#039;)', '1', ''),
('913', 'UPDATE users SET last_visit_date=&#039;2015-09-27 12:37:58&#039;\n		WHERE user_id=&#039;lonengineering&#039;', '1', 'could not update last visit date for user lonengineering'),
('914', 'set @bal:=0', '1', ''),
('915', 'set @bal:=0', '1', ''),
('916', 'set @bal:=0', '1', ''),
('917', 'set @bal:=0', '1', ''),
('918', 'set @bal:=0', '1', ''),
('919', 'set @bal:=0', '1', ''),
('920', 'BEGIN', '1', 'could not start a transaction'),
('921', 'INSERT INTO supp_trans (trans_no, type, supplier_id, tran_date, due_date,\n		reference, supp_reference, ov_amount, ov_gst, rate, ov_discount, tax_included, fixed_access, cheque,reason ) VALUES (&#039;1&#039;, &#039;21&#039;, &#039;31&#039;, &#039;2015-06-26&#039;, &#039;2015-06-26&#039;,\n		&#039;VS1305&#039;, &#039;208&#039;, &#039;-7150&#039;, &#039;0&#039;, &#039;1&#039;, &#039;0&#039;, &#039;0&#039;, &#039;0&#039;,&#039;&#039; ,&#039;CONTRA WITH PAYMENT &#039;)', '1', 'Cannot insert a supplier transaction record'),
('922', 'INSERT INTO audit_trail (type, trans_no, user, fiscal_year, gl_date, description, gl_seq)\n    			VALUES(&#039;21&#039;, &#039;1&#039;,1,2,&#039;2015-06-26&#039;,&#039;&#039;, 0)', '1', 'Cannot add audit info'),
('923', 'UPDATE audit_trail SET gl_seq = NULL WHERE type=&#039;21&#039; AND trans_no=&#039;1&#039; AND id!=1025', '1', 'Cannot update audit gl_seq'),
('924', 'INSERT INTO gl_trans ( type, type_no, tran_date,\n	account, dimension_id, dimension2_id, memo_, amount, gst, person_type_id, person_id) VALUES (&#039;21&#039;, &#039;1&#039;, &#039;2015-06-26&#039;,\n	&#039;2100&#039;, &#039;0&#039;, &#039;0&#039;, &#039;&#039;, &#039;7150&#039;, &#039;&#039;, &#039;3&#039;, &#039;31&#039;) ', '1', 'The general ledger transaction for the control total could not be added'),
('925', 'INSERT INTO gl_trans ( type, type_no, tran_date,\n	account, dimension_id, dimension2_id, memo_, amount, gst, person_type_id, person_id) VALUES (&#039;21&#039;, &#039;1&#039;, &#039;2015-06-26&#039;,\n	&#039;2130&#039;, &#039;0&#039;, &#039;0&#039;, &#039;CONTRA PAYMENT WITH 26-6-15&#039;, &#039;-7150&#039;, &#039;&#039;, &#039;3&#039;, &#039;31&#039;) ', '1', 'The supplier GL transaction could not be inserted'),
('926', 'INSERT INTO supp_invoice_items (supp_trans_type, supp_trans_no, stock_id, description, gl_code, unit_price, unit_tax, quantity,\n	  	grn_item_id, po_detail_item_id, memo_,tax_type_id) VALUES (&#039;21&#039;, &#039;1&#039;, &#039;&#039;, &#039;&#039;, &#039;2130&#039;, &#039;-7150&#039;, &#039;0&#039;, &#039;0&#039;,\n		&#039;0&#039;, &#039;0&#039;, &#039;CONTRA PAYMENT WITH 26-6-15&#039;,&#039;20&#039;)', '1', 'Cannot insert a supplier transaction detail record'),
('927', 'INSERT INTO trans_tax_details\n	(trans_type, trans_no, tran_date, tax_type_id, rate, ex_rate,\n	included_in_price, net_amount, amount, memo)\n	VALUES (&#039;21&#039;,&#039;1&#039;,&#039;2015-06-26&#039;,&#039;20&#039;,&#039;0&#039;,&#039;1&#039;,0,&#039;-7150&#039;,&#039;0&#039;,&#039;208&#039;)', '1', 'Cannot save trans tax details'),
('928', 'INSERT INTO gl_trans ( type, type_no, tran_date,\n	account, dimension_id, dimension2_id, memo_, amount, gst, person_type_id, person_id) VALUES (&#039;21&#039;, &#039;1&#039;, &#039;2015-06-26&#039;,\n	&#039;1300&#039;, &#039;0&#039;, &#039;0&#039;, &#039;&#039;, &#039;0&#039;, &#039;&#039;, &#039;3&#039;, &#039;31&#039;) ', '1', 'A general ledger transaction for the tax amount could not be added'),
('929', 'INSERT INTO comments (type, id, date_, memo_)\n    		VALUES (&#039;21&#039;, &#039;1&#039;, &#039;2015-06-26&#039;, &#039;CONTRA PAYMENT WITH 26-6-15&#039;)', '1', 'could not add comments transaction entry'),
('930', 'REPLACE refs SET reference=&#039;VS1305&#039;, type=&#039;21&#039;, id=&#039;1&#039;', '1', 'could not update reference entry'),
('931', 'INSERT INTO supp_allocations (\n		amt, date_alloc,\n		trans_type_from, trans_no_from, trans_no_to, trans_type_to)\n		VALUES (&#039;7150&#039;, &#039;2015-06-26&#039;, &#039;21&#039;, &#039;1&#039;, &#039;208&#039;, &#039;20&#039;)', '1', 'A supplier allocation could not be added to the database'),
('932', 'COMMIT', '1', 'could not commit a transaction'),
('933', 'BEGIN', '1', 'could not start a transaction'),
('934', 'INSERT INTO supp_trans (trans_no, type, supplier_id, tran_date, due_date,\n		reference, supp_reference, ov_amount, ov_gst, rate, ov_discount, tax_included, fixed_access, cheque,reason ) VALUES (&#039;2&#039;, &#039;21&#039;, &#039;31&#039;, &#039;2015-06-26&#039;, &#039;2015-06-26&#039;,\n		&#039;VS1305-1&#039;, &#039;212&#039;, &#039;-5608.5&#039;, &#039;0&#039;, &#039;1&#039;, &#039;0&#039;, &#039;0&#039;, &#039;0&#039;,&#039;&#039; ,&#039;CONTRA PAYMENT &#039;)', '1', 'Cannot insert a supplier transaction record'),
('935', 'INSERT INTO audit_trail (type, trans_no, user, fiscal_year, gl_date, description, gl_seq)\n    			VALUES(&#039;21&#039;, &#039;2&#039;,1,2,&#039;2015-06-26&#039;,&#039;&#039;, 0)', '1', 'Cannot add audit info'),
('936', 'UPDATE audit_trail SET gl_seq = NULL WHERE type=&#039;21&#039; AND trans_no=&#039;2&#039; AND id!=1026', '1', 'Cannot update audit gl_seq'),
('937', 'INSERT INTO gl_trans ( type, type_no, tran_date,\n	account, dimension_id, dimension2_id, memo_, amount, gst, person_type_id, person_id) VALUES (&#039;21&#039;, &#039;2&#039;, &#039;2015-06-26&#039;,\n	&#039;2100&#039;, &#039;0&#039;, &#039;0&#039;, &#039;&#039;, &#039;5608.5&#039;, &#039;&#039;, &#039;3&#039;, &#039;31&#039;) ', '1', 'The general ledger transaction for the control total could not be added'),
('938', 'INSERT INTO gl_trans ( type, type_no, tran_date,\n	account, dimension_id, dimension2_id, memo_, amount, gst, person_type_id, person_id) VALUES (&#039;21&#039;, &#039;2&#039;, &#039;2015-06-26&#039;,\n	&#039;2130&#039;, &#039;0&#039;, &#039;0&#039;, &#039;CONTRA PAYMENT WITH 26-6-15&#039;, &#039;-5608.5&#039;, &#039;&#039;, &#039;3&#039;, &#039;31&#039;) ', '1', 'The supplier GL transaction could not be inserted'),
('939', 'INSERT INTO supp_invoice_items (supp_trans_type, supp_trans_no, stock_id, description, gl_code, unit_price, unit_tax, quantity,\n	  	grn_item_id, po_detail_item_id, memo_,tax_type_id) VALUES (&#039;21&#039;, &#039;2&#039;, &#039;&#039;, &#039;&#039;, &#039;2130&#039;, &#039;-5608.5&#039;, &#039;0&#039;, &#039;0&#039;,\n		&#039;0&#039;, &#039;0&#039;, &#039;CONTRA PAYMENT WITH 26-6-15&#039;,&#039;20&#039;)', '1', 'Cannot insert a supplier transaction detail record'),
('940', 'INSERT INTO trans_tax_details\n	(trans_type, trans_no, tran_date, tax_type_id, rate, ex_rate,\n	included_in_price, net_amount, amount, memo)\n	VALUES (&#039;21&#039;,&#039;2&#039;,&#039;2015-06-26&#039;,&#039;20&#039;,&#039;0&#039;,&#039;1&#039;,0,&#039;-5608.5&#039;,&#039;0&#039;,&#039;212&#039;)', '1', 'Cannot save trans tax details'),
('941', 'INSERT INTO gl_trans ( type, type_no, tran_date,\n	account, dimension_id, dimension2_id, memo_, amount, gst, person_type_id, person_id) VALUES (&#039;21&#039;, &#039;2&#039;, &#039;2015-06-26&#039;,\n	&#039;1300&#039;, &#039;0&#039;, &#039;0&#039;, &#039;&#039;, &#039;0&#039;, &#039;&#039;, &#039;3&#039;, &#039;31&#039;) ', '1', 'A general ledger transaction for the tax amount could not be added'),
('942', 'INSERT INTO comments (type, id, date_, memo_)\n    		VALUES (&#039;21&#039;, &#039;2&#039;, &#039;2015-06-26&#039;, &#039;CONTRA PAYMENT WITH 26-6-15&#039;)', '1', 'could not add comments transaction entry'),
('943', 'REPLACE refs SET reference=&#039;VS1305-1&#039;, type=&#039;21&#039;, id=&#039;2&#039;', '1', 'could not update reference entry'),
('944', 'INSERT INTO supp_allocations (\n		amt, date_alloc,\n		trans_type_from, trans_no_from, trans_no_to, trans_type_to)\n		VALUES (&#039;5608.5&#039;, &#039;2015-06-26&#039;, &#039;21&#039;, &#039;2&#039;, &#039;212&#039;, &#039;20&#039;)', '1', 'A supplier allocation could not be added to the database'),
('945', 'COMMIT', '1', 'could not commit a transaction'),
('946', 'BEGIN', '1', 'could not start a transaction'),
('947', 'INSERT INTO supp_trans (trans_no, type, supplier_id, tran_date, due_date,\n		reference, supp_reference, ov_amount, ov_gst, rate, ov_discount, tax_included, fixed_access, cheque,reason ) VALUES (&#039;3&#039;, &#039;21&#039;, &#039;31&#039;, &#039;2015-06-26&#039;, &#039;2015-06-26&#039;,\n		&#039;VS1305-3&#039;, &#039;214&#039;, &#039;-3729&#039;, &#039;0&#039;, &#039;1&#039;, &#039;0&#039;, &#039;0&#039;, &#039;0&#039;,&#039;&#039; ,&#039;CONTRA PAYMENT &#039;)', '1', 'Cannot insert a supplier transaction record'),
('948', 'INSERT INTO audit_trail (type, trans_no, user, fiscal_year, gl_date, description, gl_seq)\n    			VALUES(&#039;21&#039;, &#039;3&#039;,1,2,&#039;2015-06-26&#039;,&#039;&#039;, 0)', '1', 'Cannot add audit info'),
('949', 'UPDATE audit_trail SET gl_seq = NULL WHERE type=&#039;21&#039; AND trans_no=&#039;3&#039; AND id!=1027', '1', 'Cannot update audit gl_seq'),
('950', 'INSERT INTO gl_trans ( type, type_no, tran_date,\n	account, dimension_id, dimension2_id, memo_, amount, gst, person_type_id, person_id) VALUES (&#039;21&#039;, &#039;3&#039;, &#039;2015-06-26&#039;,\n	&#039;2100&#039;, &#039;0&#039;, &#039;0&#039;, &#039;&#039;, &#039;3729&#039;, &#039;&#039;, &#039;3&#039;, &#039;31&#039;) ', '1', 'The general ledger transaction for the control total could not be added'),
('951', 'INSERT INTO gl_trans ( type, type_no, tran_date,\n	account, dimension_id, dimension2_id, memo_, amount, gst, person_type_id, person_id) VALUES (&#039;21&#039;, &#039;3&#039;, &#039;2015-06-26&#039;,\n	&#039;2130&#039;, &#039;0&#039;, &#039;0&#039;, &#039;CONTRA PAYMENT WITH 26-6-15&#039;, &#039;-3729&#039;, &#039;&#039;, &#039;3&#039;, &#039;31&#039;) ', '1', 'The supplier GL transaction could not be inserted'),
('952', 'INSERT INTO supp_invoice_items (supp_trans_type, supp_trans_no, stock_id, description, gl_code, unit_price, unit_tax, quantity,\n	  	grn_item_id, po_detail_item_id, memo_,tax_type_id) VALUES (&#039;21&#039;, &#039;3&#039;, &#039;&#039;, &#039;&#039;, &#039;2130&#039;, &#039;-3729&#039;, &#039;0&#039;, &#039;0&#039;,\n		&#039;0&#039;, &#039;0&#039;, &#039;CONTRA PAYMENT WITH 26-6-15&#039;,&#039;20&#039;)', '1', 'Cannot insert a supplier transaction detail record'),
('953', 'INSERT INTO trans_tax_details\n	(trans_type, trans_no, tran_date, tax_type_id, rate, ex_rate,\n	included_in_price, net_amount, amount, memo)\n	VALUES (&#039;21&#039;,&#039;3&#039;,&#039;2015-06-26&#039;,&#039;20&#039;,&#039;0&#039;,&#039;1&#039;,0,&#039;-3729&#039;,&#039;0&#039;,&#039;214&#039;)', '1', 'Cannot save trans tax details'),
('954', 'INSERT INTO gl_trans ( type, type_no, tran_date,\n	account, dimension_id, dimension2_id, memo_, amount, gst, person_type_id, person_id) VALUES (&#039;21&#039;, &#039;3&#039;, &#039;2015-06-26&#039;,\n	&#039;1300&#039;, &#039;0&#039;, &#039;0&#039;, &#039;&#039;, &#039;0&#039;, &#039;&#039;, &#039;3&#039;, &#039;31&#039;) ', '1', 'A general ledger transaction for the tax amount could not be added'),
('955', 'INSERT INTO comments (type, id, date_, memo_)\n    		VALUES (&#039;21&#039;, &#039;3&#039;, &#039;2015-06-26&#039;, &#039;CONTRA PAYMENT WITH 26-6-15&#039;)', '1', 'could not add comments transaction entry'),
('956', 'REPLACE refs SET reference=&#039;VS1305-3&#039;, type=&#039;21&#039;, id=&#039;3&#039;', '1', 'could not update reference entry'),
('957', 'INSERT INTO supp_allocations (\n		amt, date_alloc,\n		trans_type_from, trans_no_from, trans_no_to, trans_type_to)\n		VALUES (&#039;3729&#039;, &#039;2015-06-26&#039;, &#039;21&#039;, &#039;3&#039;, &#039;214&#039;, &#039;20&#039;)', '1', 'A supplier allocation could not be added to the database'),
('958', 'COMMIT', '1', 'could not commit a transaction'),
('959', 'BEGIN', '1', 'could not start a transaction'),
('960', 'INSERT INTO supp_trans (trans_no, type, supplier_id, tran_date, due_date,\n		reference, supp_reference, ov_amount, ov_gst, rate, ov_discount, tax_included, fixed_access, cheque,reason ) VALUES (&#039;4&#039;, &#039;21&#039;, &#039;31&#039;, &#039;2015-06-26&#039;, &#039;2015-06-26&#039;,\n		&#039;VS1305-4&#039;, &#039;194&#039;, &#039;-7581.5&#039;, &#039;0&#039;, &#039;1&#039;, &#039;0&#039;, &#039;0&#039;, &#039;0&#039;,&#039;&#039; ,&#039;CONTRA PAYMENT&#039;)', '1', 'Cannot insert a supplier transaction record'),
('961', 'INSERT INTO audit_trail (type, trans_no, user, fiscal_year, gl_date, description, gl_seq)\n    			VALUES(&#039;21&#039;, &#039;4&#039;,1,2,&#039;2015-06-26&#039;,&#039;&#039;, 0)', '1', 'Cannot add audit info'),
('962', 'UPDATE audit_trail SET gl_seq = NULL WHERE type=&#039;21&#039; AND trans_no=&#039;4&#039; AND id!=1028', '1', 'Cannot update audit gl_seq'),
('963', 'INSERT INTO gl_trans ( type, type_no, tran_date,\n	account, dimension_id, dimension2_id, memo_, amount, gst, person_type_id, person_id) VALUES (&#039;21&#039;, &#039;4&#039;, &#039;2015-06-26&#039;,\n	&#039;2100&#039;, &#039;0&#039;, &#039;0&#039;, &#039;&#039;, &#039;7581.5&#039;, &#039;&#039;, &#039;3&#039;, &#039;31&#039;) ', '1', 'The general ledger transaction for the control total could not be added'),
('964', 'INSERT INTO gl_trans ( type, type_no, tran_date,\n	account, dimension_id, dimension2_id, memo_, amount, gst, person_type_id, person_id) VALUES (&#039;21&#039;, &#039;4&#039;, &#039;2015-06-26&#039;,\n	&#039;2130&#039;, &#039;0&#039;, &#039;0&#039;, &#039;CONTRA PAYMENT WITH 26-6-15&#039;, &#039;-7581.5&#039;, &#039;&#039;, &#039;3&#039;, &#039;31&#039;) ', '1', 'The supplier GL transaction could not be inserted'),
('965', 'INSERT INTO supp_invoice_items (supp_trans_type, supp_trans_no, stock_id, description, gl_code, unit_price, unit_tax, quantity,\n	  	grn_item_id, po_detail_item_id, memo_,tax_type_id) VALUES (&#039;21&#039;, &#039;4&#039;, &#039;&#039;, &#039;&#039;, &#039;2130&#039;, &#039;-7581.5&#039;, &#039;0&#039;, &#039;0&#039;,\n		&#039;0&#039;, &#039;0&#039;, &#039;CONTRA PAYMENT WITH 26-6-15&#039;,&#039;20&#039;)', '1', 'Cannot insert a supplier transaction detail record'),
('966', 'INSERT INTO trans_tax_details\n	(trans_type, trans_no, tran_date, tax_type_id, rate, ex_rate,\n	included_in_price, net_amount, amount, memo)\n	VALUES (&#039;21&#039;,&#039;4&#039;,&#039;2015-06-26&#039;,&#039;20&#039;,&#039;0&#039;,&#039;1&#039;,0,&#039;-7581.5&#039;,&#039;0&#039;,&#039;194&#039;)', '1', 'Cannot save trans tax details'),
('967', 'INSERT INTO gl_trans ( type, type_no, tran_date,\n	account, dimension_id, dimension2_id, memo_, amount, gst, person_type_id, person_id) VALUES (&#039;21&#039;, &#039;4&#039;, &#039;2015-06-26&#039;,\n	&#039;1300&#039;, &#039;0&#039;, &#039;0&#039;, &#039;&#039;, &#039;0&#039;, &#039;&#039;, &#039;3&#039;, &#039;31&#039;) ', '1', 'A general ledger transaction for the tax amount could not be added'),
('968', 'INSERT INTO comments (type, id, date_, memo_)\n    		VALUES (&#039;21&#039;, &#039;4&#039;, &#039;2015-06-26&#039;, &#039;CONTRA PAYMENT WITH 26-6-15&#039;)', '1', 'could not add comments transaction entry'),
('969', 'REPLACE refs SET reference=&#039;VS1305-4&#039;, type=&#039;21&#039;, id=&#039;4&#039;', '1', 'could not update reference entry'),
('970', 'INSERT INTO supp_allocations (\n		amt, date_alloc,\n		trans_type_from, trans_no_from, trans_no_to, trans_type_to)\n		VALUES (&#039;7581.5&#039;, &#039;2015-06-26&#039;, &#039;21&#039;, &#039;4&#039;, &#039;194&#039;, &#039;20&#039;)', '1', 'A supplier allocation could not be added to the database'),
('971', 'COMMIT', '1', 'could not commit a transaction'),
('972', 'BEGIN', '1', 'could not start a transaction'),
('973', 'INSERT INTO supp_trans (trans_no, type, supplier_id, tran_date, due_date,\n		reference, supp_reference, ov_amount, ov_gst, rate, ov_discount, tax_included, fixed_access, cheque,reason ) VALUES (&#039;5&#039;, &#039;21&#039;, &#039;31&#039;, &#039;2015-07-13&#039;, &#039;2015-07-13&#039;,\n		&#039;VJ14283&#039;, &#039;192&#039;, &#039;-6180.95&#039;, &#039;0&#039;, &#039;1&#039;, &#039;0&#039;, &#039;0&#039;, &#039;0&#039;,&#039;&#039; ,&#039;CONTRA PAYMENT &#039;)', '1', 'Cannot insert a supplier transaction record'),
('974', 'INSERT INTO audit_trail (type, trans_no, user, fiscal_year, gl_date, description, gl_seq)\n    			VALUES(&#039;21&#039;, &#039;5&#039;,1,2,&#039;2015-07-13&#039;,&#039;&#039;, 0)', '1', 'Cannot add audit info'),
('975', 'UPDATE audit_trail SET gl_seq = NULL WHERE type=&#039;21&#039; AND trans_no=&#039;5&#039; AND id!=1029', '1', 'Cannot update audit gl_seq'),
('976', 'INSERT INTO gl_trans ( type, type_no, tran_date,\n	account, dimension_id, dimension2_id, memo_, amount, gst, person_type_id, person_id) VALUES (&#039;21&#039;, &#039;5&#039;, &#039;2015-07-13&#039;,\n	&#039;2100&#039;, &#039;0&#039;, &#039;0&#039;, &#039;&#039;, &#039;6180.95&#039;, &#039;&#039;, &#039;3&#039;, &#039;31&#039;) ', '1', 'The general ledger transaction for the control total could not be added'),
('977', 'INSERT INTO gl_trans ( type, type_no, tran_date,\n	account, dimension_id, dimension2_id, memo_, amount, gst, person_type_id, person_id) VALUES (&#039;21&#039;, &#039;5&#039;, &#039;2015-07-13&#039;,\n	&#039;2130&#039;, &#039;0&#039;, &#039;0&#039;, &#039;CONTRA PAYMENT WITH 13-7-15&#039;, &#039;-6180.95&#039;, &#039;&#039;, &#039;3&#039;, &#039;31&#039;) ', '1', 'The supplier GL transaction could not be inserted'),
('978', 'INSERT INTO supp_invoice_items (supp_trans_type, supp_trans_no, stock_id, description, gl_code, unit_price, unit_tax, quantity,\n	  	grn_item_id, po_detail_item_id, memo_,tax_type_id) VALUES (&#039;21&#039;, &#039;5&#039;, &#039;&#039;, &#039;&#039;, &#039;2130&#039;, &#039;-6180.95&#039;, &#039;0&#039;, &#039;0&#039;,\n		&#039;0&#039;, &#039;0&#039;, &#039;CONTRA PAYMENT WITH 13-7-15&#039;,&#039;20&#039;)', '1', 'Cannot insert a supplier transaction detail record'),
('979', 'INSERT INTO trans_tax_details\n	(trans_type, trans_no, tran_date, tax_type_id, rate, ex_rate,\n	included_in_price, net_amount, amount, memo)\n	VALUES (&#039;21&#039;,&#039;5&#039;,&#039;2015-07-13&#039;,&#039;20&#039;,&#039;0&#039;,&#039;1&#039;,0,&#039;-6180.95&#039;,&#039;0&#039;,&#039;192&#039;)', '1', 'Cannot save trans tax details'),
('980', 'INSERT INTO gl_trans ( type, type_no, tran_date,\n	account, dimension_id, dimension2_id, memo_, amount, gst, person_type_id, person_id) VALUES (&#039;21&#039;, &#039;5&#039;, &#039;2015-07-13&#039;,\n	&#039;1300&#039;, &#039;0&#039;, &#039;0&#039;, &#039;&#039;, &#039;0&#039;, &#039;&#039;, &#039;3&#039;, &#039;31&#039;) ', '1', 'A general ledger transaction for the tax amount could not be added'),
('981', 'INSERT INTO comments (type, id, date_, memo_)\n    		VALUES (&#039;21&#039;, &#039;5&#039;, &#039;2015-07-13&#039;, &#039;CONTRA PAYMENT WITH 13-7-15&#039;)', '1', 'could not add comments transaction entry'),
('982', 'REPLACE refs SET reference=&#039;VJ14283&#039;, type=&#039;21&#039;, id=&#039;5&#039;', '1', 'could not update reference entry'),
('983', 'INSERT INTO supp_allocations (\n		amt, date_alloc,\n		trans_type_from, trans_no_from, trans_no_to, trans_type_to)\n		VALUES (&#039;6180.95&#039;, &#039;2015-07-13&#039;, &#039;21&#039;, &#039;5&#039;, &#039;192&#039;, &#039;20&#039;)', '1', 'A supplier allocation could not be added to the database'),
('984', 'COMMIT', '1', 'could not commit a transaction'),
('985', 'BEGIN', '1', 'could not start a transaction'),
('986', 'INSERT INTO supp_trans (trans_no, type, supplier_id, tran_date, due_date,\n		reference, supp_reference, ov_amount, ov_gst, rate, ov_discount, tax_included, fixed_access, cheque,reason ) VALUES (&#039;6&#039;, &#039;21&#039;, &#039;31&#039;, &#039;2015-07-13&#039;, &#039;2015-07-13&#039;,\n		&#039;VJ14283-1&#039;, &#039;195&#039;, &#039;-11643.2&#039;, &#039;0&#039;, &#039;1&#039;, &#039;0&#039;, &#039;0&#039;, &#039;0&#039;,&#039;&#039; ,&#039;CONTRA PAYMENT &#039;)', '1', 'Cannot insert a supplier transaction record'),
('987', 'INSERT INTO audit_trail (type, trans_no, user, fiscal_year, gl_date, description, gl_seq)\n    			VALUES(&#039;21&#039;, &#039;6&#039;,1,2,&#039;2015-07-13&#039;,&#039;&#039;, 0)', '1', 'Cannot add audit info'),
('988', 'UPDATE audit_trail SET gl_seq = NULL WHERE type=&#039;21&#039; AND trans_no=&#039;6&#039; AND id!=1030', '1', 'Cannot update audit gl_seq'),
('989', 'INSERT INTO gl_trans ( type, type_no, tran_date,\n	account, dimension_id, dimension2_id, memo_, amount, gst, person_type_id, person_id) VALUES (&#039;21&#039;, &#039;6&#039;, &#039;2015-07-13&#039;,\n	&#039;2100&#039;, &#039;0&#039;, &#039;0&#039;, &#039;&#039;, &#039;11643.2&#039;, &#039;&#039;, &#039;3&#039;, &#039;31&#039;) ', '1', 'The general ledger transaction for the control total could not be added'),
('990', 'INSERT INTO gl_trans ( type, type_no, tran_date,\n	account, dimension_id, dimension2_id, memo_, amount, gst, person_type_id, person_id) VALUES (&#039;21&#039;, &#039;6&#039;, &#039;2015-07-13&#039;,\n	&#039;2130&#039;, &#039;0&#039;, &#039;0&#039;, &#039;CONTRA PAYMENT WITH 13-7-15&#039;, &#039;-11643.2&#039;, &#039;&#039;, &#039;3&#039;, &#039;31&#039;) ', '1', 'The supplier GL transaction could not be inserted'),
('991', 'INSERT INTO supp_invoice_items (supp_trans_type, supp_trans_no, stock_id, description, gl_code, unit_price, unit_tax, quantity,\n	  	grn_item_id, po_detail_item_id, memo_,tax_type_id) VALUES (&#039;21&#039;, &#039;6&#039;, &#039;&#039;, &#039;&#039;, &#039;2130&#039;, &#039;-11643.2&#039;, &#039;0&#039;, &#039;0&#039;,\n		&#039;0&#039;, &#039;0&#039;, &#039;CONTRA PAYMENT WITH 13-7-15&#039;,&#039;20&#039;)', '1', 'Cannot insert a supplier transaction detail record'),
('992', 'INSERT INTO trans_tax_details\n	(trans_type, trans_no, tran_date, tax_type_id, rate, ex_rate,\n	included_in_price, net_amount, amount, memo)\n	VALUES (&#039;21&#039;,&#039;6&#039;,&#039;2015-07-13&#039;,&#039;20&#039;,&#039;0&#039;,&#039;1&#039;,0,&#039;-11643.2&#039;,&#039;0&#039;,&#039;195&#039;)', '1', 'Cannot save trans tax details'),
('993', 'INSERT INTO gl_trans ( type, type_no, tran_date,\n	account, dimension_id, dimension2_id, memo_, amount, gst, person_type_id, person_id) VALUES (&#039;21&#039;, &#039;6&#039;, &#039;2015-07-13&#039;,\n	&#039;1300&#039;, &#039;0&#039;, &#039;0&#039;, &#039;&#039;, &#039;0&#039;, &#039;&#039;, &#039;3&#039;, &#039;31&#039;) ', '1', 'A general ledger transaction for the tax amount could not be added'),
('994', 'INSERT INTO comments (type, id, date_, memo_)\n    		VALUES (&#039;21&#039;, &#039;6&#039;, &#039;2015-07-13&#039;, &#039;CONTRA PAYMENT WITH 13-7-15&#039;)', '1', 'could not add comments transaction entry'),
('995', 'REPLACE refs SET reference=&#039;VJ14283-1&#039;, type=&#039;21&#039;, id=&#039;6&#039;', '1', 'could not update reference entry'),
('996', 'INSERT INTO supp_allocations (\n		amt, date_alloc,\n		trans_type_from, trans_no_from, trans_no_to, trans_type_to)\n		VALUES (&#039;11643.199999999999&#039;, &#039;2015-07-13&#039;, &#039;21&#039;, &#039;6&#039;, &#039;195&#039;, &#039;20&#039;)', '1', 'A supplier allocation could not be added to the database'),
('997', 'COMMIT', '1', 'could not commit a transaction'),
('998', 'BEGIN', '1', 'could not start a transaction'),
('999', 'INSERT INTO supp_trans (trans_no, type, supplier_id, tran_date, due_date,\n		reference, supp_reference, ov_amount, ov_gst, rate, ov_discount, tax_included, fixed_access, cheque,reason ) VALUES (&#039;7&#039;, &#039;21&#039;, &#039;31&#039;, &#039;2015-07-13&#039;, &#039;2015-07-13&#039;,\n		&#039;VJ14283-2&#039;, &#039;197&#039;, &#039;-1154.34&#039;, &#039;0&#039;, &#039;1&#039;, &#039;0&#039;, &#039;0&#039;, &#039;0&#039;,&#039;&#039; ,&#039;CONTRA PAYMENT &#039;)', '1', 'Cannot insert a supplier transaction record'),
('1000', 'INSERT INTO audit_trail (type, trans_no, user, fiscal_year, gl_date, description, gl_seq)\n    			VALUES(&#039;21&#039;, &#039;7&#039;,1,2,&#039;2015-07-13&#039;,&#039;&#039;, 0)', '1', 'Cannot add audit info'),
('1001', 'UPDATE audit_trail SET gl_seq = NULL WHERE type=&#039;21&#039; AND trans_no=&#039;7&#039; AND id!=1031', '1', 'Cannot update audit gl_seq'),
('1002', 'INSERT INTO gl_trans ( type, type_no, tran_date,\n	account, dimension_id, dimension2_id, memo_, amount, gst, person_type_id, person_id) VALUES (&#039;21&#039;, &#039;7&#039;, &#039;2015-07-13&#039;,\n	&#039;2100&#039;, &#039;0&#039;, &#039;0&#039;, &#039;&#039;, &#039;1154.34&#039;, &#039;&#039;, &#039;3&#039;, &#039;31&#039;) ', '1', 'The general ledger transaction for the control total could not be added'),
('1003', 'INSERT INTO gl_trans ( type, type_no, tran_date,\n	account, dimension_id, dimension2_id, memo_, amount, gst, person_type_id, person_id) VALUES (&#039;21&#039;, &#039;7&#039;, &#039;2015-07-13&#039;,\n	&#039;2130&#039;, &#039;0&#039;, &#039;0&#039;, &#039;CONTRA PAYMENT WITH 13-7-15&#039;, &#039;-1154.34&#039;, &#039;&#039;, &#039;3&#039;, &#039;31&#039;) ', '1', 'The supplier GL transaction could not be inserted'),
('1004', 'INSERT INTO supp_invoice_items (supp_trans_type, supp_trans_no, stock_id, description, gl_code, unit_price, unit_tax, quantity,\n	  	grn_item_id, po_detail_item_id, memo_,tax_type_id) VALUES (&#039;21&#039;, &#039;7&#039;, &#039;&#039;, &#039;&#039;, &#039;2130&#039;, &#039;-1154.34&#039;, &#039;0&#039;, &#039;0&#039;,\n		&#039;0&#039;, &#039;0&#039;, &#039;CONTRA PAYMENT WITH 13-7-15&#039;,&#039;20&#039;)', '1', 'Cannot insert a supplier transaction detail record'),
('1005', 'INSERT INTO trans_tax_details\n	(trans_type, trans_no, tran_date, tax_type_id, rate, ex_rate,\n	included_in_price, net_amount, amount, memo)\n	VALUES (&#039;21&#039;,&#039;7&#039;,&#039;2015-07-13&#039;,&#039;20&#039;,&#039;0&#039;,&#039;1&#039;,0,&#039;-1154.34&#039;,&#039;0&#039;,&#039;197&#039;)', '1', 'Cannot save trans tax details'),
('1006', 'INSERT INTO gl_trans ( type, type_no, tran_date,\n	account, dimension_id, dimension2_id, memo_, amount, gst, person_type_id, person_id) VALUES (&#039;21&#039;, &#039;7&#039;, &#039;2015-07-13&#039;,\n	&#039;1300&#039;, &#039;0&#039;, &#039;0&#039;, &#039;&#039;, &#039;0&#039;, &#039;&#039;, &#039;3&#039;, &#039;31&#039;) ', '1', 'A general ledger transaction for the tax amount could not be added'),
('1007', 'INSERT INTO comments (type, id, date_, memo_)\n    		VALUES (&#039;21&#039;, &#039;7&#039;, &#039;2015-07-13&#039;, &#039;CONTRA PAYMENT WITH 13-7-15&#039;)', '1', 'could not add comments transaction entry'),
('1008', 'REPLACE refs SET reference=&#039;VJ14283-2&#039;, type=&#039;21&#039;, id=&#039;7&#039;', '1', 'could not update reference entry'),
('1009', 'INSERT INTO supp_allocations (\n		amt, date_alloc,\n		trans_type_from, trans_no_from, trans_no_to, trans_type_to)\n		VALUES (&#039;1154.34&#039;, &#039;2015-07-13&#039;, &#039;21&#039;, &#039;7&#039;, &#039;197&#039;, &#039;20&#039;)', '1', 'A supplier allocation could not be added to the database'),
('1010', 'COMMIT', '1', 'could not commit a transaction'),
('1011', 'BEGIN', '1', 'could not start a transaction'),
('1012', 'INSERT INTO supp_trans (trans_no, type, supplier_id, tran_date, due_date,\n		reference, supp_reference, ov_amount, ov_gst, rate, ov_discount, tax_included, fixed_access, cheque,reason ) VALUES (&#039;8&#039;, &#039;21&#039;, &#039;31&#039;, &#039;2015-07-13&#039;, &#039;2005-07-13&#039;,\n		&#039;VJ14283-4&#039;, &#039;218&#039;, &#039;-2798.4&#039;, &#039;0&#039;, &#039;1&#039;, &#039;0&#039;, &#039;0&#039;, &#039;0&#039;,&#039;&#039; ,&#039;CONTRA PAYMENT &#039;)', '1', 'Cannot insert a supplier transaction record'),
('1013', 'INSERT INTO audit_trail (type, trans_no, user, fiscal_year, gl_date, description, gl_seq)\n    			VALUES(&#039;21&#039;, &#039;8&#039;,1,2,&#039;2015-07-13&#039;,&#039;&#039;, 0)', '1', 'Cannot add audit info'),
('1014', 'UPDATE audit_trail SET gl_seq = NULL WHERE type=&#039;21&#039; AND trans_no=&#039;8&#039; AND id!=1032', '1', 'Cannot update audit gl_seq'),
('1015', 'INSERT INTO gl_trans ( type, type_no, tran_date,\n	account, dimension_id, dimension2_id, memo_, amount, gst, person_type_id, person_id) VALUES (&#039;21&#039;, &#039;8&#039;, &#039;2015-07-13&#039;,\n	&#039;2100&#039;, &#039;0&#039;, &#039;0&#039;, &#039;&#039;, &#039;2798.4&#039;, &#039;&#039;, &#039;3&#039;, &#039;31&#039;) ', '1', 'The general ledger transaction for the control total could not be added'),
('1016', 'INSERT INTO gl_trans ( type, type_no, tran_date,\n	account, dimension_id, dimension2_id, memo_, amount, gst, person_type_id, person_id) VALUES (&#039;21&#039;, &#039;8&#039;, &#039;2015-07-13&#039;,\n	&#039;2130&#039;, &#039;0&#039;, &#039;0&#039;, &#039;CONTRA PAYMENT WITH 13-7-15&#039;, &#039;-2798.4&#039;, &#039;&#039;, &#039;3&#039;, &#039;31&#039;) ', '1', 'The supplier GL transaction could not be inserted'),
('1017', 'INSERT INTO supp_invoice_items (supp_trans_type, supp_trans_no, stock_id, description, gl_code, unit_price, unit_tax, quantity,\n	  	grn_item_id, po_detail_item_id, memo_,tax_type_id) VALUES (&#039;21&#039;, &#039;8&#039;, &#039;&#039;, &#039;&#039;, &#039;2130&#039;, &#039;-2798.4&#039;, &#039;0&#039;, &#039;0&#039;,\n		&#039;0&#039;, &#039;0&#039;, &#039;CONTRA PAYMENT WITH 13-7-15&#039;,&#039;20&#039;)', '1', 'Cannot insert a supplier transaction detail record'),
('1018', 'INSERT INTO trans_tax_details\n	(trans_type, trans_no, tran_date, tax_type_id, rate, ex_rate,\n	included_in_price, net_amount, amount, memo)\n	VALUES (&#039;21&#039;,&#039;8&#039;,&#039;2015-07-13&#039;,&#039;20&#039;,&#039;0&#039;,&#039;1&#039;,0,&#039;-2798.4&#039;,&#039;0&#039;,&#039;218&#039;)', '1', 'Cannot save trans tax details'),
('1019', 'INSERT INTO gl_trans ( type, type_no, tran_date,\n	account, dimension_id, dimension2_id, memo_, amount, gst, person_type_id, person_id) VALUES (&#039;21&#039;, &#039;8&#039;, &#039;2015-07-13&#039;,\n	&#039;1300&#039;, &#039;0&#039;, &#039;0&#039;, &#039;&#039;, &#039;0&#039;, &#039;&#039;, &#039;3&#039;, &#039;31&#039;) ', '1', 'A general ledger transaction for the tax amount could not be added'),
('1020', 'INSERT INTO comments (type, id, date_, memo_)\n    		VALUES (&#039;21&#039;, &#039;8&#039;, &#039;2015-07-13&#039;, &#039;CONTRA PAYMENT WITH 13-7-15&#039;)', '1', 'could not add comments transaction entry'),
('1021', 'REPLACE refs SET reference=&#039;VJ14283-4&#039;, type=&#039;21&#039;, id=&#039;8&#039;', '1', 'could not update reference entry'),
('1022', 'INSERT INTO supp_allocations (\n		amt, date_alloc,\n		trans_type_from, trans_no_from, trans_no_to, trans_type_to)\n		VALUES (&#039;2798.4&#039;, &#039;2015-07-13&#039;, &#039;21&#039;, &#039;8&#039;, &#039;218&#039;, &#039;20&#039;)', '1', 'A supplier allocation could not be added to the database'),
('1023', 'COMMIT', '1', 'could not commit a transaction'),
('1024', 'BEGIN', '1', 'could not start a transaction'),
('1025', 'INSERT INTO supp_trans (trans_no, type, supplier_id, tran_date, due_date,\n		reference, supp_reference, ov_amount, ov_gst, rate, ov_discount, tax_included, fixed_access, cheque,reason ) VALUES (&#039;9&#039;, &#039;21&#039;, &#039;31&#039;, &#039;2015-07-13&#039;, &#039;2015-07-13&#039;,\n		&#039;VJ14283-5&#039;, &#039;219&#039;, &#039;-12853.98&#039;, &#039;0&#039;, &#039;1&#039;, &#039;0&#039;, &#039;0&#039;, &#039;0&#039;,&#039;&#039; ,&#039;CONTRA PAYMENT WITH 13-7-15&#039;)', '1', 'Cannot insert a supplier transaction record'),
('1026', 'INSERT INTO audit_trail (type, trans_no, user, fiscal_year, gl_date, description, gl_seq)\n    			VALUES(&#039;21&#039;, &#039;9&#039;,1,2,&#039;2015-07-13&#039;,&#039;&#039;, 0)', '1', 'Cannot add audit info'),
('1027', 'UPDATE audit_trail SET gl_seq = NULL WHERE type=&#039;21&#039; AND trans_no=&#039;9&#039; AND id!=1033', '1', 'Cannot update audit gl_seq'),
('1028', 'INSERT INTO gl_trans ( type, type_no, tran_date,\n	account, dimension_id, dimension2_id, memo_, amount, gst, person_type_id, person_id) VALUES (&#039;21&#039;, &#039;9&#039;, &#039;2015-07-13&#039;,\n	&#039;2100&#039;, &#039;0&#039;, &#039;0&#039;, &#039;&#039;, &#039;12853.98&#039;, &#039;&#039;, &#039;3&#039;, &#039;31&#039;) ', '1', 'The general ledger transaction for the control total could not be added'),
('1029', 'INSERT INTO gl_trans ( type, type_no, tran_date,\n	account, dimension_id, dimension2_id, memo_, amount, gst, person_type_id, person_id) VALUES (&#039;21&#039;, &#039;9&#039;, &#039;2015-07-13&#039;,\n	&#039;2130&#039;, &#039;0&#039;, &#039;0&#039;, &#039;CONTRA PAYMENT WITH 13-7-15&#039;, &#039;-12853.98&#039;, &#039;&#039;, &#039;3&#039;, &#039;31&#039;) ', '1', 'The supplier GL transaction could not be inserted'),
('1030', 'INSERT INTO supp_invoice_items (supp_trans_type, supp_trans_no, stock_id, description, gl_code, unit_price, unit_tax, quantity,\n	  	grn_item_id, po_detail_item_id, memo_,tax_type_id) VALUES (&#039;21&#039;, &#039;9&#039;, &#039;&#039;, &#039;&#039;, &#039;2130&#039;, &#039;-12853.98&#039;, &#039;0&#039;, &#039;0&#039;,\n		&#039;0&#039;, &#039;0&#039;, &#039;CONTRA PAYMENT WITH 13-7-15&#039;,&#039;20&#039;)', '1', 'Cannot insert a supplier transaction detail record'),
('1031', 'INSERT INTO trans_tax_details\n	(trans_type, trans_no, tran_date, tax_type_id, rate, ex_rate,\n	included_in_price, net_amount, amount, memo)\n	VALUES (&#039;21&#039;,&#039;9&#039;,&#039;2015-07-13&#039;,&#039;20&#039;,&#039;0&#039;,&#039;1&#039;,0,&#039;-12853.98&#039;,&#039;0&#039;,&#039;219&#039;)', '1', 'Cannot save trans tax details'),
('1032', 'INSERT INTO gl_trans ( type, type_no, tran_date,\n	account, dimension_id, dimension2_id, memo_, amount, gst, person_type_id, person_id) VALUES (&#039;21&#039;, &#039;9&#039;, &#039;2015-07-13&#039;,\n	&#039;1300&#039;, &#039;0&#039;, &#039;0&#039;, &#039;&#039;, &#039;0&#039;, &#039;&#039;, &#039;3&#039;, &#039;31&#039;) ', '1', 'A general ledger transaction for the tax amount could not be added'),
('1033', 'INSERT INTO comments (type, id, date_, memo_)\n    		VALUES (&#039;21&#039;, &#039;9&#039;, &#039;2015-07-13&#039;, &#039;CONTRA PAYMENT WITH 13-7-15&#039;)', '1', 'could not add comments transaction entry'),
('1034', 'REPLACE refs SET reference=&#039;VJ14283-5&#039;, type=&#039;21&#039;, id=&#039;9&#039;', '1', 'could not update reference entry'),
('1035', 'INSERT INTO supp_allocations (\n		amt, date_alloc,\n		trans_type_from, trans_no_from, trans_no_to, trans_type_to)\n		VALUES (&#039;12853.98&#039;, &#039;2015-07-13&#039;, &#039;21&#039;, &#039;9&#039;, &#039;219&#039;, &#039;20&#039;)', '1', 'A supplier allocation could not be added to the database'),
('1036', 'COMMIT', '1', 'could not commit a transaction'),
('1037', 'BEGIN', '1', 'could not start a transaction'),
('1038', 'INSERT INTO supp_trans (trans_no, type, supplier_id, tran_date, due_date,\n		reference, supp_reference, ov_amount, ov_gst, rate, ov_discount, tax_included, fixed_access, cheque,reason ) VALUES (&#039;10&#039;, &#039;21&#039;, &#039;31&#039;, &#039;2015-07-13&#039;, &#039;2015-07-13&#039;,\n		&#039;VJ14283-6&#039;, &#039;221&#039;, &#039;-3413.2&#039;, &#039;0&#039;, &#039;1&#039;, &#039;0&#039;, &#039;0&#039;, &#039;0&#039;,&#039;&#039; ,&#039;CONTRA PAYMENT&#039;)', '1', 'Cannot insert a supplier transaction record'),
('1039', 'INSERT INTO audit_trail (type, trans_no, user, fiscal_year, gl_date, description, gl_seq)\n    			VALUES(&#039;21&#039;, &#039;10&#039;,1,2,&#039;2015-07-13&#039;,&#039;&#039;, 0)', '1', 'Cannot add audit info'),
('1040', 'UPDATE audit_trail SET gl_seq = NULL WHERE type=&#039;21&#039; AND trans_no=&#039;10&#039; AND id!=1034', '1', 'Cannot update audit gl_seq'),
('1041', 'INSERT INTO gl_trans ( type, type_no, tran_date,\n	account, dimension_id, dimension2_id, memo_, amount, gst, person_type_id, person_id) VALUES (&#039;21&#039;, &#039;10&#039;, &#039;2015-07-13&#039;,\n	&#039;2100&#039;, &#039;0&#039;, &#039;0&#039;, &#039;&#039;, &#039;3413.2&#039;, &#039;&#039;, &#039;3&#039;, &#039;31&#039;) ', '1', 'The general ledger transaction for the control total could not be added'),
('1042', 'INSERT INTO gl_trans ( type, type_no, tran_date,\n	account, dimension_id, dimension2_id, memo_, amount, gst, person_type_id, person_id) VALUES (&#039;21&#039;, &#039;10&#039;, &#039;2015-07-13&#039;,\n	&#039;2130&#039;, &#039;0&#039;, &#039;0&#039;, &#039;CONTRA PAYMENT WITH 13-7-15&#039;, &#039;-3413.2&#039;, &#039;&#039;, &#039;3&#039;, &#039;31&#039;) ', '1', 'The supplier GL transaction could not be inserted'),
('1043', 'INSERT INTO supp_invoice_items (supp_trans_type, supp_trans_no, stock_id, description, gl_code, unit_price, unit_tax, quantity,\n	  	grn_item_id, po_detail_item_id, memo_,tax_type_id) VALUES (&#039;21&#039;, &#039;10&#039;, &#039;&#039;, &#039;&#039;, &#039;2130&#039;, &#039;-3413.2&#039;, &#039;0&#039;, &#039;0&#039;,\n		&#039;0&#039;, &#039;0&#039;, &#039;CONTRA PAYMENT WITH 13-7-15&#039;,&#039;20&#039;)', '1', 'Cannot insert a supplier transaction detail record'),
('1044', 'INSERT INTO trans_tax_details\n	(trans_type, trans_no, tran_date, tax_type_id, rate, ex_rate,\n	included_in_price, net_amount, amount, memo)\n	VALUES (&#039;21&#039;,&#039;10&#039;,&#039;2015-07-13&#039;,&#039;20&#039;,&#039;0&#039;,&#039;1&#039;,0,&#039;-3413.2&#039;,&#039;0&#039;,&#039;221&#039;)', '1', 'Cannot save trans tax details'),
('1045', 'INSERT INTO gl_trans ( type, type_no, tran_date,\n	account, dimension_id, dimension2_id, memo_, amount, gst, person_type_id, person_id) VALUES (&#039;21&#039;, &#039;10&#039;, &#039;2015-07-13&#039;,\n	&#039;1300&#039;, &#039;0&#039;, &#039;0&#039;, &#039;&#039;, &#039;0&#039;, &#039;&#039;, &#039;3&#039;, &#039;31&#039;) ', '1', 'A general ledger transaction for the tax amount could not be added'),
('1046', 'INSERT INTO comments (type, id, date_, memo_)\n    		VALUES (&#039;21&#039;, &#039;10&#039;, &#039;2015-07-13&#039;, &#039;CONTRA PAYMENT WITH 13-7-15&#039;)', '1', 'could not add comments transaction entry'),
('1047', 'REPLACE refs SET reference=&#039;VJ14283-6&#039;, type=&#039;21&#039;, id=&#039;10&#039;', '1', 'could not update reference entry'),
('1048', 'INSERT INTO supp_allocations (\n		amt, date_alloc,\n		trans_type_from, trans_no_from, trans_no_to, trans_type_to)\n		VALUES (&#039;3413.2&#039;, &#039;2015-07-13&#039;, &#039;21&#039;, &#039;10&#039;, &#039;221&#039;, &#039;20&#039;)', '1', 'A supplier allocation could not be added to the database'),
('1049', 'COMMIT', '1', 'could not commit a transaction'),
('1050', 'UPDATE users SET last_visit_date=&#039;2015-09-27 13:55:16&#039;\n		WHERE user_id=&#039;lonengineering&#039;', '1', 'could not update last visit date for user lonengineering'),
('1051', 'BEGIN', '1', 'could not start a transaction'),
('1052', 'INSERT INTO gl_trans ( type, type_no, tran_date,\n	account, dimension_id, dimension2_id, memo_, amount, gst, person_type_id, person_id) VALUES (&#039;1&#039;, &#039;96&#039;, &#039;2015-06-03&#039;,\n	&#039;2210&#039;, &#039;0&#039;, &#039;0&#039;, &#039;YONG WEN KWONG-SALARY FOR JUN 2015&#039;, &#039;3600&#039;, &#039;20&#039;, &#039;0&#039;, &#039;&#039;) ', '1', 'The GL transaction could not be inserted'),
('1053', 'INSERT INTO gl_trans ( type, type_no, tran_date,\n	account, dimension_id, dimension2_id, memo_, amount, gst, person_type_id, person_id) VALUES (&#039;1&#039;, &#039;96&#039;, &#039;2015-06-03&#039;,\n	&#039;1300&#039;, &#039;0&#039;, &#039;0&#039;, &#039;&#039;, &#039;0&#039;, &#039;&#039;, &#039;0&#039;, &#039;&#039;) ', '1', 'The GL transaction could not be inserted'),
('1054', 'INSERT INTO bank_trans (type, trans_no, bank_act, ref,\n		trans_date, amount, person_type_id, person_id, tax_inclusive, cheque) VALUES (1, 96, &#039;1&#039;, &#039;CIMB 000082&#039;, &#039;2015-06-03&#039;,\n		&#039;-3600&#039;, &#039;0&#039;, &#039;&#039;, &#039;0&#039;, &#039;CIMB 000082&#039; )', '1', 'Cannot insert a source bank transaction'),
('1055', 'INSERT INTO gl_trans ( type, type_no, tran_date,\n	account, dimension_id, dimension2_id, memo_, amount, gst, person_type_id, person_id) VALUES (&#039;1&#039;, &#039;96&#039;, &#039;2015-06-03&#039;,\n	&#039;1064&#039;, &#039;0&#039;, &#039;0&#039;, &#039;YONG WEN KWONG-SALARY FOR JUN 2015&#039;, &#039;-3600&#039;, &#039;0&#039;, &#039;0&#039;, &#039;&#039;) ', '1', 'The GL transaction could not be inserted'),
('1056', 'INSERT INTO comments (type, id, date_, memo_)\n    		VALUES (&#039;1&#039;, &#039;96&#039;, &#039;2015-06-03&#039;, &#039;YONG WEN KWONG-SALARY FOR JUN 2015&#039;)', '1', 'could not add comments transaction entry');
INSERT INTO `sql_trail` VALUES
('1057', 'REPLACE refs SET reference=&#039;CIMB 000082&#039;, type=&#039;1&#039;, id=&#039;96&#039;', '1', 'could not update reference entry'),
('1058', 'INSERT INTO audit_trail (type, trans_no, user, fiscal_year, gl_date, description, gl_seq)\n    			VALUES(&#039;1&#039;, &#039;96&#039;,1,2,&#039;2015-06-03&#039;,&#039;&#039;, 0)', '1', 'Cannot add audit info'),
('1059', 'UPDATE audit_trail SET gl_seq = NULL WHERE type=&#039;1&#039; AND trans_no=&#039;96&#039; AND id!=1035', '1', 'Cannot update audit gl_seq'),
('1060', 'UPDATE bank_trans SET amount=0\n		WHERE type=&#039;1&#039; AND trans_no=&#039;76&#039;', '1', 'could not void bank transactions for type=1 and trans_no=76'),
('1061', 'UPDATE gl_trans SET amount=0 WHERE type=&#039;1&#039; AND type_no=&#039;76&#039;', '1', 'could not void gl transactions for type=1 and trans_no=76'),
('1062', 'DELETE FROM cust_allocations\n		WHERE (trans_type_from=&#039;1&#039; AND trans_no_from=&#039;76&#039;)\n		OR (trans_type_to=&#039;1&#039; AND trans_no_to=&#039;76&#039;)', '1', 'could not void debtor transactions for type=1 and trans_no=76'),
('1063', 'UPDATE debtor_trans SET ov_amount=0, ov_discount=0, ov_gst=0, ov_freight=0,\n		ov_freight_tax=0, alloc=0, version=version+1 WHERE type=&#039;1&#039; AND trans_no=&#039;76&#039;', '1', 'could not void debtor transactions for type=1 and trans_no=76'),
('1064', 'DELETE FROM supp_allocations\n		WHERE (trans_type_from=&#039;1&#039; AND trans_no_from=&#039;76&#039;)\n		OR (trans_type_to=&#039;1&#039; AND trans_no_to=&#039;76&#039;)', '1', 'could not void supp transactions for type=1 and trans_no=76'),
('1065', 'UPDATE supp_trans SET ov_amount=0, ov_discount=0, ov_gst=0,\n		alloc=0 WHERE type=&#039;1&#039; AND trans_no=&#039;76&#039;', '1', 'could not void supp transactions for type=1 and trans_no=76'),
('1066', 'UPDATE trans_tax_details SET amount=0, net_amount=0\n	WHERE trans_no=&#039;76&#039; AND trans_type=&#039;1&#039;', '1', 'The transaction tax details could not be voided'),
('1067', 'INSERT INTO voided (type, id, date_, memo_)\n		VALUES (&#039;1&#039;, &#039;76&#039;, &#039;2015-09-27&#039;, &#039;Document reentered.&#039;)', '1', 'could not add voided transaction entry'),
('1068', 'COMMIT', '1', 'could not commit a transaction'),
('1069', 'BEGIN', '1', 'could not start a transaction'),
('1070', 'INSERT INTO gl_trans ( type, type_no, tran_date,\n	account, dimension_id, dimension2_id, memo_, amount, gst, person_type_id, person_id) VALUES (&#039;1&#039;, &#039;97&#039;, &#039;2015-06-03&#039;,\n	&#039;2210&#039;, &#039;0&#039;, &#039;0&#039;, &#039;YONG CHOY YEN-SALARY JUN 2015&#039;, &#039;4000&#039;, &#039;20&#039;, &#039;0&#039;, &#039;YONG CHOY YEN&#039;) ', '1', 'The GL transaction could not be inserted'),
('1071', 'INSERT INTO gl_trans ( type, type_no, tran_date,\n	account, dimension_id, dimension2_id, memo_, amount, gst, person_type_id, person_id) VALUES (&#039;1&#039;, &#039;97&#039;, &#039;2015-06-03&#039;,\n	&#039;1300&#039;, &#039;0&#039;, &#039;0&#039;, &#039;&#039;, &#039;0&#039;, &#039;&#039;, &#039;0&#039;, &#039;YONG CHOY YEN&#039;) ', '1', 'The GL transaction could not be inserted'),
('1072', 'INSERT INTO bank_trans (type, trans_no, bank_act, ref,\n		trans_date, amount, person_type_id, person_id, tax_inclusive, cheque) VALUES (1, 97, &#039;1&#039;, &#039;CIMB 000083&#039;, &#039;2015-06-03&#039;,\n		&#039;-4000&#039;, &#039;0&#039;, &#039;YONG CHOY YEN&#039;, &#039;0&#039;, &#039;CIMB 000083&#039; )', '1', 'Cannot insert a source bank transaction'),
('1073', 'INSERT INTO gl_trans ( type, type_no, tran_date,\n	account, dimension_id, dimension2_id, memo_, amount, gst, person_type_id, person_id) VALUES (&#039;1&#039;, &#039;97&#039;, &#039;2015-06-03&#039;,\n	&#039;1064&#039;, &#039;0&#039;, &#039;0&#039;, &#039;YONG CHOY YEN-SALARY JUN 2015&#039;, &#039;-4000&#039;, &#039;0&#039;, &#039;0&#039;, &#039;YONG CHOY YEN&#039;) ', '1', 'The GL transaction could not be inserted'),
('1074', 'INSERT INTO comments (type, id, date_, memo_)\n    		VALUES (&#039;1&#039;, &#039;97&#039;, &#039;2015-06-03&#039;, &#039;YONG CHOY YEN-SALARY JUN 2015&#039;)', '1', 'could not add comments transaction entry'),
('1075', 'REPLACE refs SET reference=&#039;CIMB 000083&#039;, type=&#039;1&#039;, id=&#039;97&#039;', '1', 'could not update reference entry'),
('1076', 'INSERT INTO audit_trail (type, trans_no, user, fiscal_year, gl_date, description, gl_seq)\n    			VALUES(&#039;1&#039;, &#039;97&#039;,1,2,&#039;2015-06-03&#039;,&#039;&#039;, 0)', '1', 'Cannot add audit info'),
('1077', 'UPDATE audit_trail SET gl_seq = NULL WHERE type=&#039;1&#039; AND trans_no=&#039;97&#039; AND id!=1036', '1', 'Cannot update audit gl_seq'),
('1078', 'UPDATE bank_trans SET amount=0\n		WHERE type=&#039;1&#039; AND trans_no=&#039;77&#039;', '1', 'could not void bank transactions for type=1 and trans_no=77'),
('1079', 'UPDATE gl_trans SET amount=0 WHERE type=&#039;1&#039; AND type_no=&#039;77&#039;', '1', 'could not void gl transactions for type=1 and trans_no=77'),
('1080', 'DELETE FROM cust_allocations\n		WHERE (trans_type_from=&#039;1&#039; AND trans_no_from=&#039;77&#039;)\n		OR (trans_type_to=&#039;1&#039; AND trans_no_to=&#039;77&#039;)', '1', 'could not void debtor transactions for type=1 and trans_no=77'),
('1081', 'UPDATE debtor_trans SET ov_amount=0, ov_discount=0, ov_gst=0, ov_freight=0,\n		ov_freight_tax=0, alloc=0, version=version+1 WHERE type=&#039;1&#039; AND trans_no=&#039;77&#039;', '1', 'could not void debtor transactions for type=1 and trans_no=77'),
('1082', 'DELETE FROM supp_allocations\n		WHERE (trans_type_from=&#039;1&#039; AND trans_no_from=&#039;77&#039;)\n		OR (trans_type_to=&#039;1&#039; AND trans_no_to=&#039;77&#039;)', '1', 'could not void supp transactions for type=1 and trans_no=77'),
('1083', 'UPDATE supp_trans SET ov_amount=0, ov_discount=0, ov_gst=0,\n		alloc=0 WHERE type=&#039;1&#039; AND trans_no=&#039;77&#039;', '1', 'could not void supp transactions for type=1 and trans_no=77'),
('1084', 'UPDATE trans_tax_details SET amount=0, net_amount=0\n	WHERE trans_no=&#039;77&#039; AND trans_type=&#039;1&#039;', '1', 'The transaction tax details could not be voided'),
('1085', 'INSERT INTO voided (type, id, date_, memo_)\n		VALUES (&#039;1&#039;, &#039;77&#039;, &#039;2015-09-27&#039;, &#039;Document reentered.&#039;)', '1', 'could not add voided transaction entry'),
('1086', 'COMMIT', '1', 'could not commit a transaction'),
('1087', 'UPDATE users SET last_visit_date=&#039;2015-09-27 14:23:01&#039;\n		WHERE user_id=&#039;lonengineering&#039;', '1', 'could not update last visit date for user lonengineering'),
('1088', 'BEGIN', '1', 'could not start a transaction'),
('1089', 'INSERT INTO gl_trans ( type, type_no, tran_date,\n	account, dimension_id, dimension2_id, memo_, amount, gst, person_type_id, person_id) VALUES (&#039;1&#039;, &#039;98&#039;, &#039;2015-06-03&#039;,\n	&#039;2210&#039;, &#039;0&#039;, &#039;0&#039;, &#039;KOK SEE LON-SALARY JUN 2015&#039;, &#039;8000&#039;, &#039;20&#039;, &#039;0&#039;, &#039;KOK SEE LON&#039;) ', '1', 'The GL transaction could not be inserted'),
('1090', 'INSERT INTO gl_trans ( type, type_no, tran_date,\n	account, dimension_id, dimension2_id, memo_, amount, gst, person_type_id, person_id) VALUES (&#039;1&#039;, &#039;98&#039;, &#039;2015-06-03&#039;,\n	&#039;1300&#039;, &#039;0&#039;, &#039;0&#039;, &#039;&#039;, &#039;0&#039;, &#039;&#039;, &#039;0&#039;, &#039;KOK SEE LON&#039;) ', '1', 'The GL transaction could not be inserted'),
('1091', 'INSERT INTO bank_trans (type, trans_no, bank_act, ref,\n		trans_date, amount, person_type_id, person_id, tax_inclusive, cheque) VALUES (1, 98, &#039;1&#039;, &#039;CIMB 000084&#039;, &#039;2015-06-03&#039;,\n		&#039;-8000&#039;, &#039;0&#039;, &#039;KOK SEE LON&#039;, &#039;0&#039;, &#039;CIMB 000084&#039; )', '1', 'Cannot insert a source bank transaction'),
('1092', 'INSERT INTO gl_trans ( type, type_no, tran_date,\n	account, dimension_id, dimension2_id, memo_, amount, gst, person_type_id, person_id) VALUES (&#039;1&#039;, &#039;98&#039;, &#039;2015-06-03&#039;,\n	&#039;1064&#039;, &#039;0&#039;, &#039;0&#039;, &#039;KOK SEE LON-SALARY JUN 2015&#039;, &#039;-8000&#039;, &#039;0&#039;, &#039;0&#039;, &#039;KOK SEE LON&#039;) ', '1', 'The GL transaction could not be inserted'),
('1093', 'INSERT INTO comments (type, id, date_, memo_)\n    		VALUES (&#039;1&#039;, &#039;98&#039;, &#039;2015-06-03&#039;, &#039;KOK SEE LON-SALARY JUN 2015&#039;)', '1', 'could not add comments transaction entry'),
('1094', 'REPLACE refs SET reference=&#039;CIMB 000084&#039;, type=&#039;1&#039;, id=&#039;98&#039;', '1', 'could not update reference entry'),
('1095', 'INSERT INTO audit_trail (type, trans_no, user, fiscal_year, gl_date, description, gl_seq)\n    			VALUES(&#039;1&#039;, &#039;98&#039;,1,2,&#039;2015-06-03&#039;,&#039;&#039;, 0)', '1', 'Cannot add audit info'),
('1096', 'UPDATE audit_trail SET gl_seq = NULL WHERE type=&#039;1&#039; AND trans_no=&#039;98&#039; AND id!=1037', '1', 'Cannot update audit gl_seq'),
('1097', 'UPDATE bank_trans SET amount=0\n		WHERE type=&#039;1&#039; AND trans_no=&#039;78&#039;', '1', 'could not void bank transactions for type=1 and trans_no=78'),
('1098', 'UPDATE gl_trans SET amount=0 WHERE type=&#039;1&#039; AND type_no=&#039;78&#039;', '1', 'could not void gl transactions for type=1 and trans_no=78'),
('1099', 'DELETE FROM cust_allocations\n		WHERE (trans_type_from=&#039;1&#039; AND trans_no_from=&#039;78&#039;)\n		OR (trans_type_to=&#039;1&#039; AND trans_no_to=&#039;78&#039;)', '1', 'could not void debtor transactions for type=1 and trans_no=78'),
('1100', 'UPDATE debtor_trans SET ov_amount=0, ov_discount=0, ov_gst=0, ov_freight=0,\n		ov_freight_tax=0, alloc=0, version=version+1 WHERE type=&#039;1&#039; AND trans_no=&#039;78&#039;', '1', 'could not void debtor transactions for type=1 and trans_no=78'),
('1101', 'DELETE FROM supp_allocations\n		WHERE (trans_type_from=&#039;1&#039; AND trans_no_from=&#039;78&#039;)\n		OR (trans_type_to=&#039;1&#039; AND trans_no_to=&#039;78&#039;)', '1', 'could not void supp transactions for type=1 and trans_no=78'),
('1102', 'UPDATE supp_trans SET ov_amount=0, ov_discount=0, ov_gst=0,\n		alloc=0 WHERE type=&#039;1&#039; AND trans_no=&#039;78&#039;', '1', 'could not void supp transactions for type=1 and trans_no=78'),
('1103', 'UPDATE trans_tax_details SET amount=0, net_amount=0\n	WHERE trans_no=&#039;78&#039; AND trans_type=&#039;1&#039;', '1', 'The transaction tax details could not be voided'),
('1104', 'INSERT INTO voided (type, id, date_, memo_)\n		VALUES (&#039;1&#039;, &#039;78&#039;, &#039;2015-09-27&#039;, &#039;Document reentered.&#039;)', '1', 'could not add voided transaction entry'),
('1105', 'COMMIT', '1', 'could not commit a transaction'),
('1106', 'BEGIN', '1', 'could not start a transaction'),
('1107', 'INSERT INTO gl_trans ( type, type_no, tran_date,\n	account, dimension_id, dimension2_id, memo_, amount, gst, person_type_id, person_id) VALUES (&#039;1&#039;, &#039;99&#039;, &#039;2015-06-16&#039;,\n	&#039;2680&#039;, &#039;0&#039;, &#039;0&#039;, &#039;TEMASEK AUTO SDN BHD-PAYMENT FOR CAR SERVICE MAINTANANCE&#039;, &#039;2008&#039;, &#039;20&#039;, &#039;0&#039;, &#039;TEMASEK AUTO SDN BHD&#039;) ', '1', 'The GL transaction could not be inserted'),
('1108', 'INSERT INTO gl_trans ( type, type_no, tran_date,\n	account, dimension_id, dimension2_id, memo_, amount, gst, person_type_id, person_id) VALUES (&#039;1&#039;, &#039;99&#039;, &#039;2015-06-16&#039;,\n	&#039;1300&#039;, &#039;0&#039;, &#039;0&#039;, &#039;&#039;, &#039;0&#039;, &#039;&#039;, &#039;0&#039;, &#039;TEMASEK AUTO SDN BHD&#039;) ', '1', 'The GL transaction could not be inserted'),
('1109', 'INSERT INTO bank_trans (type, trans_no, bank_act, ref,\n		trans_date, amount, person_type_id, person_id, tax_inclusive, cheque) VALUES (1, 99, &#039;1&#039;, &#039;CIMB 000089&#039;, &#039;2015-06-16&#039;,\n		&#039;-2008&#039;, &#039;0&#039;, &#039;TEMASEK AUTO SDN BHD&#039;, &#039;0&#039;, &#039;CIMB 000089&#039; )', '1', 'Cannot insert a source bank transaction'),
('1110', 'INSERT INTO gl_trans ( type, type_no, tran_date,\n	account, dimension_id, dimension2_id, memo_, amount, gst, person_type_id, person_id) VALUES (&#039;1&#039;, &#039;99&#039;, &#039;2015-06-16&#039;,\n	&#039;1064&#039;, &#039;0&#039;, &#039;0&#039;, &#039;TEMASEK AUTO SDN BHD-PAYMENT FOR CAR SERVICE MAINTANANCE&#039;, &#039;-2008&#039;, &#039;0&#039;, &#039;0&#039;, &#039;TEMASEK AUTO SDN BHD&#039;) ', '1', 'The GL transaction could not be inserted'),
('1111', 'INSERT INTO comments (type, id, date_, memo_)\n    		VALUES (&#039;1&#039;, &#039;99&#039;, &#039;2015-06-16&#039;, &#039;TEMASEK AUTO SDN BHD-PAYMENT FOR CAR SERVICE MAINTANANCE&#039;)', '1', 'could not add comments transaction entry'),
('1112', 'REPLACE refs SET reference=&#039;CIMB 000089&#039;, type=&#039;1&#039;, id=&#039;99&#039;', '1', 'could not update reference entry'),
('1113', 'INSERT INTO audit_trail (type, trans_no, user, fiscal_year, gl_date, description, gl_seq)\n    			VALUES(&#039;1&#039;, &#039;99&#039;,1,2,&#039;2015-06-16&#039;,&#039;&#039;, 0)', '1', 'Cannot add audit info'),
('1114', 'UPDATE audit_trail SET gl_seq = NULL WHERE type=&#039;1&#039; AND trans_no=&#039;99&#039; AND id!=1038', '1', 'Cannot update audit gl_seq'),
('1115', 'UPDATE bank_trans SET amount=0\n		WHERE type=&#039;1&#039; AND trans_no=&#039;80&#039;', '1', 'could not void bank transactions for type=1 and trans_no=80'),
('1116', 'UPDATE gl_trans SET amount=0 WHERE type=&#039;1&#039; AND type_no=&#039;80&#039;', '1', 'could not void gl transactions for type=1 and trans_no=80'),
('1117', 'DELETE FROM cust_allocations\n		WHERE (trans_type_from=&#039;1&#039; AND trans_no_from=&#039;80&#039;)\n		OR (trans_type_to=&#039;1&#039; AND trans_no_to=&#039;80&#039;)', '1', 'could not void debtor transactions for type=1 and trans_no=80'),
('1118', 'UPDATE debtor_trans SET ov_amount=0, ov_discount=0, ov_gst=0, ov_freight=0,\n		ov_freight_tax=0, alloc=0, version=version+1 WHERE type=&#039;1&#039; AND trans_no=&#039;80&#039;', '1', 'could not void debtor transactions for type=1 and trans_no=80'),
('1119', 'DELETE FROM supp_allocations\n		WHERE (trans_type_from=&#039;1&#039; AND trans_no_from=&#039;80&#039;)\n		OR (trans_type_to=&#039;1&#039; AND trans_no_to=&#039;80&#039;)', '1', 'could not void supp transactions for type=1 and trans_no=80'),
('1120', 'UPDATE supp_trans SET ov_amount=0, ov_discount=0, ov_gst=0,\n		alloc=0 WHERE type=&#039;1&#039; AND trans_no=&#039;80&#039;', '1', 'could not void supp transactions for type=1 and trans_no=80'),
('1121', 'UPDATE trans_tax_details SET amount=0, net_amount=0\n	WHERE trans_no=&#039;80&#039; AND trans_type=&#039;1&#039;', '1', 'The transaction tax details could not be voided'),
('1122', 'INSERT INTO voided (type, id, date_, memo_)\n		VALUES (&#039;1&#039;, &#039;80&#039;, &#039;2015-09-27&#039;, &#039;Document reentered.&#039;)', '1', 'could not add voided transaction entry'),
('1123', 'COMMIT', '1', 'could not commit a transaction'),
('1124', 'BEGIN', '1', 'could not start a transaction'),
('1125', 'INSERT INTO gl_trans ( type, type_no, tran_date,\n	account, dimension_id, dimension2_id, memo_, amount, gst, person_type_id, person_id) VALUES (&#039;1&#039;, &#039;100&#039;, &#039;2015-07-02&#039;,\n	&#039;2210&#039;, &#039;0&#039;, &#039;0&#039;, &#039;KOK SEE LON-SALARY JUL 2015&#039;, &#039;8000&#039;, &#039;20&#039;, &#039;0&#039;, &#039;KOK SEE LON&#039;) ', '1', 'The GL transaction could not be inserted'),
('1126', 'INSERT INTO gl_trans ( type, type_no, tran_date,\n	account, dimension_id, dimension2_id, memo_, amount, gst, person_type_id, person_id) VALUES (&#039;1&#039;, &#039;100&#039;, &#039;2015-07-02&#039;,\n	&#039;1300&#039;, &#039;0&#039;, &#039;0&#039;, &#039;&#039;, &#039;0&#039;, &#039;&#039;, &#039;0&#039;, &#039;KOK SEE LON&#039;) ', '1', 'The GL transaction could not be inserted'),
('1127', 'INSERT INTO bank_trans (type, trans_no, bank_act, ref,\n		trans_date, amount, person_type_id, person_id, tax_inclusive, cheque) VALUES (1, 100, &#039;1&#039;, &#039;CIMB 000092&#039;, &#039;2015-07-02&#039;,\n		&#039;-8000&#039;, &#039;0&#039;, &#039;KOK SEE LON&#039;, &#039;0&#039;, &#039;CIMB 000092&#039; )', '1', 'Cannot insert a source bank transaction'),
('1128', 'INSERT INTO gl_trans ( type, type_no, tran_date,\n	account, dimension_id, dimension2_id, memo_, amount, gst, person_type_id, person_id) VALUES (&#039;1&#039;, &#039;100&#039;, &#039;2015-07-02&#039;,\n	&#039;1064&#039;, &#039;0&#039;, &#039;0&#039;, &#039;KOK SEE LON-SALARY JUL 2015&#039;, &#039;-8000&#039;, &#039;0&#039;, &#039;0&#039;, &#039;KOK SEE LON&#039;) ', '1', 'The GL transaction could not be inserted'),
('1129', 'INSERT INTO comments (type, id, date_, memo_)\n    		VALUES (&#039;1&#039;, &#039;100&#039;, &#039;2015-07-02&#039;, &#039;KOK SEE LON-SALARY JUL 2015&#039;)', '1', 'could not add comments transaction entry'),
('1130', 'REPLACE refs SET reference=&#039;CIMB 000092&#039;, type=&#039;1&#039;, id=&#039;100&#039;', '1', 'could not update reference entry'),
('1131', 'INSERT INTO audit_trail (type, trans_no, user, fiscal_year, gl_date, description, gl_seq)\n    			VALUES(&#039;1&#039;, &#039;100&#039;,1,2,&#039;2015-07-02&#039;,&#039;&#039;, 0)', '1', 'Cannot add audit info'),
('1132', 'UPDATE audit_trail SET gl_seq = NULL WHERE type=&#039;1&#039; AND trans_no=&#039;100&#039; AND id!=1039', '1', 'Cannot update audit gl_seq'),
('1133', 'UPDATE bank_trans SET amount=0\n		WHERE type=&#039;1&#039; AND trans_no=&#039;81&#039;', '1', 'could not void bank transactions for type=1 and trans_no=81'),
('1134', 'UPDATE gl_trans SET amount=0 WHERE type=&#039;1&#039; AND type_no=&#039;81&#039;', '1', 'could not void gl transactions for type=1 and trans_no=81'),
('1135', 'DELETE FROM cust_allocations\n		WHERE (trans_type_from=&#039;1&#039; AND trans_no_from=&#039;81&#039;)\n		OR (trans_type_to=&#039;1&#039; AND trans_no_to=&#039;81&#039;)', '1', 'could not void debtor transactions for type=1 and trans_no=81'),
('1136', 'UPDATE debtor_trans SET ov_amount=0, ov_discount=0, ov_gst=0, ov_freight=0,\n		ov_freight_tax=0, alloc=0, version=version+1 WHERE type=&#039;1&#039; AND trans_no=&#039;81&#039;', '1', 'could not void debtor transactions for type=1 and trans_no=81'),
('1137', 'DELETE FROM supp_allocations\n		WHERE (trans_type_from=&#039;1&#039; AND trans_no_from=&#039;81&#039;)\n		OR (trans_type_to=&#039;1&#039; AND trans_no_to=&#039;81&#039;)', '1', 'could not void supp transactions for type=1 and trans_no=81'),
('1138', 'UPDATE supp_trans SET ov_amount=0, ov_discount=0, ov_gst=0,\n		alloc=0 WHERE type=&#039;1&#039; AND trans_no=&#039;81&#039;', '1', 'could not void supp transactions for type=1 and trans_no=81'),
('1139', 'UPDATE trans_tax_details SET amount=0, net_amount=0\n	WHERE trans_no=&#039;81&#039; AND trans_type=&#039;1&#039;', '1', 'The transaction tax details could not be voided'),
('1140', 'INSERT INTO voided (type, id, date_, memo_)\n		VALUES (&#039;1&#039;, &#039;81&#039;, &#039;2015-09-27&#039;, &#039;Document reentered.&#039;)', '1', 'could not add voided transaction entry'),
('1141', 'COMMIT', '1', 'could not commit a transaction'),
('1142', 'BEGIN', '1', 'could not start a transaction'),
('1143', 'INSERT INTO gl_trans ( type, type_no, tran_date,\n	account, dimension_id, dimension2_id, memo_, amount, gst, person_type_id, person_id) VALUES (&#039;1&#039;, &#039;101&#039;, &#039;2015-07-02&#039;,\n	&#039;2210&#039;, &#039;0&#039;, &#039;0&#039;, &#039;YONG WEN KWONG-SALARY JUL 2015&#039;, &#039;3600&#039;, &#039;20&#039;, &#039;0&#039;, &#039;YONG WEN KWONG&#039;) ', '1', 'The GL transaction could not be inserted'),
('1144', 'INSERT INTO gl_trans ( type, type_no, tran_date,\n	account, dimension_id, dimension2_id, memo_, amount, gst, person_type_id, person_id) VALUES (&#039;1&#039;, &#039;101&#039;, &#039;2015-07-02&#039;,\n	&#039;1300&#039;, &#039;0&#039;, &#039;0&#039;, &#039;&#039;, &#039;0&#039;, &#039;&#039;, &#039;0&#039;, &#039;YONG WEN KWONG&#039;) ', '1', 'The GL transaction could not be inserted'),
('1145', 'INSERT INTO bank_trans (type, trans_no, bank_act, ref,\n		trans_date, amount, person_type_id, person_id, tax_inclusive, cheque) VALUES (1, 101, &#039;1&#039;, &#039;CIMB 000095&#039;, &#039;2015-07-02&#039;,\n		&#039;-3600&#039;, &#039;0&#039;, &#039;YONG WEN KWONG&#039;, &#039;0&#039;, &#039;CIMB 000095&#039; )', '1', 'Cannot insert a source bank transaction'),
('1146', 'INSERT INTO gl_trans ( type, type_no, tran_date,\n	account, dimension_id, dimension2_id, memo_, amount, gst, person_type_id, person_id) VALUES (&#039;1&#039;, &#039;101&#039;, &#039;2015-07-02&#039;,\n	&#039;1064&#039;, &#039;0&#039;, &#039;0&#039;, &#039;YONG WEN KWONG-SALARY JUL 2015&#039;, &#039;-3600&#039;, &#039;0&#039;, &#039;0&#039;, &#039;YONG WEN KWONG&#039;) ', '1', 'The GL transaction could not be inserted'),
('1147', 'INSERT INTO comments (type, id, date_, memo_)\n    		VALUES (&#039;1&#039;, &#039;101&#039;, &#039;2015-07-02&#039;, &#039;YONG WEN KWONG-SALARY JUL 2015&#039;)', '1', 'could not add comments transaction entry'),
('1148', 'REPLACE refs SET reference=&#039;CIMB 000095&#039;, type=&#039;1&#039;, id=&#039;101&#039;', '1', 'could not update reference entry'),
('1149', 'INSERT INTO audit_trail (type, trans_no, user, fiscal_year, gl_date, description, gl_seq)\n    			VALUES(&#039;1&#039;, &#039;101&#039;,1,2,&#039;2015-07-02&#039;,&#039;&#039;, 0)', '1', 'Cannot add audit info'),
('1150', 'UPDATE audit_trail SET gl_seq = NULL WHERE type=&#039;1&#039; AND trans_no=&#039;101&#039; AND id!=1040', '1', 'Cannot update audit gl_seq'),
('1151', 'UPDATE bank_trans SET amount=0\n		WHERE type=&#039;1&#039; AND trans_no=&#039;83&#039;', '1', 'could not void bank transactions for type=1 and trans_no=83'),
('1152', 'UPDATE gl_trans SET amount=0 WHERE type=&#039;1&#039; AND type_no=&#039;83&#039;', '1', 'could not void gl transactions for type=1 and trans_no=83'),
('1153', 'DELETE FROM cust_allocations\n		WHERE (trans_type_from=&#039;1&#039; AND trans_no_from=&#039;83&#039;)\n		OR (trans_type_to=&#039;1&#039; AND trans_no_to=&#039;83&#039;)', '1', 'could not void debtor transactions for type=1 and trans_no=83'),
('1154', 'UPDATE debtor_trans SET ov_amount=0, ov_discount=0, ov_gst=0, ov_freight=0,\n		ov_freight_tax=0, alloc=0, version=version+1 WHERE type=&#039;1&#039; AND trans_no=&#039;83&#039;', '1', 'could not void debtor transactions for type=1 and trans_no=83'),
('1155', 'DELETE FROM supp_allocations\n		WHERE (trans_type_from=&#039;1&#039; AND trans_no_from=&#039;83&#039;)\n		OR (trans_type_to=&#039;1&#039; AND trans_no_to=&#039;83&#039;)', '1', 'could not void supp transactions for type=1 and trans_no=83'),
('1156', 'UPDATE supp_trans SET ov_amount=0, ov_discount=0, ov_gst=0,\n		alloc=0 WHERE type=&#039;1&#039; AND trans_no=&#039;83&#039;', '1', 'could not void supp transactions for type=1 and trans_no=83'),
('1157', 'UPDATE trans_tax_details SET amount=0, net_amount=0\n	WHERE trans_no=&#039;83&#039; AND trans_type=&#039;1&#039;', '1', 'The transaction tax details could not be voided'),
('1158', 'INSERT INTO voided (type, id, date_, memo_)\n		VALUES (&#039;1&#039;, &#039;83&#039;, &#039;2015-09-27&#039;, &#039;Document reentered.&#039;)', '1', 'could not add voided transaction entry'),
('1159', 'COMMIT', '1', 'could not commit a transaction'),
('1160', 'BEGIN', '1', 'could not start a transaction'),
('1161', 'INSERT INTO gl_trans ( type, type_no, tran_date,\n	account, dimension_id, dimension2_id, memo_, amount, gst, person_type_id, person_id) VALUES (&#039;1&#039;, &#039;102&#039;, &#039;2015-07-02&#039;,\n	&#039;2210&#039;, &#039;0&#039;, &#039;0&#039;, &#039;YONG CHOY YEN-SALARY JUL 2015&#039;, &#039;4000&#039;, &#039;20&#039;, &#039;0&#039;, &#039;YONG CHOY YEN&#039;) ', '1', 'The GL transaction could not be inserted'),
('1162', 'INSERT INTO gl_trans ( type, type_no, tran_date,\n	account, dimension_id, dimension2_id, memo_, amount, gst, person_type_id, person_id) VALUES (&#039;1&#039;, &#039;102&#039;, &#039;2015-07-02&#039;,\n	&#039;1300&#039;, &#039;0&#039;, &#039;0&#039;, &#039;&#039;, &#039;0&#039;, &#039;&#039;, &#039;0&#039;, &#039;YONG CHOY YEN&#039;) ', '1', 'The GL transaction could not be inserted'),
('1163', 'INSERT INTO bank_trans (type, trans_no, bank_act, ref,\n		trans_date, amount, person_type_id, person_id, tax_inclusive, cheque) VALUES (1, 102, &#039;1&#039;, &#039;CIMB 000093&#039;, &#039;2015-07-02&#039;,\n		&#039;-4000&#039;, &#039;0&#039;, &#039;YONG CHOY YEN&#039;, &#039;0&#039;, &#039;CIMB 000093&#039; )', '1', 'Cannot insert a source bank transaction'),
('1164', 'INSERT INTO gl_trans ( type, type_no, tran_date,\n	account, dimension_id, dimension2_id, memo_, amount, gst, person_type_id, person_id) VALUES (&#039;1&#039;, &#039;102&#039;, &#039;2015-07-02&#039;,\n	&#039;1064&#039;, &#039;0&#039;, &#039;0&#039;, &#039;YONG CHOY YEN-SALARY JUL 2015&#039;, &#039;-4000&#039;, &#039;0&#039;, &#039;0&#039;, &#039;YONG CHOY YEN&#039;) ', '1', 'The GL transaction could not be inserted'),
('1165', 'INSERT INTO comments (type, id, date_, memo_)\n    		VALUES (&#039;1&#039;, &#039;102&#039;, &#039;2015-07-02&#039;, &#039;YONG CHOY YEN-SALARY JUL 2015&#039;)', '1', 'could not add comments transaction entry'),
('1166', 'REPLACE refs SET reference=&#039;CIMB 000093&#039;, type=&#039;1&#039;, id=&#039;102&#039;', '1', 'could not update reference entry'),
('1167', 'INSERT INTO audit_trail (type, trans_no, user, fiscal_year, gl_date, description, gl_seq)\n    			VALUES(&#039;1&#039;, &#039;102&#039;,1,2,&#039;2015-07-02&#039;,&#039;&#039;, 0)', '1', 'Cannot add audit info'),
('1168', 'UPDATE audit_trail SET gl_seq = NULL WHERE type=&#039;1&#039; AND trans_no=&#039;102&#039; AND id!=1041', '1', 'Cannot update audit gl_seq'),
('1169', 'UPDATE bank_trans SET amount=0\n		WHERE type=&#039;1&#039; AND trans_no=&#039;82&#039;', '1', 'could not void bank transactions for type=1 and trans_no=82'),
('1170', 'UPDATE gl_trans SET amount=0 WHERE type=&#039;1&#039; AND type_no=&#039;82&#039;', '1', 'could not void gl transactions for type=1 and trans_no=82'),
('1171', 'DELETE FROM cust_allocations\n		WHERE (trans_type_from=&#039;1&#039; AND trans_no_from=&#039;82&#039;)\n		OR (trans_type_to=&#039;1&#039; AND trans_no_to=&#039;82&#039;)', '1', 'could not void debtor transactions for type=1 and trans_no=82'),
('1172', 'UPDATE debtor_trans SET ov_amount=0, ov_discount=0, ov_gst=0, ov_freight=0,\n		ov_freight_tax=0, alloc=0, version=version+1 WHERE type=&#039;1&#039; AND trans_no=&#039;82&#039;', '1', 'could not void debtor transactions for type=1 and trans_no=82'),
('1173', 'DELETE FROM supp_allocations\n		WHERE (trans_type_from=&#039;1&#039; AND trans_no_from=&#039;82&#039;)\n		OR (trans_type_to=&#039;1&#039; AND trans_no_to=&#039;82&#039;)', '1', 'could not void supp transactions for type=1 and trans_no=82'),
('1174', 'UPDATE supp_trans SET ov_amount=0, ov_discount=0, ov_gst=0,\n		alloc=0 WHERE type=&#039;1&#039; AND trans_no=&#039;82&#039;', '1', 'could not void supp transactions for type=1 and trans_no=82'),
('1175', 'UPDATE trans_tax_details SET amount=0, net_amount=0\n	WHERE trans_no=&#039;82&#039; AND trans_type=&#039;1&#039;', '1', 'The transaction tax details could not be voided'),
('1176', 'INSERT INTO voided (type, id, date_, memo_)\n		VALUES (&#039;1&#039;, &#039;82&#039;, &#039;2015-09-27&#039;, &#039;Document reentered.&#039;)', '1', 'could not add voided transaction entry'),
('1177', 'COMMIT', '1', 'could not commit a transaction'),
('1178', 'BEGIN', '1', 'could not start a transaction'),
('1179', 'INSERT INTO gl_trans ( type, type_no, tran_date,\n	account, dimension_id, dimension2_id, memo_, amount, gst, person_type_id, person_id) VALUES (&#039;1&#039;, &#039;103&#039;, &#039;2015-07-30&#039;,\n	&#039;2110&#039;, &#039;0&#039;, &#039;0&#039;, &#039;LEMBAGA HASIL DALAM NEGERI-INCOME TAX FOR 2014&#039;, &#039;222&#039;, &#039;20&#039;, &#039;0&#039;, &#039;LEMBAGA HASIL DALAM NEGERI&#039;) ', '1', 'The GL transaction could not be inserted'),
('1180', 'INSERT INTO gl_trans ( type, type_no, tran_date,\n	account, dimension_id, dimension2_id, memo_, amount, gst, person_type_id, person_id) VALUES (&#039;1&#039;, &#039;103&#039;, &#039;2015-07-30&#039;,\n	&#039;1300&#039;, &#039;0&#039;, &#039;0&#039;, &#039;&#039;, &#039;0&#039;, &#039;&#039;, &#039;0&#039;, &#039;LEMBAGA HASIL DALAM NEGERI&#039;) ', '1', 'The GL transaction could not be inserted'),
('1181', 'INSERT INTO bank_trans (type, trans_no, bank_act, ref,\n		trans_date, amount, person_type_id, person_id, tax_inclusive, cheque) VALUES (1, 103, &#039;1&#039;, &#039;CIMB 000099&#039;, &#039;2015-07-30&#039;,\n		&#039;-222&#039;, &#039;0&#039;, &#039;LEMBAGA HASIL DALAM NEGERI&#039;, &#039;0&#039;, &#039;CIMB 000099&#039; )', '1', 'Cannot insert a source bank transaction'),
('1182', 'INSERT INTO gl_trans ( type, type_no, tran_date,\n	account, dimension_id, dimension2_id, memo_, amount, gst, person_type_id, person_id) VALUES (&#039;1&#039;, &#039;103&#039;, &#039;2015-07-30&#039;,\n	&#039;1064&#039;, &#039;0&#039;, &#039;0&#039;, &#039;LEMBAGA HASIL DALAM NEGERI-INCOME TAX FOR 2014&#039;, &#039;-222&#039;, &#039;0&#039;, &#039;0&#039;, &#039;LEMBAGA HASIL DALAM NEGERI&#039;) ', '1', 'The GL transaction could not be inserted'),
('1183', 'INSERT INTO comments (type, id, date_, memo_)\n    		VALUES (&#039;1&#039;, &#039;103&#039;, &#039;2015-07-30&#039;, &#039;LEMBAGA HASIL DALAM NEGERI-INCOME TAX FOR 2014&#039;)', '1', 'could not add comments transaction entry'),
('1184', 'REPLACE refs SET reference=&#039;CIMB 000099&#039;, type=&#039;1&#039;, id=&#039;103&#039;', '1', 'could not update reference entry'),
('1185', 'INSERT INTO audit_trail (type, trans_no, user, fiscal_year, gl_date, description, gl_seq)\n    			VALUES(&#039;1&#039;, &#039;103&#039;,1,2,&#039;2015-07-30&#039;,&#039;&#039;, 0)', '1', 'Cannot add audit info'),
('1186', 'UPDATE audit_trail SET gl_seq = NULL WHERE type=&#039;1&#039; AND trans_no=&#039;103&#039; AND id!=1042', '1', 'Cannot update audit gl_seq'),
('1187', 'UPDATE bank_trans SET amount=0\n		WHERE type=&#039;1&#039; AND trans_no=&#039;84&#039;', '1', 'could not void bank transactions for type=1 and trans_no=84'),
('1188', 'UPDATE gl_trans SET amount=0 WHERE type=&#039;1&#039; AND type_no=&#039;84&#039;', '1', 'could not void gl transactions for type=1 and trans_no=84'),
('1189', 'DELETE FROM cust_allocations\n		WHERE (trans_type_from=&#039;1&#039; AND trans_no_from=&#039;84&#039;)\n		OR (trans_type_to=&#039;1&#039; AND trans_no_to=&#039;84&#039;)', '1', 'could not void debtor transactions for type=1 and trans_no=84'),
('1190', 'UPDATE debtor_trans SET ov_amount=0, ov_discount=0, ov_gst=0, ov_freight=0,\n		ov_freight_tax=0, alloc=0, version=version+1 WHERE type=&#039;1&#039; AND trans_no=&#039;84&#039;', '1', 'could not void debtor transactions for type=1 and trans_no=84'),
('1191', 'DELETE FROM supp_allocations\n		WHERE (trans_type_from=&#039;1&#039; AND trans_no_from=&#039;84&#039;)\n		OR (trans_type_to=&#039;1&#039; AND trans_no_to=&#039;84&#039;)', '1', 'could not void supp transactions for type=1 and trans_no=84'),
('1192', 'UPDATE supp_trans SET ov_amount=0, ov_discount=0, ov_gst=0,\n		alloc=0 WHERE type=&#039;1&#039; AND trans_no=&#039;84&#039;', '1', 'could not void supp transactions for type=1 and trans_no=84'),
('1193', 'UPDATE trans_tax_details SET amount=0, net_amount=0\n	WHERE trans_no=&#039;84&#039; AND trans_type=&#039;1&#039;', '1', 'The transaction tax details could not be voided'),
('1194', 'INSERT INTO voided (type, id, date_, memo_)\n		VALUES (&#039;1&#039;, &#039;84&#039;, &#039;2015-09-27&#039;, &#039;Document reentered.&#039;)', '1', 'could not add voided transaction entry'),
('1195', 'COMMIT', '1', 'could not commit a transaction'),
('1196', 'set @bal:=0', '1', ''),
('1197', 'set @bal:=0', '1', ''),
('1198', 'set @bal:=0', '1', ''),
('1199', 'set @bal:=0', '1', ''),
('1200', 'set @bal:=0', '1', ''),
('1201', 'UPDATE users SET last_visit_date=&#039;2015-09-27 20:54:00&#039;\n		WHERE user_id=&#039;lonengineering&#039;', '1', 'could not update last visit date for user lonengineering'),
('1202', 'BEGIN', '1', 'could not start a transaction'),
('1203', 'INSERT INTO gl_trans ( type, type_no, tran_date,\n	account, dimension_id, dimension2_id, memo_, amount, gst, person_type_id, person_id) VALUES (&#039;1&#039;, &#039;104&#039;, &#039;2015-04-01&#039;,\n	&#039;2210&#039;, &#039;0&#039;, &#039;0&#039;, &#039;YONG WEN KWONG - SALARY APRIL&#039;, &#039;3600&#039;, &#039;20&#039;, &#039;0&#039;, &#039;YONG WEN KWONG&#039;) ', '1', 'The GL transaction could not be inserted'),
('1204', 'INSERT INTO gl_trans ( type, type_no, tran_date,\n	account, dimension_id, dimension2_id, memo_, amount, gst, person_type_id, person_id) VALUES (&#039;1&#039;, &#039;104&#039;, &#039;2015-04-01&#039;,\n	&#039;1300&#039;, &#039;0&#039;, &#039;0&#039;, &#039;&#039;, &#039;0&#039;, &#039;&#039;, &#039;0&#039;, &#039;YONG WEN KWONG&#039;) ', '1', 'The GL transaction could not be inserted'),
('1205', 'INSERT INTO bank_trans (type, trans_no, bank_act, ref,\n		trans_date, amount, person_type_id, person_id, tax_inclusive, cheque) VALUES (1, 104, &#039;1&#039;, &#039;CIMB 000063&#039;, &#039;2015-04-01&#039;,\n		&#039;-3600&#039;, &#039;0&#039;, &#039;YONG WEN KWONG&#039;, &#039;0&#039;, &#039;CIMB 000063&#039; )', '1', 'Cannot insert a source bank transaction'),
('1206', 'INSERT INTO gl_trans ( type, type_no, tran_date,\n	account, dimension_id, dimension2_id, memo_, amount, gst, person_type_id, person_id) VALUES (&#039;1&#039;, &#039;104&#039;, &#039;2015-04-01&#039;,\n	&#039;1064&#039;, &#039;0&#039;, &#039;0&#039;, &#039;YONG WEN KWONG - SALARY APRIL&#039;, &#039;-3600&#039;, &#039;0&#039;, &#039;0&#039;, &#039;YONG WEN KWONG&#039;) ', '1', 'The GL transaction could not be inserted'),
('1207', 'INSERT INTO comments (type, id, date_, memo_)\n    		VALUES (&#039;1&#039;, &#039;104&#039;, &#039;2015-04-01&#039;, &#039;YONG WEN KWONG - SALARY APRIL&#039;)', '1', 'could not add comments transaction entry'),
('1208', 'REPLACE refs SET reference=&#039;CIMB 000063&#039;, type=&#039;1&#039;, id=&#039;104&#039;', '1', 'could not update reference entry'),
('1209', 'INSERT INTO audit_trail (type, trans_no, user, fiscal_year, gl_date, description, gl_seq)\n    			VALUES(&#039;1&#039;, &#039;104&#039;,1,2,&#039;2015-04-01&#039;,&#039;&#039;, 0)', '1', 'Cannot add audit info'),
('1210', 'UPDATE audit_trail SET gl_seq = NULL WHERE type=&#039;1&#039; AND trans_no=&#039;104&#039; AND id!=1043', '1', 'Cannot update audit gl_seq'),
('1211', 'UPDATE bank_trans SET amount=0\n		WHERE type=&#039;1&#039; AND trans_no=&#039;28&#039;', '1', 'could not void bank transactions for type=1 and trans_no=28'),
('1212', 'UPDATE gl_trans SET amount=0 WHERE type=&#039;1&#039; AND type_no=&#039;28&#039;', '1', 'could not void gl transactions for type=1 and trans_no=28'),
('1213', 'DELETE FROM cust_allocations\n		WHERE (trans_type_from=&#039;1&#039; AND trans_no_from=&#039;28&#039;)\n		OR (trans_type_to=&#039;1&#039; AND trans_no_to=&#039;28&#039;)', '1', 'could not void debtor transactions for type=1 and trans_no=28'),
('1214', 'UPDATE debtor_trans SET ov_amount=0, ov_discount=0, ov_gst=0, ov_freight=0,\n		ov_freight_tax=0, alloc=0, version=version+1 WHERE type=&#039;1&#039; AND trans_no=&#039;28&#039;', '1', 'could not void debtor transactions for type=1 and trans_no=28'),
('1215', 'DELETE FROM supp_allocations\n		WHERE (trans_type_from=&#039;1&#039; AND trans_no_from=&#039;28&#039;)\n		OR (trans_type_to=&#039;1&#039; AND trans_no_to=&#039;28&#039;)', '1', 'could not void supp transactions for type=1 and trans_no=28'),
('1216', 'UPDATE supp_trans SET ov_amount=0, ov_discount=0, ov_gst=0,\n		alloc=0 WHERE type=&#039;1&#039; AND trans_no=&#039;28&#039;', '1', 'could not void supp transactions for type=1 and trans_no=28'),
('1217', 'UPDATE trans_tax_details SET amount=0, net_amount=0\n	WHERE trans_no=&#039;28&#039; AND trans_type=&#039;1&#039;', '1', 'The transaction tax details could not be voided'),
('1218', 'INSERT INTO voided (type, id, date_, memo_)\n		VALUES (&#039;1&#039;, &#039;28&#039;, &#039;2015-09-27&#039;, &#039;Document reentered.&#039;)', '1', 'could not add voided transaction entry'),
('1219', 'COMMIT', '1', 'could not commit a transaction'),
('1220', 'BEGIN', '1', 'could not start a transaction'),
('1221', 'INSERT INTO gl_trans ( type, type_no, tran_date,\n	account, dimension_id, dimension2_id, memo_, amount, gst, person_type_id, person_id) VALUES (&#039;1&#039;, &#039;105&#039;, &#039;2015-04-01&#039;,\n	&#039;2210&#039;, &#039;0&#039;, &#039;0&#039;, &#039;KOK SEE LON - SALARY APRIL 2015&#039;, &#039;8000&#039;, &#039;20&#039;, &#039;0&#039;, &#039;KOK SEE LON&#039;) ', '1', 'The GL transaction could not be inserted'),
('1222', 'INSERT INTO gl_trans ( type, type_no, tran_date,\n	account, dimension_id, dimension2_id, memo_, amount, gst, person_type_id, person_id) VALUES (&#039;1&#039;, &#039;105&#039;, &#039;2015-04-01&#039;,\n	&#039;1300&#039;, &#039;0&#039;, &#039;0&#039;, &#039;&#039;, &#039;0&#039;, &#039;&#039;, &#039;0&#039;, &#039;KOK SEE LON&#039;) ', '1', 'The GL transaction could not be inserted'),
('1223', 'INSERT INTO bank_trans (type, trans_no, bank_act, ref,\n		trans_date, amount, person_type_id, person_id, tax_inclusive, cheque) VALUES (1, 105, &#039;1&#039;, &#039;CIMB 000064&#039;, &#039;2015-04-01&#039;,\n		&#039;-8000&#039;, &#039;0&#039;, &#039;KOK SEE LON&#039;, &#039;0&#039;, &#039;CIMB 000064&#039; )', '1', 'Cannot insert a source bank transaction'),
('1224', 'INSERT INTO gl_trans ( type, type_no, tran_date,\n	account, dimension_id, dimension2_id, memo_, amount, gst, person_type_id, person_id) VALUES (&#039;1&#039;, &#039;105&#039;, &#039;2015-04-01&#039;,\n	&#039;1064&#039;, &#039;0&#039;, &#039;0&#039;, &#039;KOK SEE LON - SALARY APRIL 2015&#039;, &#039;-8000&#039;, &#039;0&#039;, &#039;0&#039;, &#039;KOK SEE LON&#039;) ', '1', 'The GL transaction could not be inserted'),
('1225', 'INSERT INTO comments (type, id, date_, memo_)\n    		VALUES (&#039;1&#039;, &#039;105&#039;, &#039;2015-04-01&#039;, &#039;KOK SEE LON - SALARY APRIL 2015&#039;)', '1', 'could not add comments transaction entry'),
('1226', 'REPLACE refs SET reference=&#039;CIMB 000064&#039;, type=&#039;1&#039;, id=&#039;105&#039;', '1', 'could not update reference entry'),
('1227', 'INSERT INTO audit_trail (type, trans_no, user, fiscal_year, gl_date, description, gl_seq)\n    			VALUES(&#039;1&#039;, &#039;105&#039;,1,2,&#039;2015-04-01&#039;,&#039;&#039;, 0)', '1', 'Cannot add audit info'),
('1228', 'UPDATE audit_trail SET gl_seq = NULL WHERE type=&#039;1&#039; AND trans_no=&#039;105&#039; AND id!=1044', '1', 'Cannot update audit gl_seq'),
('1229', 'UPDATE bank_trans SET amount=0\n		WHERE type=&#039;1&#039; AND trans_no=&#039;41&#039;', '1', 'could not void bank transactions for type=1 and trans_no=41'),
('1230', 'UPDATE gl_trans SET amount=0 WHERE type=&#039;1&#039; AND type_no=&#039;41&#039;', '1', 'could not void gl transactions for type=1 and trans_no=41'),
('1231', 'DELETE FROM cust_allocations\n		WHERE (trans_type_from=&#039;1&#039; AND trans_no_from=&#039;41&#039;)\n		OR (trans_type_to=&#039;1&#039; AND trans_no_to=&#039;41&#039;)', '1', 'could not void debtor transactions for type=1 and trans_no=41'),
('1232', 'UPDATE debtor_trans SET ov_amount=0, ov_discount=0, ov_gst=0, ov_freight=0,\n		ov_freight_tax=0, alloc=0, version=version+1 WHERE type=&#039;1&#039; AND trans_no=&#039;41&#039;', '1', 'could not void debtor transactions for type=1 and trans_no=41'),
('1233', 'DELETE FROM supp_allocations\n		WHERE (trans_type_from=&#039;1&#039; AND trans_no_from=&#039;41&#039;)\n		OR (trans_type_to=&#039;1&#039; AND trans_no_to=&#039;41&#039;)', '1', 'could not void supp transactions for type=1 and trans_no=41'),
('1234', 'UPDATE supp_trans SET ov_amount=0, ov_discount=0, ov_gst=0,\n		alloc=0 WHERE type=&#039;1&#039; AND trans_no=&#039;41&#039;', '1', 'could not void supp transactions for type=1 and trans_no=41'),
('1235', 'UPDATE trans_tax_details SET amount=0, net_amount=0\n	WHERE trans_no=&#039;41&#039; AND trans_type=&#039;1&#039;', '1', 'The transaction tax details could not be voided'),
('1236', 'INSERT INTO voided (type, id, date_, memo_)\n		VALUES (&#039;1&#039;, &#039;41&#039;, &#039;2015-09-27&#039;, &#039;Document reentered.&#039;)', '1', 'could not add voided transaction entry'),
('1237', 'COMMIT', '1', 'could not commit a transaction'),
('1238', 'BEGIN', '1', 'could not start a transaction'),
('1239', 'INSERT INTO gl_trans ( type, type_no, tran_date,\n	account, dimension_id, dimension2_id, memo_, amount, gst, person_type_id, person_id) VALUES (&#039;1&#039;, &#039;106&#039;, &#039;2015-04-01&#039;,\n	&#039;2210&#039;, &#039;0&#039;, &#039;0&#039;, &#039;YONG CHOY YEN - APRIL 2015&#039;, &#039;4000&#039;, &#039;20&#039;, &#039;0&#039;, &#039;YONG CHOY YEN&#039;) ', '1', 'The GL transaction could not be inserted'),
('1240', 'INSERT INTO gl_trans ( type, type_no, tran_date,\n	account, dimension_id, dimension2_id, memo_, amount, gst, person_type_id, person_id) VALUES (&#039;1&#039;, &#039;106&#039;, &#039;2015-04-01&#039;,\n	&#039;1300&#039;, &#039;0&#039;, &#039;0&#039;, &#039;&#039;, &#039;0&#039;, &#039;&#039;, &#039;0&#039;, &#039;YONG CHOY YEN&#039;) ', '1', 'The GL transaction could not be inserted'),
('1241', 'INSERT INTO bank_trans (type, trans_no, bank_act, ref,\n		trans_date, amount, person_type_id, person_id, tax_inclusive, cheque) VALUES (1, 106, &#039;1&#039;, &#039;CIMB 000062&#039;, &#039;2015-04-01&#039;,\n		&#039;-4000&#039;, &#039;0&#039;, &#039;YONG CHOY YEN&#039;, &#039;0&#039;, &#039;CIMB 000062&#039; )', '1', 'Cannot insert a source bank transaction'),
('1242', 'INSERT INTO gl_trans ( type, type_no, tran_date,\n	account, dimension_id, dimension2_id, memo_, amount, gst, person_type_id, person_id) VALUES (&#039;1&#039;, &#039;106&#039;, &#039;2015-04-01&#039;,\n	&#039;1064&#039;, &#039;0&#039;, &#039;0&#039;, &#039;YONG CHOY YEN - APRIL 2015&#039;, &#039;-4000&#039;, &#039;0&#039;, &#039;0&#039;, &#039;YONG CHOY YEN&#039;) ', '1', 'The GL transaction could not be inserted'),
('1243', 'INSERT INTO comments (type, id, date_, memo_)\n    		VALUES (&#039;1&#039;, &#039;106&#039;, &#039;2015-04-01&#039;, &#039;YONG CHOY YEN - APRIL 2015&#039;)', '1', 'could not add comments transaction entry'),
('1244', 'REPLACE refs SET reference=&#039;CIMB 000062&#039;, type=&#039;1&#039;, id=&#039;106&#039;', '1', 'could not update reference entry'),
('1245', 'INSERT INTO audit_trail (type, trans_no, user, fiscal_year, gl_date, description, gl_seq)\n    			VALUES(&#039;1&#039;, &#039;106&#039;,1,2,&#039;2015-04-01&#039;,&#039;&#039;, 0)', '1', 'Cannot add audit info'),
('1246', 'UPDATE audit_trail SET gl_seq = NULL WHERE type=&#039;1&#039; AND trans_no=&#039;106&#039; AND id!=1045', '1', 'Cannot update audit gl_seq'),
('1247', 'UPDATE bank_trans SET amount=0\n		WHERE type=&#039;1&#039; AND trans_no=&#039;39&#039;', '1', 'could not void bank transactions for type=1 and trans_no=39'),
('1248', 'UPDATE gl_trans SET amount=0 WHERE type=&#039;1&#039; AND type_no=&#039;39&#039;', '1', 'could not void gl transactions for type=1 and trans_no=39'),
('1249', 'DELETE FROM cust_allocations\n		WHERE (trans_type_from=&#039;1&#039; AND trans_no_from=&#039;39&#039;)\n		OR (trans_type_to=&#039;1&#039; AND trans_no_to=&#039;39&#039;)', '1', 'could not void debtor transactions for type=1 and trans_no=39'),
('1250', 'UPDATE debtor_trans SET ov_amount=0, ov_discount=0, ov_gst=0, ov_freight=0,\n		ov_freight_tax=0, alloc=0, version=version+1 WHERE type=&#039;1&#039; AND trans_no=&#039;39&#039;', '1', 'could not void debtor transactions for type=1 and trans_no=39'),
('1251', 'DELETE FROM supp_allocations\n		WHERE (trans_type_from=&#039;1&#039; AND trans_no_from=&#039;39&#039;)\n		OR (trans_type_to=&#039;1&#039; AND trans_no_to=&#039;39&#039;)', '1', 'could not void supp transactions for type=1 and trans_no=39'),
('1252', 'UPDATE supp_trans SET ov_amount=0, ov_discount=0, ov_gst=0,\n		alloc=0 WHERE type=&#039;1&#039; AND trans_no=&#039;39&#039;', '1', 'could not void supp transactions for type=1 and trans_no=39'),
('1253', 'UPDATE trans_tax_details SET amount=0, net_amount=0\n	WHERE trans_no=&#039;39&#039; AND trans_type=&#039;1&#039;', '1', 'The transaction tax details could not be voided'),
('1254', 'INSERT INTO voided (type, id, date_, memo_)\n		VALUES (&#039;1&#039;, &#039;39&#039;, &#039;2015-09-27&#039;, &#039;Document reentered.&#039;)', '1', 'could not add voided transaction entry'),
('1255', 'COMMIT', '1', 'could not commit a transaction'),
('1256', 'BEGIN', '1', 'could not start a transaction'),
('1257', 'INSERT INTO gl_trans ( type, type_no, tran_date,\n	account, dimension_id, dimension2_id, memo_, amount, gst, person_type_id, person_id) VALUES (&#039;1&#039;, &#039;107&#039;, &#039;2015-06-30&#039;,\n	&#039;5618&#039;, &#039;0&#039;, &#039;0&#039;, &#039;PETTY CASH OF JUNE&#039;, &#039;253.5&#039;, &#039;19&#039;, &#039;0&#039;, &#039;&#039;) ', '1', 'The GL transaction could not be inserted'),
('1258', 'INSERT INTO gl_trans ( type, type_no, tran_date,\n	account, dimension_id, dimension2_id, memo_, amount, gst, person_type_id, person_id) VALUES (&#039;1&#039;, &#039;107&#039;, &#039;2015-06-30&#039;,\n	&#039;1300&#039;, &#039;0&#039;, &#039;0&#039;, &#039;&#039;, &#039;0&#039;, &#039;&#039;, &#039;0&#039;, &#039;&#039;) ', '1', 'The GL transaction could not be inserted'),
('1259', 'INSERT INTO gl_trans ( type, type_no, tran_date,\n	account, dimension_id, dimension2_id, memo_, amount, gst, person_type_id, person_id) VALUES (&#039;1&#039;, &#039;107&#039;, &#039;2015-06-30&#039;,\n	&#039;5618&#039;, &#039;0&#039;, &#039;0&#039;, &#039;PETTY CASH OF JUNE&#039;, &#039;890&#039;, &#039;19&#039;, &#039;0&#039;, &#039;&#039;) ', '1', 'The GL transaction could not be inserted'),
('1260', 'INSERT INTO gl_trans ( type, type_no, tran_date,\n	account, dimension_id, dimension2_id, memo_, amount, gst, person_type_id, person_id) VALUES (&#039;1&#039;, &#039;107&#039;, &#039;2015-06-30&#039;,\n	&#039;1300&#039;, &#039;0&#039;, &#039;0&#039;, &#039;&#039;, &#039;0&#039;, &#039;&#039;, &#039;0&#039;, &#039;&#039;) ', '1', 'The GL transaction could not be inserted'),
('1261', 'INSERT INTO gl_trans ( type, type_no, tran_date,\n	account, dimension_id, dimension2_id, memo_, amount, gst, person_type_id, person_id) VALUES (&#039;1&#039;, &#039;107&#039;, &#039;2015-06-30&#039;,\n	&#039;5618&#039;, &#039;0&#039;, &#039;0&#039;, &#039;PETTY CASH OF JUNE&#039;, &#039;230&#039;, &#039;19&#039;, &#039;0&#039;, &#039;&#039;) ', '1', 'The GL transaction could not be inserted'),
('1262', 'INSERT INTO gl_trans ( type, type_no, tran_date,\n	account, dimension_id, dimension2_id, memo_, amount, gst, person_type_id, person_id) VALUES (&#039;1&#039;, &#039;107&#039;, &#039;2015-06-30&#039;,\n	&#039;1300&#039;, &#039;0&#039;, &#039;0&#039;, &#039;&#039;, &#039;0&#039;, &#039;&#039;, &#039;0&#039;, &#039;&#039;) ', '1', 'The GL transaction could not be inserted'),
('1263', 'INSERT INTO gl_trans ( type, type_no, tran_date,\n	account, dimension_id, dimension2_id, memo_, amount, gst, person_type_id, person_id) VALUES (&#039;1&#039;, &#039;107&#039;, &#039;2015-06-30&#039;,\n	&#039;5619&#039;, &#039;0&#039;, &#039;0&#039;, &#039;PETTY CASH OF JUNE&#039;, &#039;1823.05&#039;, &#039;19&#039;, &#039;0&#039;, &#039;&#039;) ', '1', 'The GL transaction could not be inserted'),
('1264', 'INSERT INTO gl_trans ( type, type_no, tran_date,\n	account, dimension_id, dimension2_id, memo_, amount, gst, person_type_id, person_id) VALUES (&#039;1&#039;, &#039;107&#039;, &#039;2015-06-30&#039;,\n	&#039;1300&#039;, &#039;0&#039;, &#039;0&#039;, &#039;&#039;, &#039;0&#039;, &#039;&#039;, &#039;0&#039;, &#039;&#039;) ', '1', 'The GL transaction could not be inserted'),
('1265', 'INSERT INTO gl_trans ( type, type_no, tran_date,\n	account, dimension_id, dimension2_id, memo_, amount, gst, person_type_id, person_id) VALUES (&#039;1&#039;, &#039;107&#039;, &#039;2015-06-30&#039;,\n	&#039;5460&#039;, &#039;0&#039;, &#039;0&#039;, &#039;PETTY CASH OF JUNE&#039;, &#039;110&#039;, &#039;19&#039;, &#039;0&#039;, &#039;&#039;) ', '1', 'The GL transaction could not be inserted'),
('1266', 'INSERT INTO gl_trans ( type, type_no, tran_date,\n	account, dimension_id, dimension2_id, memo_, amount, gst, person_type_id, person_id) VALUES (&#039;1&#039;, &#039;107&#039;, &#039;2015-06-30&#039;,\n	&#039;1300&#039;, &#039;0&#039;, &#039;0&#039;, &#039;&#039;, &#039;0&#039;, &#039;&#039;, &#039;0&#039;, &#039;&#039;) ', '1', 'The GL transaction could not be inserted'),
('1267', 'INSERT INTO gl_trans ( type, type_no, tran_date,\n	account, dimension_id, dimension2_id, memo_, amount, gst, person_type_id, person_id) VALUES (&#039;1&#039;, &#039;107&#039;, &#039;2015-06-30&#039;,\n	&#039;5766&#039;, &#039;0&#039;, &#039;0&#039;, &#039;PETTY CASH OF JUNE&#039;, &#039;8.02&#039;, &#039;15&#039;, &#039;0&#039;, &#039;&#039;) ', '1', 'The GL transaction could not be inserted'),
('1268', 'INSERT INTO gl_trans ( type, type_no, tran_date,\n	account, dimension_id, dimension2_id, memo_, amount, gst, person_type_id, person_id) VALUES (&#039;1&#039;, &#039;107&#039;, &#039;2015-06-30&#039;,\n	&#039;5900&#039;, &#039;0&#039;, &#039;0&#039;, &#039;&#039;, &#039;0.48&#039;, &#039;&#039;, &#039;0&#039;, &#039;&#039;) ', '1', 'The GL transaction could not be inserted'),
('1269', 'INSERT INTO gl_trans ( type, type_no, tran_date,\n	account, dimension_id, dimension2_id, memo_, amount, gst, person_type_id, person_id) VALUES (&#039;1&#039;, &#039;107&#039;, &#039;2015-06-30&#039;,\n	&#039;5780&#039;, &#039;0&#039;, &#039;0&#039;, &#039;PETTY CASH OF JUNE&#039;, &#039;200.15&#039;, &#039;20&#039;, &#039;0&#039;, &#039;&#039;) ', '1', 'The GL transaction could not be inserted'),
('1270', 'INSERT INTO gl_trans ( type, type_no, tran_date,\n	account, dimension_id, dimension2_id, memo_, amount, gst, person_type_id, person_id) VALUES (&#039;1&#039;, &#039;107&#039;, &#039;2015-06-30&#039;,\n	&#039;1300&#039;, &#039;0&#039;, &#039;0&#039;, &#039;&#039;, &#039;0&#039;, &#039;&#039;, &#039;0&#039;, &#039;&#039;) ', '1', 'The GL transaction could not be inserted');
INSERT INTO `sql_trail` VALUES
('1271', 'INSERT INTO gl_trans ( type, type_no, tran_date,\n	account, dimension_id, dimension2_id, memo_, amount, gst, person_type_id, person_id) VALUES (&#039;1&#039;, &#039;107&#039;, &#039;2015-06-30&#039;,\n	&#039;5700&#039;, &#039;0&#039;, &#039;0&#039;, &#039;PETTY CASH OF JUNE&#039;, &#039;38.63&#039;, &#039;12&#039;, &#039;0&#039;, &#039;&#039;) ', '1', 'The GL transaction could not be inserted'),
('1272', 'INSERT INTO gl_trans ( type, type_no, tran_date,\n	account, dimension_id, dimension2_id, memo_, amount, gst, person_type_id, person_id) VALUES (&#039;1&#039;, &#039;107&#039;, &#039;2015-06-30&#039;,\n	&#039;1300&#039;, &#039;0&#039;, &#039;0&#039;, &#039;&#039;, &#039;2.32&#039;, &#039;&#039;, &#039;0&#039;, &#039;&#039;) ', '1', 'The GL transaction could not be inserted'),
('1273', 'INSERT INTO bank_trans (type, trans_no, bank_act, ref,\n		trans_date, amount, person_type_id, person_id, tax_inclusive, cheque) VALUES (1, 107, &#039;2&#039;, &#039;PV00014&#039;, &#039;2015-06-30&#039;,\n		&#039;-3556.15&#039;, &#039;0&#039;, &#039;&#039;, &#039;0&#039;, &#039;PC0615&#039; )', '1', 'Cannot insert a source bank transaction'),
('1274', 'INSERT INTO gl_trans ( type, type_no, tran_date,\n	account, dimension_id, dimension2_id, memo_, amount, gst, person_type_id, person_id) VALUES (&#039;1&#039;, &#039;107&#039;, &#039;2015-06-30&#039;,\n	&#039;1065&#039;, &#039;0&#039;, &#039;0&#039;, &#039;PETTY CASH OF JUNE&#039;, &#039;-3556.15&#039;, &#039;0&#039;, &#039;0&#039;, &#039;&#039;) ', '1', 'The GL transaction could not be inserted'),
('1275', 'INSERT INTO comments (type, id, date_, memo_)\n    		VALUES (&#039;1&#039;, &#039;107&#039;, &#039;2015-06-30&#039;, &#039;PETTY CASH OF JUNE&#039;)', '1', 'could not add comments transaction entry'),
('1276', 'REPLACE refs SET reference=&#039;PV00014&#039;, type=&#039;1&#039;, id=&#039;107&#039;', '1', 'could not update reference entry'),
('1277', 'UPDATE sys_types SET next_reference=&#039;PV00015&#039; WHERE type_id = &#039;1&#039;', '1', 'The next transaction ref for 1 could not be updated'),
('1278', 'INSERT INTO audit_trail (type, trans_no, user, fiscal_year, gl_date, description, gl_seq)\n    			VALUES(&#039;1&#039;, &#039;107&#039;,1,2,&#039;2015-06-30&#039;,&#039;&#039;, 0)', '1', 'Cannot add audit info'),
('1279', 'UPDATE audit_trail SET gl_seq = NULL WHERE type=&#039;1&#039; AND trans_no=&#039;107&#039; AND id!=1046', '1', 'Cannot update audit gl_seq'),
('1280', 'COMMIT', '1', 'could not commit a transaction'),
('1281', 'UPDATE users SET last_visit_date=&#039;2015-09-27 23:14:01&#039;\n		WHERE user_id=&#039;lonengineering&#039;', '1', 'could not update last visit date for user lonengineering'),
('1282', 'BEGIN', '1', 'could not start a transaction'),
('1283', 'INSERT INTO gl_trans ( type, type_no, tran_date,\n	account, dimension_id, dimension2_id, memo_, amount, gst, person_type_id, person_id) VALUES (&#039;1&#039;, &#039;108&#039;, &#039;2015-07-31&#039;,\n	&#039;5010&#039;, &#039;0&#039;, &#039;0&#039;, &#039;PETTY CASH OF JUL&#039;, &#039;14784.67&#039;, &#039;12&#039;, &#039;0&#039;, &#039;&#039;) ', '1', 'The GL transaction could not be inserted'),
('1284', 'INSERT INTO gl_trans ( type, type_no, tran_date,\n	account, dimension_id, dimension2_id, memo_, amount, gst, person_type_id, person_id) VALUES (&#039;1&#039;, &#039;108&#039;, &#039;2015-07-31&#039;,\n	&#039;1300&#039;, &#039;0&#039;, &#039;0&#039;, &#039;&#039;, &#039;887.08&#039;, &#039;&#039;, &#039;0&#039;, &#039;&#039;) ', '1', 'The GL transaction could not be inserted'),
('1285', 'INSERT INTO gl_trans ( type, type_no, tran_date,\n	account, dimension_id, dimension2_id, memo_, amount, gst, person_type_id, person_id) VALUES (&#039;1&#039;, &#039;108&#039;, &#039;2015-07-31&#039;,\n	&#039;5619&#039;, &#039;0&#039;, &#039;0&#039;, &#039;PETTY CASH OF JUL&#039;, &#039;1611.88&#039;, &#039;19&#039;, &#039;0&#039;, &#039;&#039;) ', '1', 'The GL transaction could not be inserted'),
('1286', 'INSERT INTO gl_trans ( type, type_no, tran_date,\n	account, dimension_id, dimension2_id, memo_, amount, gst, person_type_id, person_id) VALUES (&#039;1&#039;, &#039;108&#039;, &#039;2015-07-31&#039;,\n	&#039;1300&#039;, &#039;0&#039;, &#039;0&#039;, &#039;&#039;, &#039;0&#039;, &#039;&#039;, &#039;0&#039;, &#039;&#039;) ', '1', 'The GL transaction could not be inserted'),
('1287', 'INSERT INTO gl_trans ( type, type_no, tran_date,\n	account, dimension_id, dimension2_id, memo_, amount, gst, person_type_id, person_id) VALUES (&#039;1&#039;, &#039;108&#039;, &#039;2015-07-31&#039;,\n	&#039;5618&#039;, &#039;0&#039;, &#039;0&#039;, &#039;PETTY CASH OF JUL&#039;, &#039;254&#039;, &#039;19&#039;, &#039;0&#039;, &#039;&#039;) ', '1', 'The GL transaction could not be inserted'),
('1288', 'INSERT INTO gl_trans ( type, type_no, tran_date,\n	account, dimension_id, dimension2_id, memo_, amount, gst, person_type_id, person_id) VALUES (&#039;1&#039;, &#039;108&#039;, &#039;2015-07-31&#039;,\n	&#039;1300&#039;, &#039;0&#039;, &#039;0&#039;, &#039;&#039;, &#039;0&#039;, &#039;&#039;, &#039;0&#039;, &#039;&#039;) ', '1', 'The GL transaction could not be inserted'),
('1289', 'INSERT INTO gl_trans ( type, type_no, tran_date,\n	account, dimension_id, dimension2_id, memo_, amount, gst, person_type_id, person_id) VALUES (&#039;1&#039;, &#039;108&#039;, &#039;2015-07-31&#039;,\n	&#039;5618&#039;, &#039;0&#039;, &#039;0&#039;, &#039;PETTY CASH OF JUL&#039;, &#039;305&#039;, &#039;19&#039;, &#039;0&#039;, &#039;&#039;) ', '1', 'The GL transaction could not be inserted'),
('1290', 'INSERT INTO gl_trans ( type, type_no, tran_date,\n	account, dimension_id, dimension2_id, memo_, amount, gst, person_type_id, person_id) VALUES (&#039;1&#039;, &#039;108&#039;, &#039;2015-07-31&#039;,\n	&#039;1300&#039;, &#039;0&#039;, &#039;0&#039;, &#039;&#039;, &#039;0&#039;, &#039;&#039;, &#039;0&#039;, &#039;&#039;) ', '1', 'The GL transaction could not be inserted'),
('1291', 'INSERT INTO gl_trans ( type, type_no, tran_date,\n	account, dimension_id, dimension2_id, memo_, amount, gst, person_type_id, person_id) VALUES (&#039;1&#039;, &#039;108&#039;, &#039;2015-07-31&#039;,\n	&#039;5618&#039;, &#039;0&#039;, &#039;0&#039;, &#039;PETTY CASH OF JUL&#039;, &#039;490&#039;, &#039;19&#039;, &#039;0&#039;, &#039;&#039;) ', '1', 'The GL transaction could not be inserted'),
('1292', 'INSERT INTO gl_trans ( type, type_no, tran_date,\n	account, dimension_id, dimension2_id, memo_, amount, gst, person_type_id, person_id) VALUES (&#039;1&#039;, &#039;108&#039;, &#039;2015-07-31&#039;,\n	&#039;1300&#039;, &#039;0&#039;, &#039;0&#039;, &#039;&#039;, &#039;0&#039;, &#039;&#039;, &#039;0&#039;, &#039;&#039;) ', '1', 'The GL transaction could not be inserted'),
('1293', 'INSERT INTO gl_trans ( type, type_no, tran_date,\n	account, dimension_id, dimension2_id, memo_, amount, gst, person_type_id, person_id) VALUES (&#039;1&#039;, &#039;108&#039;, &#039;2015-07-31&#039;,\n	&#039;5700&#039;, &#039;0&#039;, &#039;0&#039;, &#039;PETTY CASH OF JUL&#039;, &#039;19.86&#039;, &#039;12&#039;, &#039;0&#039;, &#039;&#039;) ', '1', 'The GL transaction could not be inserted'),
('1294', 'INSERT INTO gl_trans ( type, type_no, tran_date,\n	account, dimension_id, dimension2_id, memo_, amount, gst, person_type_id, person_id) VALUES (&#039;1&#039;, &#039;108&#039;, &#039;2015-07-31&#039;,\n	&#039;1300&#039;, &#039;0&#039;, &#039;0&#039;, &#039;&#039;, &#039;1.19&#039;, &#039;&#039;, &#039;0&#039;, &#039;&#039;) ', '1', 'The GL transaction could not be inserted'),
('1295', 'INSERT INTO gl_trans ( type, type_no, tran_date,\n	account, dimension_id, dimension2_id, memo_, amount, gst, person_type_id, person_id) VALUES (&#039;1&#039;, &#039;108&#039;, &#039;2015-07-31&#039;,\n	&#039;5766&#039;, &#039;0&#039;, &#039;0&#039;, &#039;PETTY CASH OF JUL&#039;, &#039;80&#039;, &#039;15&#039;, &#039;0&#039;, &#039;&#039;) ', '1', 'The GL transaction could not be inserted'),
('1296', 'INSERT INTO gl_trans ( type, type_no, tran_date,\n	account, dimension_id, dimension2_id, memo_, amount, gst, person_type_id, person_id) VALUES (&#039;1&#039;, &#039;108&#039;, &#039;2015-07-31&#039;,\n	&#039;5900&#039;, &#039;0&#039;, &#039;0&#039;, &#039;&#039;, &#039;4.8&#039;, &#039;&#039;, &#039;0&#039;, &#039;&#039;) ', '1', 'The GL transaction could not be inserted'),
('1297', 'INSERT INTO gl_trans ( type, type_no, tran_date,\n	account, dimension_id, dimension2_id, memo_, amount, gst, person_type_id, person_id) VALUES (&#039;1&#039;, &#039;108&#039;, &#039;2015-07-31&#039;,\n	&#039;5780&#039;, &#039;0&#039;, &#039;0&#039;, &#039;PETTY CASH OF JUL&#039;, &#039;237.15&#039;, &#039;20&#039;, &#039;0&#039;, &#039;&#039;) ', '1', 'The GL transaction could not be inserted'),
('1298', 'INSERT INTO gl_trans ( type, type_no, tran_date,\n	account, dimension_id, dimension2_id, memo_, amount, gst, person_type_id, person_id) VALUES (&#039;1&#039;, &#039;108&#039;, &#039;2015-07-31&#039;,\n	&#039;1300&#039;, &#039;0&#039;, &#039;0&#039;, &#039;&#039;, &#039;0&#039;, &#039;&#039;, &#039;0&#039;, &#039;&#039;) ', '1', 'The GL transaction could not be inserted'),
('1299', 'INSERT INTO bank_trans (type, trans_no, bank_act, ref,\n		trans_date, amount, person_type_id, person_id, tax_inclusive, cheque) VALUES (1, 108, &#039;2&#039;, &#039;PV00015&#039;, &#039;2015-07-31&#039;,\n		&#039;-18675.63&#039;, &#039;0&#039;, &#039;&#039;, &#039;0&#039;, &#039;PC0715&#039; )', '1', 'Cannot insert a source bank transaction'),
('1300', 'INSERT INTO gl_trans ( type, type_no, tran_date,\n	account, dimension_id, dimension2_id, memo_, amount, gst, person_type_id, person_id) VALUES (&#039;1&#039;, &#039;108&#039;, &#039;2015-07-31&#039;,\n	&#039;1065&#039;, &#039;0&#039;, &#039;0&#039;, &#039;PETTY CASH OF JUL&#039;, &#039;-18675.63&#039;, &#039;0&#039;, &#039;0&#039;, &#039;&#039;) ', '1', 'The GL transaction could not be inserted'),
('1301', 'INSERT INTO comments (type, id, date_, memo_)\n    		VALUES (&#039;1&#039;, &#039;108&#039;, &#039;2015-07-31&#039;, &#039;PETTY CASH OF JUL&#039;)', '1', 'could not add comments transaction entry'),
('1302', 'REPLACE refs SET reference=&#039;PV00015&#039;, type=&#039;1&#039;, id=&#039;108&#039;', '1', 'could not update reference entry'),
('1303', 'UPDATE sys_types SET next_reference=&#039;PV00016&#039; WHERE type_id = &#039;1&#039;', '1', 'The next transaction ref for 1 could not be updated'),
('1304', 'INSERT INTO audit_trail (type, trans_no, user, fiscal_year, gl_date, description, gl_seq)\n    			VALUES(&#039;1&#039;, &#039;108&#039;,1,2,&#039;2015-07-31&#039;,&#039;&#039;, 0)', '1', 'Cannot add audit info'),
('1305', 'UPDATE audit_trail SET gl_seq = NULL WHERE type=&#039;1&#039; AND trans_no=&#039;108&#039; AND id!=1047', '1', 'Cannot update audit gl_seq'),
('1306', 'COMMIT', '1', 'could not commit a transaction'),
('1307', 'BEGIN', '1', 'could not start a transaction'),
('1308', 'INSERT INTO gl_trans ( type, type_no, tran_date,\n	account, dimension_id, dimension2_id, memo_, amount, gst, person_type_id, person_id) VALUES (&#039;1&#039;, &#039;109&#039;, &#039;2015-08-31&#039;,\n	&#039;5010&#039;, &#039;0&#039;, &#039;0&#039;, &#039;PETTY CASH OF AUG&#039;, &#039;13299.46&#039;, &#039;12&#039;, &#039;0&#039;, &#039;&#039;) ', '1', 'The GL transaction could not be inserted'),
('1309', 'INSERT INTO gl_trans ( type, type_no, tran_date,\n	account, dimension_id, dimension2_id, memo_, amount, gst, person_type_id, person_id) VALUES (&#039;1&#039;, &#039;109&#039;, &#039;2015-08-31&#039;,\n	&#039;1300&#039;, &#039;0&#039;, &#039;0&#039;, &#039;&#039;, &#039;797.97&#039;, &#039;&#039;, &#039;0&#039;, &#039;&#039;) ', '1', 'The GL transaction could not be inserted'),
('1310', 'INSERT INTO gl_trans ( type, type_no, tran_date,\n	account, dimension_id, dimension2_id, memo_, amount, gst, person_type_id, person_id) VALUES (&#039;1&#039;, &#039;109&#039;, &#039;2015-08-31&#039;,\n	&#039;5619&#039;, &#039;0&#039;, &#039;0&#039;, &#039;PETTY CASH OF AUG&#039;, &#039;920.49&#039;, &#039;19&#039;, &#039;0&#039;, &#039;&#039;) ', '1', 'The GL transaction could not be inserted'),
('1311', 'INSERT INTO gl_trans ( type, type_no, tran_date,\n	account, dimension_id, dimension2_id, memo_, amount, gst, person_type_id, person_id) VALUES (&#039;1&#039;, &#039;109&#039;, &#039;2015-08-31&#039;,\n	&#039;1300&#039;, &#039;0&#039;, &#039;0&#039;, &#039;&#039;, &#039;0&#039;, &#039;&#039;, &#039;0&#039;, &#039;&#039;) ', '1', 'The GL transaction could not be inserted'),
('1312', 'INSERT INTO gl_trans ( type, type_no, tran_date,\n	account, dimension_id, dimension2_id, memo_, amount, gst, person_type_id, person_id) VALUES (&#039;1&#039;, &#039;109&#039;, &#039;2015-08-31&#039;,\n	&#039;5618&#039;, &#039;0&#039;, &#039;0&#039;, &#039;PETTY CASH OF AUG&#039;, &#039;480&#039;, &#039;19&#039;, &#039;0&#039;, &#039;&#039;) ', '1', 'The GL transaction could not be inserted'),
('1313', 'INSERT INTO gl_trans ( type, type_no, tran_date,\n	account, dimension_id, dimension2_id, memo_, amount, gst, person_type_id, person_id) VALUES (&#039;1&#039;, &#039;109&#039;, &#039;2015-08-31&#039;,\n	&#039;1300&#039;, &#039;0&#039;, &#039;0&#039;, &#039;&#039;, &#039;0&#039;, &#039;&#039;, &#039;0&#039;, &#039;&#039;) ', '1', 'The GL transaction could not be inserted'),
('1314', 'INSERT INTO gl_trans ( type, type_no, tran_date,\n	account, dimension_id, dimension2_id, memo_, amount, gst, person_type_id, person_id) VALUES (&#039;1&#039;, &#039;109&#039;, &#039;2015-08-31&#039;,\n	&#039;5766&#039;, &#039;0&#039;, &#039;0&#039;, &#039;PETTY CASH OF AUG&#039;, &#039;475&#039;, &#039;15&#039;, &#039;0&#039;, &#039;&#039;) ', '1', 'The GL transaction could not be inserted'),
('1315', 'INSERT INTO gl_trans ( type, type_no, tran_date,\n	account, dimension_id, dimension2_id, memo_, amount, gst, person_type_id, person_id) VALUES (&#039;1&#039;, &#039;109&#039;, &#039;2015-08-31&#039;,\n	&#039;5900&#039;, &#039;0&#039;, &#039;0&#039;, &#039;&#039;, &#039;28.5&#039;, &#039;&#039;, &#039;0&#039;, &#039;&#039;) ', '1', 'The GL transaction could not be inserted'),
('1316', 'INSERT INTO gl_trans ( type, type_no, tran_date,\n	account, dimension_id, dimension2_id, memo_, amount, gst, person_type_id, person_id) VALUES (&#039;1&#039;, &#039;109&#039;, &#039;2015-08-31&#039;,\n	&#039;5780&#039;, &#039;0&#039;, &#039;0&#039;, &#039;PETTY CASH OF AUG&#039;, &#039;213.2&#039;, &#039;20&#039;, &#039;0&#039;, &#039;&#039;) ', '1', 'The GL transaction could not be inserted'),
('1317', 'INSERT INTO gl_trans ( type, type_no, tran_date,\n	account, dimension_id, dimension2_id, memo_, amount, gst, person_type_id, person_id) VALUES (&#039;1&#039;, &#039;109&#039;, &#039;2015-08-31&#039;,\n	&#039;1300&#039;, &#039;0&#039;, &#039;0&#039;, &#039;&#039;, &#039;0&#039;, &#039;&#039;, &#039;0&#039;, &#039;&#039;) ', '1', 'The GL transaction could not be inserted'),
('1318', 'INSERT INTO gl_trans ( type, type_no, tran_date,\n	account, dimension_id, dimension2_id, memo_, amount, gst, person_type_id, person_id) VALUES (&#039;1&#039;, &#039;109&#039;, &#039;2015-08-31&#039;,\n	&#039;5800&#039;, &#039;0&#039;, &#039;0&#039;, &#039;PETTY CASH OF AUG&#039;, &#039;50&#039;, &#039;20&#039;, &#039;0&#039;, &#039;&#039;) ', '1', 'The GL transaction could not be inserted'),
('1319', 'INSERT INTO gl_trans ( type, type_no, tran_date,\n	account, dimension_id, dimension2_id, memo_, amount, gst, person_type_id, person_id) VALUES (&#039;1&#039;, &#039;109&#039;, &#039;2015-08-31&#039;,\n	&#039;1300&#039;, &#039;0&#039;, &#039;0&#039;, &#039;&#039;, &#039;0&#039;, &#039;&#039;, &#039;0&#039;, &#039;&#039;) ', '1', 'The GL transaction could not be inserted'),
('1320', 'INSERT INTO bank_trans (type, trans_no, bank_act, ref,\n		trans_date, amount, person_type_id, person_id, tax_inclusive, cheque) VALUES (1, 109, &#039;2&#039;, &#039;PV00016&#039;, &#039;2015-08-31&#039;,\n		&#039;-16264.62&#039;, &#039;0&#039;, &#039;&#039;, &#039;0&#039;, &#039;PC0815&#039; )', '1', 'Cannot insert a source bank transaction'),
('1321', 'INSERT INTO gl_trans ( type, type_no, tran_date,\n	account, dimension_id, dimension2_id, memo_, amount, gst, person_type_id, person_id) VALUES (&#039;1&#039;, &#039;109&#039;, &#039;2015-08-31&#039;,\n	&#039;1065&#039;, &#039;0&#039;, &#039;0&#039;, &#039;PETTY CASH OF AUG&#039;, &#039;-16264.62&#039;, &#039;0&#039;, &#039;0&#039;, &#039;&#039;) ', '1', 'The GL transaction could not be inserted'),
('1322', 'INSERT INTO comments (type, id, date_, memo_)\n    		VALUES (&#039;1&#039;, &#039;109&#039;, &#039;2015-08-31&#039;, &#039;PETTY CASH OF AUG&#039;)', '1', 'could not add comments transaction entry'),
('1323', 'REPLACE refs SET reference=&#039;PV00016&#039;, type=&#039;1&#039;, id=&#039;109&#039;', '1', 'could not update reference entry'),
('1324', 'UPDATE sys_types SET next_reference=&#039;PV00017&#039; WHERE type_id = &#039;1&#039;', '1', 'The next transaction ref for 1 could not be updated'),
('1325', 'INSERT INTO audit_trail (type, trans_no, user, fiscal_year, gl_date, description, gl_seq)\n    			VALUES(&#039;1&#039;, &#039;109&#039;,1,2,&#039;2015-08-31&#039;,&#039;&#039;, 0)', '1', 'Cannot add audit info'),
('1326', 'UPDATE audit_trail SET gl_seq = NULL WHERE type=&#039;1&#039; AND trans_no=&#039;109&#039; AND id!=1048', '1', 'Cannot update audit gl_seq'),
('1327', 'COMMIT', '1', 'could not commit a transaction'),
('1328', 'UPDATE users SET last_visit_date=&#039;2015-09-28 00:00:59&#039;\n		WHERE user_id=&#039;lonengineering&#039;', '1', 'could not update last visit date for user lonengineering'),
('1329', 'UPDATE users SET last_visit_date=&#039;2015-09-28 09:21:17&#039;\n		WHERE user_id=&#039;lonengineering&#039;', '1', 'could not update last visit date for user lonengineering'),
('1330', 'UPDATE users SET last_visit_date=&#039;2015-09-28 20:48:27&#039;\n		WHERE user_id=&#039;lonengineering&#039;', '1', 'could not update last visit date for user lonengineering'),
('1331', 'BEGIN', '1', 'could not start a transaction'),
('1332', 'INSERT INTO purch_orders (supplier_id, Comments, ord_date, reference,\n     	requisition_no, into_stock_location, delivery_address, total, tax_included ) VALUES(&#039;31&#039;,&#039;&#039;,&#039;2015-08-24&#039;, &#039;auto&#039;, &#039;ME/DN/108/2015&#039;, &#039;DEF&#039;, &#039;Delivery 1\\nDelivery 2\\nDelivery 3&#039;, &#039;7491&#039;, &#039;0&#039;)', '1', 'The purchase order header record could not be inserted'),
('1333', 'INSERT INTO purch_order_details (order_no, item_code, description, delivery_date, unit_price,tax_type_id,quantity_ordered) VALUES (211, &#039;PURCHASES&#039;,&#039;PURCHASES - HARDWARE&#039;,&#039;2015-08-24&#039;,&#039;7491&#039;, &#039;12&#039;, &#039;1&#039;)', '1', 'One of the purchase order detail records could not be inserted'),
('1334', 'REPLACE refs SET reference=&#039;auto&#039;, type=&#039;18&#039;, id=&#039;211&#039;', '1', 'could not update reference entry'),
('1335', 'INSERT INTO audit_trail (type, trans_no, user, fiscal_year, gl_date, description, gl_seq)\n    			VALUES(&#039;18&#039;, &#039;211&#039;,1,2,&#039;2015-08-24&#039;,&#039;&#039;, 0)', '1', 'Cannot add audit info'),
('1336', 'UPDATE audit_trail SET gl_seq = NULL WHERE type=&#039;18&#039; AND trans_no=&#039;211&#039; AND id!=1049', '1', 'Cannot update audit gl_seq'),
('1337', 'INSERT INTO grn_batch (purch_order_no, delivery_date, supplier_id, reference, loc_code)\n			VALUES (&#039;211&#039;, &#039;2015-08-24&#039;, &#039;31&#039;, &#039;auto&#039;, &#039;DEF&#039;)', '1', 'A grn batch record could not be inserted.'),
('1338', 'INSERT INTO gl_trans ( type, type_no, tran_date,\n	account, dimension_id, dimension2_id, memo_, amount, gst, person_type_id, person_id) VALUES (&#039;25&#039;, &#039;211&#039;, &#039;2015-08-24&#039;,\n	&#039;5010&#039;, &#039;0&#039;, &#039;0&#039;, &#039;PURCHASES&#039;, &#039;7491&#039;, &#039;&#039;, &#039;3&#039;, &#039;31&#039;) ', '1', 'The supplier GL transaction could not be inserted'),
('1339', 'UPDATE stock_master SET material_cost=&#039;1211.8529949239&#039;\n		WHERE stock_id=&#039;PURCHASES&#039;', '1', 'The cost details for the inventory item could not be updated'),
('1340', 'UPDATE purch_data SET price=&#039;7491&#039;,supplier_description=&#039;PURCHASES - HARDWARE&#039; WHERE stock_id=&#039;PURCHASES&#039; AND supplier_id=&#039;31&#039;', '1', 'The supplier purchasing details could not be updated'),
('1341', 'UPDATE purch_order_details\n        SET quantity_received = quantity_received + &#039;1&#039;,\n        std_cost_unit=&#039;1211.8529949239&#039;,\n        quantity_ordered=&#039;1&#039;,\n        act_price=&#039;7491&#039;\n        WHERE po_detail_item = &#039;211&#039;', '1', 'a purchase order details record could not be updated. This receipt of goods has not been processed '),
('1342', 'INSERT INTO grn_items (grn_batch_id, po_detail_item, item_code, description, tax_type_id, qty_recd)\n		VALUES (&#039;211&#039;, &#039;211&#039;, &#039;PURCHASES&#039;, &#039;PURCHASES - HARDWARE&#039;, &#039;12&#039;, &#039;1&#039;)', '1', 'A GRN detail item could not be inserted.'),
('1343', 'INSERT INTO stock_moves (stock_id, trans_no, type, loc_code,\n		tran_date, person_id, reference, qty, standard_cost, visible, price,\n		discount_percent) VALUES (&#039;PURCHASES&#039;, &#039;211&#039;, &#039;25&#039;,	&#039;DEF&#039;, &#039;2015-08-24&#039;, &#039;31&#039;, &#039;&#039;, &#039;1&#039;, &#039;1211.8529949239&#039;,&#039;1&#039;, &#039;7491&#039;, &#039;0&#039;)', '1', 'The stock movement record cannot be inserted'),
('1344', 'INSERT INTO gl_trans ( type, type_no, tran_date,\n	account, dimension_id, dimension2_id, memo_, amount, gst, person_type_id, person_id) VALUES (&#039;25&#039;, &#039;211&#039;, &#039;2015-08-24&#039;,\n	&#039;1550&#039;, &#039;0&#039;, &#039;0&#039;, &#039;&#039;, &#039;-7491&#039;, &#039;&#039;, &#039;3&#039;, &#039;&#039;) ', '1', 'The supplier GL transaction could not be inserted'),
('1345', 'REPLACE refs SET reference=&#039;auto&#039;, type=&#039;25&#039;, id=&#039;211&#039;', '1', 'could not update reference entry'),
('1346', 'INSERT INTO audit_trail (type, trans_no, user, fiscal_year, gl_date, description, gl_seq)\n    			VALUES(&#039;25&#039;, &#039;211&#039;,1,2,&#039;2015-08-24&#039;,&#039;&#039;, 0)', '1', 'Cannot add audit info'),
('1347', 'UPDATE audit_trail SET gl_seq = NULL WHERE type=&#039;25&#039; AND trans_no=&#039;211&#039; AND id!=1050', '1', 'Cannot update audit gl_seq'),
('1348', 'INSERT INTO supp_trans (trans_no, type, supplier_id, tran_date, due_date,\n		reference, supp_reference, ov_amount, ov_gst, rate, ov_discount, tax_included, fixed_access, cheque,reason ) VALUES (&#039;235&#039;, &#039;20&#039;, &#039;31&#039;, &#039;2015-08-24&#039;, &#039;2015-08-24&#039;,\n		&#039;B15060&#039;, &#039;ME/DN/108/2015&#039;, &#039;7491&#039;, &#039;449.46&#039;, &#039;1&#039;, &#039;0&#039;, &#039;0&#039;, &#039;&#039;,&#039;&#039; ,&#039;&#039;)', '1', 'Cannot insert a supplier transaction record'),
('1349', 'INSERT INTO audit_trail (type, trans_no, user, fiscal_year, gl_date, description, gl_seq)\n    			VALUES(&#039;20&#039;, &#039;235&#039;,1,2,&#039;2015-08-24&#039;,&#039;&#039;, 0)', '1', 'Cannot add audit info'),
('1350', 'UPDATE audit_trail SET gl_seq = NULL WHERE type=&#039;20&#039; AND trans_no=&#039;235&#039; AND id!=1051', '1', 'Cannot update audit gl_seq'),
('1351', 'INSERT INTO gl_trans ( type, type_no, tran_date,\n	account, dimension_id, dimension2_id, memo_, amount, gst, person_type_id, person_id) VALUES (&#039;20&#039;, &#039;235&#039;, &#039;2015-08-24&#039;,\n	&#039;2100&#039;, &#039;0&#039;, &#039;0&#039;, &#039;&#039;, &#039;-7940.46&#039;, &#039;&#039;, &#039;3&#039;, &#039;31&#039;) ', '1', 'The general ledger transaction for the control total could not be added'),
('1352', 'UPDATE purch_order_details\n		SET qty_invoiced = qty_invoiced + &#039;1&#039; , act_price = &#039;7491&#039; WHERE po_detail_item = &#039;211&#039;', '1', 'The quantity invoiced of the purchase order line could not be updated'),
('1353', 'UPDATE grn_items\n        SET quantity_inv = quantity_inv + &#039;1&#039;\n        WHERE id = &#039;211&#039;', '1', 'The quantity invoiced off the items received record could not be updated'),
('1354', 'INSERT INTO gl_trans ( type, type_no, tran_date,\n	account, dimension_id, dimension2_id, memo_, amount, gst, person_type_id, person_id) VALUES (&#039;20&#039;, &#039;235&#039;, &#039;2015-08-24&#039;,\n	&#039;1550&#039;, &#039;0&#039;, &#039;0&#039;, &#039;&#039;, &#039;7491&#039;, &#039;&#039;, &#039;3&#039;, &#039;31&#039;) ', '1', 'The supplier GL transaction could not be inserted'),
('1355', 'INSERT INTO gl_trans ( type, type_no, tran_date,\n	account, dimension_id, dimension2_id, memo_, amount, gst, person_type_id, person_id) VALUES (&#039;20&#039;, &#039;235&#039;, &#039;2015-08-24&#039;,\n	&#039;1300&#039;, &#039;0&#039;, &#039;0&#039;, &#039;&#039;, &#039;449.46&#039;, &#039;&#039;, &#039;3&#039;, &#039;31&#039;) ', '1', 'The supplier GL transaction could not be inserted'),
('1356', 'UPDATE stock_master SET material_cost=&#039;1211.8529949239&#039;\n		WHERE stock_id=&#039;PURCHASES&#039;', '1', 'The cost details for the inventory item could not be updated'),
('1357', 'UPDATE purch_data SET price=&#039;7491&#039; WHERE stock_id=&#039;PURCHASES&#039; AND supplier_id=&#039;31&#039;', '1', 'The supplier purchasing details could not be updated'),
('1358', 'INSERT INTO supp_invoice_items (supp_trans_type, supp_trans_no, stock_id, description, gl_code, unit_price, unit_tax, quantity,\n	  	grn_item_id, po_detail_item_id, memo_,tax_type_id) VALUES (&#039;20&#039;, &#039;235&#039;, &#039;PURCHASES&#039;, &#039;PURCHASES - HARDWARE&#039;, &#039;0&#039;, &#039;7491&#039;, &#039;0&#039;, &#039;1&#039;,\n		&#039;211&#039;, &#039;211&#039;, &#039;&#039;,&#039;12&#039;)', '1', 'Cannot insert a supplier transaction detail record'),
('1359', 'REPLACE refs SET reference=&#039;B15060&#039;, type=&#039;20&#039;, id=&#039;235&#039;', '1', 'could not update reference entry'),
('1360', 'COMMIT', '1', 'could not commit a transaction'),
('1361', 'BEGIN', '1', 'could not start a transaction'),
('1362', 'INSERT INTO purch_orders (supplier_id, Comments, ord_date, reference,\n     	requisition_no, into_stock_location, delivery_address, total, tax_included ) VALUES(&#039;3&#039;,&#039;&#039;,&#039;2015-08-14&#039;, &#039;auto&#039;, &#039;ME/DN/099/2015&#039;, &#039;DEF&#039;, &#039;Delivery 1\\nDelivery 2\\nDelivery 3&#039;, &#039;7876&#039;, &#039;0&#039;)', '1', 'The purchase order header record could not be inserted'),
('1363', 'INSERT INTO purch_order_details (order_no, item_code, description, delivery_date, unit_price,tax_type_id,quantity_ordered) VALUES (212, &#039;PURCHASES&#039;,&#039;PURCHASES - HARDWARE&#039;,&#039;2015-08-14&#039;,&#039;7876&#039;, &#039;12&#039;, &#039;1&#039;)', '1', 'One of the purchase order detail records could not be inserted'),
('1364', 'REPLACE refs SET reference=&#039;auto&#039;, type=&#039;18&#039;, id=&#039;212&#039;', '1', 'could not update reference entry'),
('1365', 'INSERT INTO audit_trail (type, trans_no, user, fiscal_year, gl_date, description, gl_seq)\n    			VALUES(&#039;18&#039;, &#039;212&#039;,1,2,&#039;2015-08-14&#039;,&#039;&#039;, 0)', '1', 'Cannot add audit info'),
('1366', 'UPDATE audit_trail SET gl_seq = NULL WHERE type=&#039;18&#039; AND trans_no=&#039;212&#039; AND id!=1052', '1', 'Cannot update audit gl_seq'),
('1367', 'INSERT INTO grn_batch (purch_order_no, delivery_date, supplier_id, reference, loc_code)\n			VALUES (&#039;212&#039;, &#039;2015-08-14&#039;, &#039;3&#039;, &#039;auto&#039;, &#039;DEF&#039;)', '1', 'A grn batch record could not be inserted.'),
('1368', 'INSERT INTO gl_trans ( type, type_no, tran_date,\n	account, dimension_id, dimension2_id, memo_, amount, gst, person_type_id, person_id) VALUES (&#039;25&#039;, &#039;212&#039;, &#039;2015-08-14&#039;,\n	&#039;5010&#039;, &#039;0&#039;, &#039;0&#039;, &#039;PURCHASES&#039;, &#039;7876&#039;, &#039;&#039;, &#039;3&#039;, &#039;3&#039;) ', '1', 'The supplier GL transaction could not be inserted'),
('1369', 'UPDATE stock_master SET material_cost=&#039;1245.5103030303&#039;\n		WHERE stock_id=&#039;PURCHASES&#039;', '1', 'The cost details for the inventory item could not be updated'),
('1370', 'UPDATE purch_data SET price=&#039;7876&#039;,supplier_description=&#039;PURCHASES - HARDWARE&#039; WHERE stock_id=&#039;PURCHASES&#039; AND supplier_id=&#039;3&#039;', '1', 'The supplier purchasing details could not be updated'),
('1371', 'UPDATE purch_order_details\n        SET quantity_received = quantity_received + &#039;1&#039;,\n        std_cost_unit=&#039;1245.5103030303&#039;,\n        quantity_ordered=&#039;1&#039;,\n        act_price=&#039;7876&#039;\n        WHERE po_detail_item = &#039;212&#039;', '1', 'a purchase order details record could not be updated. This receipt of goods has not been processed '),
('1372', 'INSERT INTO grn_items (grn_batch_id, po_detail_item, item_code, description, tax_type_id, qty_recd)\n		VALUES (&#039;212&#039;, &#039;212&#039;, &#039;PURCHASES&#039;, &#039;PURCHASES - HARDWARE&#039;, &#039;12&#039;, &#039;1&#039;)', '1', 'A GRN detail item could not be inserted.'),
('1373', 'INSERT INTO stock_moves (stock_id, trans_no, type, loc_code,\n		tran_date, person_id, reference, qty, standard_cost, visible, price,\n		discount_percent) VALUES (&#039;PURCHASES&#039;, &#039;212&#039;, &#039;25&#039;,	&#039;DEF&#039;, &#039;2015-08-14&#039;, &#039;3&#039;, &#039;&#039;, &#039;1&#039;, &#039;1245.5103030303&#039;,&#039;1&#039;, &#039;7876&#039;, &#039;0&#039;)', '1', 'The stock movement record cannot be inserted'),
('1374', 'INSERT INTO gl_trans ( type, type_no, tran_date,\n	account, dimension_id, dimension2_id, memo_, amount, gst, person_type_id, person_id) VALUES (&#039;25&#039;, &#039;212&#039;, &#039;2015-08-14&#039;,\n	&#039;1550&#039;, &#039;0&#039;, &#039;0&#039;, &#039;&#039;, &#039;-7876&#039;, &#039;&#039;, &#039;3&#039;, &#039;&#039;) ', '1', 'The supplier GL transaction could not be inserted'),
('1375', 'REPLACE refs SET reference=&#039;auto&#039;, type=&#039;25&#039;, id=&#039;212&#039;', '1', 'could not update reference entry'),
('1376', 'INSERT INTO audit_trail (type, trans_no, user, fiscal_year, gl_date, description, gl_seq)\n    			VALUES(&#039;25&#039;, &#039;212&#039;,1,2,&#039;2015-08-14&#039;,&#039;&#039;, 0)', '1', 'Cannot add audit info'),
('1377', 'UPDATE audit_trail SET gl_seq = NULL WHERE type=&#039;25&#039; AND trans_no=&#039;212&#039; AND id!=1053', '1', 'Cannot update audit gl_seq'),
('1378', 'INSERT INTO supp_trans (trans_no, type, supplier_id, tran_date, due_date,\n		reference, supp_reference, ov_amount, ov_gst, rate, ov_discount, tax_included, fixed_access, cheque,reason ) VALUES (&#039;236&#039;, &#039;20&#039;, &#039;3&#039;, &#039;2015-08-14&#039;, &#039;2015-08-14&#039;,\n		&#039;B15059&#039;, &#039;ME/DN/099/2015&#039;, &#039;7876&#039;, &#039;472.56&#039;, &#039;1&#039;, &#039;0&#039;, &#039;0&#039;, &#039;&#039;,&#039;&#039; ,&#039;&#039;)', '1', 'Cannot insert a supplier transaction record'),
('1379', 'INSERT INTO audit_trail (type, trans_no, user, fiscal_year, gl_date, description, gl_seq)\n    			VALUES(&#039;20&#039;, &#039;236&#039;,1,2,&#039;2015-08-14&#039;,&#039;&#039;, 0)', '1', 'Cannot add audit info'),
('1380', 'UPDATE audit_trail SET gl_seq = NULL WHERE type=&#039;20&#039; AND trans_no=&#039;236&#039; AND id!=1054', '1', 'Cannot update audit gl_seq'),
('1381', 'INSERT INTO gl_trans ( type, type_no, tran_date,\n	account, dimension_id, dimension2_id, memo_, amount, gst, person_type_id, person_id) VALUES (&#039;20&#039;, &#039;236&#039;, &#039;2015-08-14&#039;,\n	&#039;2100&#039;, &#039;0&#039;, &#039;0&#039;, &#039;&#039;, &#039;-8348.56&#039;, &#039;&#039;, &#039;3&#039;, &#039;3&#039;) ', '1', 'The general ledger transaction for the control total could not be added'),
('1382', 'UPDATE purch_order_details\n		SET qty_invoiced = qty_invoiced + &#039;1&#039; , act_price = &#039;7876&#039; WHERE po_detail_item = &#039;212&#039;', '1', 'The quantity invoiced of the purchase order line could not be updated'),
('1383', 'UPDATE grn_items\n        SET quantity_inv = quantity_inv + &#039;1&#039;\n        WHERE id = &#039;212&#039;', '1', 'The quantity invoiced off the items received record could not be updated'),
('1384', 'INSERT INTO gl_trans ( type, type_no, tran_date,\n	account, dimension_id, dimension2_id, memo_, amount, gst, person_type_id, person_id) VALUES (&#039;20&#039;, &#039;236&#039;, &#039;2015-08-14&#039;,\n	&#039;1550&#039;, &#039;0&#039;, &#039;0&#039;, &#039;&#039;, &#039;7876&#039;, &#039;&#039;, &#039;3&#039;, &#039;3&#039;) ', '1', 'The supplier GL transaction could not be inserted'),
('1385', 'INSERT INTO gl_trans ( type, type_no, tran_date,\n	account, dimension_id, dimension2_id, memo_, amount, gst, person_type_id, person_id) VALUES (&#039;20&#039;, &#039;236&#039;, &#039;2015-08-14&#039;,\n	&#039;1300&#039;, &#039;0&#039;, &#039;0&#039;, &#039;&#039;, &#039;472.56&#039;, &#039;&#039;, &#039;3&#039;, &#039;3&#039;) ', '1', 'The supplier GL transaction could not be inserted'),
('1386', 'UPDATE stock_master SET material_cost=&#039;1245.5103030303&#039;\n		WHERE stock_id=&#039;PURCHASES&#039;', '1', 'The cost details for the inventory item could not be updated'),
('1387', 'UPDATE purch_data SET price=&#039;7876&#039; WHERE stock_id=&#039;PURCHASES&#039; AND supplier_id=&#039;3&#039;', '1', 'The supplier purchasing details could not be updated'),
('1388', 'INSERT INTO supp_invoice_items (supp_trans_type, supp_trans_no, stock_id, description, gl_code, unit_price, unit_tax, quantity,\n	  	grn_item_id, po_detail_item_id, memo_,tax_type_id) VALUES (&#039;20&#039;, &#039;236&#039;, &#039;PURCHASES&#039;, &#039;PURCHASES - HARDWARE&#039;, &#039;0&#039;, &#039;7876&#039;, &#039;0&#039;, &#039;1&#039;,\n		&#039;212&#039;, &#039;212&#039;, &#039;&#039;,&#039;12&#039;)', '1', 'Cannot insert a supplier transaction detail record'),
('1389', 'REPLACE refs SET reference=&#039;B15059&#039;, type=&#039;20&#039;, id=&#039;236&#039;', '1', 'could not update reference entry'),
('1390', 'COMMIT', '1', 'could not commit a transaction'),
('1391', 'UPDATE users SET last_visit_date=&#039;2015-09-28 21:23:15&#039;\n		WHERE user_id=&#039;lonengineering&#039;', '1', 'could not update last visit date for user lonengineering'),
('1392', 'set @bal:=0', '1', ''),
('1393', 'set @bal:=0', '1', ''),
('1394', 'set @bal:=0', '1', ''),
('1395', 'BEGIN', '1', 'could not start a transaction'),
('1396', 'UPDATE sales_orders SET version=version+1 WHERE order_no=&#039;1&#039; AND version=15 AND trans_type=30', '1', 'Concurrent editing conflict while sales order update'),
('1397', 'UPDATE sales_orders SET version=version+1 WHERE order_no=&#039;2&#039; AND version=13 AND trans_type=30', '1', 'Concurrent editing conflict while sales order update'),
('1398', 'UPDATE sales_orders SET version=version+1 WHERE order_no=&#039;3&#039; AND version=14 AND trans_type=30', '1', 'Concurrent editing conflict while sales order update'),
('1399', 'UPDATE sales_orders SET version=version+1 WHERE order_no=&#039;4&#039; AND version=14 AND trans_type=30', '1', 'Concurrent editing conflict while sales order update'),
('1400', 'UPDATE sales_orders SET version=version+1 WHERE order_no=&#039;5&#039; AND version=13 AND trans_type=30', '1', 'Concurrent editing conflict while sales order update'),
('1401', 'UPDATE sales_orders SET version=version+1 WHERE order_no=&#039;6&#039; AND version=13 AND trans_type=30', '1', 'Concurrent editing conflict while sales order update'),
('1402', 'UPDATE sales_orders SET version=version+1 WHERE order_no=&#039;7&#039; AND version=12 AND trans_type=30', '1', 'Concurrent editing conflict while sales order update'),
('1403', 'UPDATE sales_orders SET version=version+1 WHERE order_no=&#039;8&#039; AND version=12 AND trans_type=30', '1', 'Concurrent editing conflict while sales order update'),
('1404', 'UPDATE sales_orders SET version=version+1 WHERE order_no=&#039;9&#039; AND version=12 AND trans_type=30', '1', 'Concurrent editing conflict while sales order update'),
('1405', 'UPDATE sales_orders SET version=version+1 WHERE order_no=&#039;10&#039; AND version=13 AND trans_type=30', '1', 'Concurrent editing conflict while sales order update'),
('1406', 'UPDATE sales_orders SET version=version+1 WHERE order_no=&#039;11&#039; AND version=12 AND trans_type=30', '1', 'Concurrent editing conflict while sales order update'),
('1407', 'UPDATE sales_orders SET version=version+1 WHERE order_no=&#039;12&#039; AND version=12 AND trans_type=30', '1', 'Concurrent editing conflict while sales order update'),
('1408', 'UPDATE sales_orders SET version=version+1 WHERE order_no=&#039;13&#039; AND version=13 AND trans_type=30', '1', 'Concurrent editing conflict while sales order update'),
('1409', 'UPDATE sales_orders SET version=version+1 WHERE order_no=&#039;14&#039; AND version=13 AND trans_type=30', '1', 'Concurrent editing conflict while sales order update'),
('1410', 'UPDATE sales_orders SET version=version+1 WHERE order_no=&#039;15&#039; AND version=13 AND trans_type=30', '1', 'Concurrent editing conflict while sales order update'),
('1411', 'UPDATE sales_orders SET version=version+1 WHERE order_no=&#039;16&#039; AND version=13 AND trans_type=30', '1', 'Concurrent editing conflict while sales order update'),
('1412', 'UPDATE sales_orders SET version=version+1 WHERE order_no=&#039;17&#039; AND version=13 AND trans_type=30', '1', 'Concurrent editing conflict while sales order update'),
('1413', 'UPDATE sales_orders SET version=version+1 WHERE order_no=&#039;18&#039; AND version=13 AND trans_type=30', '1', 'Concurrent editing conflict while sales order update'),
('1414', 'UPDATE sales_orders SET version=version+1 WHERE order_no=&#039;19&#039; AND version=13 AND trans_type=30', '1', 'Concurrent editing conflict while sales order update'),
('1415', 'UPDATE sales_orders SET version=version+1 WHERE order_no=&#039;20&#039; AND version=13 AND trans_type=30', '1', 'Concurrent editing conflict while sales order update'),
('1416', 'UPDATE sales_orders SET version=version+1 WHERE order_no=&#039;21&#039; AND version=13 AND trans_type=30', '1', 'Concurrent editing conflict while sales order update'),
('1417', 'UPDATE sales_orders SET version=version+1 WHERE order_no=&#039;22&#039; AND version=14 AND trans_type=30', '1', 'Concurrent editing conflict while sales order update'),
('1418', 'UPDATE sales_orders SET version=version+1 WHERE order_no=&#039;23&#039; AND version=14 AND trans_type=30', '1', 'Concurrent editing conflict while sales order update'),
('1419', 'UPDATE sales_orders SET version=version+1 WHERE order_no=&#039;24&#039; AND version=14 AND trans_type=30', '1', 'Concurrent editing conflict while sales order update'),
('1420', 'UPDATE sales_orders SET version=version+1 WHERE order_no=&#039;25&#039; AND version=13 AND trans_type=30', '1', 'Concurrent editing conflict while sales order update'),
('1421', 'UPDATE sales_orders SET version=version+1 WHERE order_no=&#039;26&#039; AND version=10 AND trans_type=30', '1', 'Concurrent editing conflict while sales order update'),
('1422', 'UPDATE sales_orders SET version=version+1 WHERE order_no=&#039;27&#039; AND version=1 AND trans_type=30', '1', 'Concurrent editing conflict while sales order update'),
('1423', 'UPDATE sales_orders SET version=version+1 WHERE order_no=&#039;28&#039; AND version=1 AND trans_type=30', '1', 'Concurrent editing conflict while sales order update'),
('1424', 'UPDATE sales_orders SET version=version+1 WHERE order_no=&#039;29&#039; AND version=2 AND trans_type=30', '1', 'Concurrent editing conflict while sales order update'),
('1425', 'UPDATE sales_orders SET version=version+1 WHERE order_no=&#039;30&#039; AND version=1 AND trans_type=30', '1', 'Concurrent editing conflict while sales order update'),
('1426', 'UPDATE sales_orders SET version=version+1 WHERE order_no=&#039;31&#039; AND version=1 AND trans_type=30', '1', 'Concurrent editing conflict while sales order update'),
('1427', 'UPDATE sales_orders SET version=version+1 WHERE order_no=&#039;32&#039; AND version=1 AND trans_type=30', '1', 'Concurrent editing conflict while sales order update'),
('1428', 'UPDATE sales_orders SET version=version+1 WHERE order_no=&#039;33&#039; AND version=1 AND trans_type=30', '1', 'Concurrent editing conflict while sales order update'),
('1429', 'UPDATE sales_orders SET version=version+1 WHERE order_no=&#039;34&#039; AND version=1 AND trans_type=30', '1', 'Concurrent editing conflict while sales order update'),
('1430', 'UPDATE sales_orders SET version=version+1 WHERE order_no=&#039;35&#039; AND version=1 AND trans_type=30', '1', 'Concurrent editing conflict while sales order update'),
('1431', 'UPDATE debtor_trans SET\n			debtor_no=&#039;2&#039; , branch_code=&#039;2&#039;,\n			tran_date=&#039;2015-06-11&#039;, due_date=&#039;2015-08-07&#039;,\n			reference=&#039;IN15005&#039;, tpe=&#039;1&#039;, order_=&#039;6&#039;,\n			ov_amount=38398.5, ov_discount=&#039;0&#039;, ov_gst=0,\n			ov_freight=&#039;0&#039;, ov_freight_tax=0, rate=1,\n			ship_via=&#039;1&#039;, alloc=0,\n			dimension_id=&#039;0&#039;, dimension2_id=&#039;0&#039;,\n			payment_terms=&#039;5&#039;, cheque=&#039;&#039;, reason=&#039;&#039;\n\n			WHERE trans_no=&#039;6&#039; AND type=&#039;13&#039;', '1', 'The debtor transaction record could not be inserted'),
('1432', 'UPDATE gl_trans SET amount=0 WHERE type=&#039;13&#039; AND type_no=&#039;6&#039;', '1', 'could not void gl transactions for type=13 and trans_no=6'),
('1433', 'UPDATE stock_master SET material_cost=&#039;0&#039;\n		WHERE stock_id=&#039;MATRADE&#039;', '1', 'The cost details for the inventory item could not be updated'),
('1434', 'DELETE FROM stock_moves WHERE type=&#039;13&#039;	AND trans_no=&#039;6&#039;', '1', 'The stock movement cannot be delated'),
('1435', 'UPDATE trans_tax_details SET amount=0, net_amount=0\n	WHERE trans_no=&#039;6&#039; AND trans_type=&#039;13&#039;', '1', 'The transaction tax details could not be voided'),
('1436', 'DELETE FROM comments WHERE type=&#039;13&#039; AND id=&#039;6&#039;', '1', 'could not delete from comments transaction table'),
('1437', 'INSERT INTO debtor_trans_details (debtor_trans_no,\n				debtor_trans_type, stock_id, description, quantity, unit_price,\n				unit_tax, discount_percent, standard_cost, tax_type_id, src_id)\n			VALUES (&#039;6&#039;, &#039;13&#039;, &#039;MATRADE&#039;, &#039;PUSUT PAMERAN MATRADE&#039;,\n				1, 38398.50, 0,\n				0, 0, &#039;26&#039;,&#039;0&#039;)', '1', 'The debtor transaction detail could not be written'),
('1438', 'UPDATE sales_order_details\n				SET qty_sent = qty_sent + 1 WHERE id=&#039;0&#039;', '1', 'The parent document detail record could not be updated'),
('1439', 'INSERT INTO stock_moves (stock_id, trans_no, type, loc_code,\n		tran_date, person_id, reference, qty, standard_cost, visible, price,\n		discount_percent) VALUES (&#039;MATRADE&#039;, &#039;6&#039;, &#039;13&#039;,	&#039;&#039;, &#039;2015-06-11&#039;, &#039;0&#039;, &#039;IN15005&#039;, &#039;-1&#039;, &#039;0&#039;,&#039;1&#039;, &#039;38398.50&#039;, &#039;0&#039;)', '1', 'The customer stock movement record cannot be inserted'),
('1440', 'INSERT INTO debtor_trans_details (debtor_trans_no,\n				debtor_trans_type, stock_id, description, quantity, unit_price,\n				unit_tax, discount_percent, standard_cost, tax_type_id, src_id)\n			VALUES (&#039;6&#039;, &#039;13&#039;, &#039;RETENTION&#039;, &#039;RETENTION FUND - MATRADE&#039;,\n				1, -4025.00, 0,\n				0, 0, &#039;31&#039;,&#039;0&#039;)', '1', 'The debtor transaction detail could not be written'),
('1441', 'UPDATE sales_order_details\n				SET qty_sent = qty_sent + 1 WHERE id=&#039;0&#039;', '1', 'The parent document detail record could not be updated'),
('1442', 'INSERT INTO stock_moves (stock_id, trans_no, type, loc_code,\n		tran_date, person_id, reference, qty, standard_cost, visible, price,\n		discount_percent) VALUES (&#039;RETENTION&#039;, &#039;6&#039;, &#039;13&#039;,	&#039;&#039;, &#039;2015-06-11&#039;, &#039;0&#039;, &#039;IN15005&#039;, &#039;-1&#039;, &#039;0&#039;,&#039;1&#039;, &#039;-4025.00&#039;, &#039;0&#039;)', '1', 'The customer stock movement record cannot be inserted'),
('1443', 'INSERT INTO debtor_trans_details (debtor_trans_no,\n				debtor_trans_type, stock_id, description, quantity, unit_price,\n				unit_tax, discount_percent, standard_cost, tax_type_id, src_id)\n			VALUES (&#039;6&#039;, &#039;13&#039;, &#039;MATRADE&#039;, &#039;PUSUT PAMERAN MATRADE&#039;,\n				1, 4025.00, 0,\n				0, 0, &#039;31&#039;,&#039;0&#039;)', '1', 'The debtor transaction detail could not be written'),
('1444', 'UPDATE sales_order_details\n				SET qty_sent = qty_sent + 1 WHERE id=&#039;0&#039;', '1', 'The parent document detail record could not be updated'),
('1445', 'INSERT INTO stock_moves (stock_id, trans_no, type, loc_code,\n		tran_date, person_id, reference, qty, standard_cost, visible, price,\n		discount_percent) VALUES (&#039;MATRADE&#039;, &#039;6&#039;, &#039;13&#039;,	&#039;&#039;, &#039;2015-06-11&#039;, &#039;0&#039;, &#039;IN15005&#039;, &#039;-1&#039;, &#039;0&#039;,&#039;1&#039;, &#039;4025.00&#039;, &#039;0&#039;)', '1', 'The customer stock movement record cannot be inserted'),
('1446', 'UPDATE sales_order_details\n		SET quantity = qty_sent WHERE order_no = &#039;6&#039; AND trans_type=30', '1', 'The sales order detail record could not be updated'),
('1447', 'INSERT INTO trans_tax_details\n	(trans_type, trans_no, tran_date, tax_type_id, rate, ex_rate,\n	included_in_price, net_amount, amount, memo)\n	VALUES (&#039;13&#039;,&#039;6&#039;,&#039;2015-06-11&#039;,&#039;26&#039;,&#039;6&#039;,&#039;1&#039;,1,&#039;38398.5&#039;,&#039;2173.5&#039;,&#039;IN15005&#039;)', '1', 'Cannot save trans tax details'),
('1448', 'DELETE FROM comments WHERE type=&#039;10&#039; AND id=&#039;6&#039;', '1', 'could not delete from comments transaction table'),
('1449', 'UPDATE gl_trans SET amount=0 WHERE type=&#039;10&#039; AND type_no=&#039;6&#039;', '1', 'could not void gl transactions for type=10 and trans_no=6'),
('1450', 'DELETE FROM cust_allocations\n		WHERE (trans_type_from=&#039;10&#039; AND trans_no_from=&#039;6&#039;)\n		OR (trans_type_to=&#039;10&#039; AND trans_no_to=&#039;6&#039;)', '1', 'could not void debtor transactions for type=10 and trans_no=6'),
('1451', 'UPDATE trans_tax_details SET amount=0, net_amount=0\n	WHERE trans_no=&#039;6&#039; AND trans_type=&#039;10&#039;', '1', 'The transaction tax details could not be voided'),
('1452', 'UPDATE debtor_trans SET version=version+1\n			WHERE type=&#039;13&#039; AND ((trans_no=&#039;1&#039; AND version=15) OR (trans_no=&#039;2&#039; AND version=13) OR (trans_no=&#039;3&#039; AND version=14) OR (trans_no=&#039;4&#039; AND version=14) OR (trans_no=&#039;5&#039; AND version=13) OR (trans_no=&#039;6&#039; AND version=13) OR (trans_no=&#039;7&#039; AND version=12) OR (trans_no=&#039;8&#039; AND version=12) OR (trans_no=&#039;9&#039; AND version=12) OR (trans_no=&#039;10&#039; AND version=13) OR (trans_no=&#039;11&#039; AND version=12) OR (trans_no=&#039;12&#039; AND version=12) OR (trans_no=&#039;13&#039; AND version=13) OR (trans_no=&#039;14&#039; AND version=13) OR (trans_no=&#039;15&#039; AND version=13) OR (trans_no=&#039;16&#039; AND version=13) OR (trans_no=&#039;17&#039; AND version=13) OR (trans_no=&#039;18&#039; AND version=13) OR (trans_no=&#039;19&#039; AND version=13) OR (trans_no=&#039;20&#039; AND version=13) OR (trans_no=&#039;21&#039; AND version=13) OR (trans_no=&#039;22&#039; AND version=14) OR (trans_no=&#039;23&#039; AND version=14) OR (trans_no=&#039;24&#039; AND version=14) OR (trans_no=&#039;25&#039; AND version=13) OR (trans_no=&#039;26&#039; AND version=10) OR (trans_no=&#039;27&#039; AND version=1) OR (trans_no=&#039;28&#039; AND version=1) OR (trans_no=&#039;29&#039; AND version=2) OR (trans_no=&#039;30&#039; AND version=1) OR (trans_no=&#039;31&#039; AND version=1) OR (trans_no=&#039;32&#039; AND version=1) OR (trans_no=&#039;33&#039; AND version=1) OR (trans_no=&#039;34&#039; AND version=1) OR (trans_no=&#039;35&#039; AND version=1))', '1', 'Concurrent editing conflict'),
('1453', 'UPDATE `debtor_trans` SET `debtor_no` = &#039;2&#039;, `branch_code` = &#039;2&#039;, `tran_date` = &#039;2015-06-11&#039;, `due_date` = &#039;2015-08-07&#039;, `reference` = &#039;IN15005&#039;, `tpe` = &#039;1&#039;, `order_` = &#039;6&#039;, `ov_amount` = 0, `ov_freight` = 0, `ship_via` = &#039;1&#039;, `dimension_id` = &#039;0&#039;, `dimension2_id` = &#039;0&#039;, `payment_terms` = &#039;5&#039;, `rate` = 1, `ov_discount` = 0, `ov_gst` = 0, `ov_freight_tax` = 0 WHERE `trans_no` =  6 AND `type` =  10 LIMIT 1', '1', 'The debtor transaction record could not be inserted'),
('1454', 'INSERT INTO `debtor_trans_details` (`tax_type_id`, `debtor_trans_no`, `stock_id`, `description`, `quantity`, `unit_price`, `unit_tax`, `discount_percent`, `standard_cost`, `src_id`, `debtor_trans_type`) VALUES (&#039;26&#039;, 6, &#039;MATRADE&#039;, &#039;PUSUT PAMERAN MATRADE&#039;, &#039;1&#039;, &#039;38398.50&#039;, 2173.5, 0, &#039;0&#039;, 0, 10)', '1', 'The debtor transaction detail could not be written'),
('1455', 'UPDATE `debtor_trans_details` SET `qty_done` = qty_done +1 WHERE `id` =  0 LIMIT 1', '1', 'The parent document detail record could not be updated'),
('1456', 'UPDATE `trans_tax_details` SET `trans_type` = 10, `trans_no` = 6 WHERE `trans_type` =  10 AND `trans_no` =  6 AND `tran_date` =  &#039;11-06-2015&#039; AND `tax_type_id` =  &#039;26&#039; AND `included_in_price` =  &#039;1&#039; AND `ex_rate` =  1 AND `memo` =  &#039;IN15005&#039; AND `rate` =  &#039;6&#039; AND `amount` =  2173.5 AND `net_amount` =  36225 LIMIT 1', '1', 'Cannot save trans tax details'),
('1457', 'INSERT INTO `debtor_trans_details` (`tax_type_id`, `debtor_trans_no`, `stock_id`, `description`, `quantity`, `unit_price`, `unit_tax`, `discount_percent`, `standard_cost`, `src_id`, `debtor_trans_type`) VALUES (&#039;31&#039;, 6, &#039;RETENTION&#039;, &#039;RETENTION FUND - MATRADE&#039;, &#039;1&#039;, &#039;-4025.00&#039;, -0, 0, &#039;0&#039;, 0, 10)', '1', 'The debtor transaction detail could not be written');
INSERT INTO `sql_trail` VALUES
('1458', 'UPDATE `debtor_trans_details` SET `qty_done` = qty_done +1 WHERE `id` =  0 LIMIT 1', '1', 'The parent document detail record could not be updated'),
('1459', 'UPDATE `trans_tax_details` SET `trans_type` = 10, `trans_no` = 6 WHERE `trans_type` =  10 AND `trans_no` =  6 AND `tran_date` =  &#039;11-06-2015&#039; AND `tax_type_id` =  &#039;31&#039; AND `included_in_price` =  &#039;1&#039; AND `ex_rate` =  1 AND `memo` =  &#039;IN15005&#039; AND `rate` =  &#039;0&#039; AND `amount` =  -0 AND `net_amount` =  -4025 LIMIT 1', '1', 'Cannot save trans tax details'),
('1460', 'INSERT INTO `debtor_trans_details` (`tax_type_id`, `debtor_trans_no`, `stock_id`, `description`, `quantity`, `unit_price`, `unit_tax`, `discount_percent`, `standard_cost`, `src_id`, `debtor_trans_type`) VALUES (&#039;31&#039;, 6, &#039;MATRADE&#039;, &#039;PUSUT PAMERAN MATRADE&#039;, &#039;1&#039;, &#039;4025.00&#039;, 0, 0, &#039;0&#039;, 0, 10)', '1', 'The debtor transaction detail could not be written'),
('1461', 'UPDATE `debtor_trans_details` SET `qty_done` = qty_done +1 WHERE `id` =  0 LIMIT 1', '1', 'The parent document detail record could not be updated'),
('1462', 'UPDATE `trans_tax_details` SET `trans_type` = 10, `trans_no` = 6 WHERE `trans_type` =  10 AND `trans_no` =  6 AND `tran_date` =  &#039;11-06-2015&#039; AND `tax_type_id` =  &#039;31&#039; AND `included_in_price` =  &#039;1&#039; AND `ex_rate` =  1 AND `memo` =  &#039;IN15005&#039; AND `rate` =  &#039;0&#039; AND `amount` =  0 AND `net_amount` =  4025 LIMIT 1', '1', 'Cannot save trans tax details'),
('1463', 'UPDATE `debtor_trans` SET `ov_amount` = 36225, `ov_gst` = 2173.5, `ov_discount` = 0 WHERE `trans_no` =  6 AND `type` =  10 LIMIT 1', '1', 'The debtor transaction record could not be inserted'),
('1464', 'INSERT INTO `gl_trans` (`type`, `type_no`, `tran_date`, `person_type_id`, `person_id`, `account`, `amount`, `dimension_id`, `dimension2_id`, `memo_`) VALUES (10, 6, &#039;2015-06-11&#039;, 2, &#039;2&#039;, &#039;4010&#039;, -36225, &#039;0&#039;, &#039;0&#039;, &#039;&#039;)', '1', 'The GL transaction could not be inserted'),
('1465', 'INSERT INTO `gl_trans` (`type`, `type_no`, `tran_date`, `person_type_id`, `person_id`, `account`, `amount`, `dimension_id`, `dimension2_id`, `memo_`) VALUES (10, 6, &#039;2015-06-11&#039;, 2, &#039;2&#039;, &#039;2150&#039;, -2173.5, 0, 0, &#039;&#039;)', '1', 'The GL transaction could not be inserted'),
('1466', 'INSERT INTO `gl_trans` (`type`, `type_no`, `tran_date`, `person_type_id`, `person_id`, `account`, `amount`, `dimension_id`, `dimension2_id`, `memo_`) VALUES (10, 6, &#039;2015-06-11&#039;, 2, &#039;2&#039;, &#039;1210&#039;, 4025, &#039;0&#039;, &#039;0&#039;, &#039;&#039;)', '1', 'The GL transaction could not be inserted'),
('1467', 'INSERT INTO `gl_trans` (`type`, `type_no`, `tran_date`, `person_type_id`, `person_id`, `account`, `amount`, `dimension_id`, `dimension2_id`, `memo_`) VALUES (10, 6, &#039;2015-06-11&#039;, 2, &#039;2&#039;, &#039;4010&#039;, -4025, &#039;0&#039;, &#039;0&#039;, &#039;&#039;)', '1', 'The GL transaction could not be inserted'),
('1468', 'INSERT INTO `gl_trans` (`type`, `type_no`, `tran_date`, `person_type_id`, `person_id`, `account`, `amount`, `dimension_id`, `dimension2_id`, `memo_`) VALUES (10, 6, &#039;2015-06-11&#039;, 2, &#039;2&#039;, &#039;1200&#039;, 38398.5, 0, 0, &#039;&#039;)', '1', 'The GL transaction could not be inserted'),
('1469', 'REPLACE refs SET reference=&#039;IN15005&#039;, type=&#039;10&#039;, id=&#039;6&#039;', '1', 'could not update reference entry'),
('1470', 'COMMIT', '1', 'could not commit a transaction'),
('1471', 'set @bal:=0', '1', ''),
('1472', 'set @bal:=0', '1', ''),
('1473', 'set @bal:=0', '1', ''),
('1474', 'set @bal:=0', '1', ''),
('1475', 'set @bal:=0', '1', ''),
('1476', 'BEGIN', '1', 'could not start a transaction'),
('1477', 'UPDATE sales_orders SET version=version+1 WHERE order_no=&#039;1&#039; AND version=16 AND trans_type=30', '1', 'Concurrent editing conflict while sales order update'),
('1478', 'UPDATE sales_orders SET version=version+1 WHERE order_no=&#039;2&#039; AND version=14 AND trans_type=30', '1', 'Concurrent editing conflict while sales order update'),
('1479', 'UPDATE sales_orders SET version=version+1 WHERE order_no=&#039;3&#039; AND version=15 AND trans_type=30', '1', 'Concurrent editing conflict while sales order update'),
('1480', 'UPDATE sales_orders SET version=version+1 WHERE order_no=&#039;4&#039; AND version=15 AND trans_type=30', '1', 'Concurrent editing conflict while sales order update'),
('1481', 'UPDATE sales_orders SET version=version+1 WHERE order_no=&#039;5&#039; AND version=14 AND trans_type=30', '1', 'Concurrent editing conflict while sales order update'),
('1482', 'UPDATE sales_orders SET version=version+1 WHERE order_no=&#039;6&#039; AND version=14 AND trans_type=30', '1', 'Concurrent editing conflict while sales order update'),
('1483', 'UPDATE sales_orders SET version=version+1 WHERE order_no=&#039;7&#039; AND version=13 AND trans_type=30', '1', 'Concurrent editing conflict while sales order update'),
('1484', 'UPDATE sales_orders SET version=version+1 WHERE order_no=&#039;8&#039; AND version=13 AND trans_type=30', '1', 'Concurrent editing conflict while sales order update'),
('1485', 'UPDATE sales_orders SET version=version+1 WHERE order_no=&#039;9&#039; AND version=13 AND trans_type=30', '1', 'Concurrent editing conflict while sales order update'),
('1486', 'UPDATE sales_orders SET version=version+1 WHERE order_no=&#039;10&#039; AND version=14 AND trans_type=30', '1', 'Concurrent editing conflict while sales order update'),
('1487', 'UPDATE sales_orders SET version=version+1 WHERE order_no=&#039;11&#039; AND version=13 AND trans_type=30', '1', 'Concurrent editing conflict while sales order update'),
('1488', 'UPDATE sales_orders SET version=version+1 WHERE order_no=&#039;12&#039; AND version=13 AND trans_type=30', '1', 'Concurrent editing conflict while sales order update'),
('1489', 'UPDATE sales_orders SET version=version+1 WHERE order_no=&#039;13&#039; AND version=14 AND trans_type=30', '1', 'Concurrent editing conflict while sales order update'),
('1490', 'UPDATE sales_orders SET version=version+1 WHERE order_no=&#039;14&#039; AND version=14 AND trans_type=30', '1', 'Concurrent editing conflict while sales order update'),
('1491', 'UPDATE sales_orders SET version=version+1 WHERE order_no=&#039;15&#039; AND version=14 AND trans_type=30', '1', 'Concurrent editing conflict while sales order update'),
('1492', 'UPDATE sales_orders SET version=version+1 WHERE order_no=&#039;16&#039; AND version=14 AND trans_type=30', '1', 'Concurrent editing conflict while sales order update'),
('1493', 'UPDATE sales_orders SET version=version+1 WHERE order_no=&#039;17&#039; AND version=14 AND trans_type=30', '1', 'Concurrent editing conflict while sales order update'),
('1494', 'UPDATE sales_orders SET version=version+1 WHERE order_no=&#039;18&#039; AND version=14 AND trans_type=30', '1', 'Concurrent editing conflict while sales order update'),
('1495', 'UPDATE sales_orders SET version=version+1 WHERE order_no=&#039;19&#039; AND version=14 AND trans_type=30', '1', 'Concurrent editing conflict while sales order update'),
('1496', 'UPDATE sales_orders SET version=version+1 WHERE order_no=&#039;20&#039; AND version=14 AND trans_type=30', '1', 'Concurrent editing conflict while sales order update'),
('1497', 'UPDATE sales_orders SET version=version+1 WHERE order_no=&#039;21&#039; AND version=14 AND trans_type=30', '1', 'Concurrent editing conflict while sales order update'),
('1498', 'UPDATE sales_orders SET version=version+1 WHERE order_no=&#039;22&#039; AND version=15 AND trans_type=30', '1', 'Concurrent editing conflict while sales order update'),
('1499', 'UPDATE sales_orders SET version=version+1 WHERE order_no=&#039;23&#039; AND version=15 AND trans_type=30', '1', 'Concurrent editing conflict while sales order update'),
('1500', 'UPDATE sales_orders SET version=version+1 WHERE order_no=&#039;24&#039; AND version=15 AND trans_type=30', '1', 'Concurrent editing conflict while sales order update'),
('1501', 'UPDATE sales_orders SET version=version+1 WHERE order_no=&#039;25&#039; AND version=14 AND trans_type=30', '1', 'Concurrent editing conflict while sales order update'),
('1502', 'UPDATE sales_orders SET version=version+1 WHERE order_no=&#039;26&#039; AND version=11 AND trans_type=30', '1', 'Concurrent editing conflict while sales order update'),
('1503', 'UPDATE sales_orders SET version=version+1 WHERE order_no=&#039;27&#039; AND version=2 AND trans_type=30', '1', 'Concurrent editing conflict while sales order update'),
('1504', 'UPDATE sales_orders SET version=version+1 WHERE order_no=&#039;28&#039; AND version=2 AND trans_type=30', '1', 'Concurrent editing conflict while sales order update'),
('1505', 'UPDATE sales_orders SET version=version+1 WHERE order_no=&#039;29&#039; AND version=3 AND trans_type=30', '1', 'Concurrent editing conflict while sales order update'),
('1506', 'UPDATE sales_orders SET version=version+1 WHERE order_no=&#039;30&#039; AND version=2 AND trans_type=30', '1', 'Concurrent editing conflict while sales order update'),
('1507', 'UPDATE sales_orders SET version=version+1 WHERE order_no=&#039;31&#039; AND version=2 AND trans_type=30', '1', 'Concurrent editing conflict while sales order update'),
('1508', 'UPDATE sales_orders SET version=version+1 WHERE order_no=&#039;32&#039; AND version=2 AND trans_type=30', '1', 'Concurrent editing conflict while sales order update'),
('1509', 'UPDATE sales_orders SET version=version+1 WHERE order_no=&#039;33&#039; AND version=2 AND trans_type=30', '1', 'Concurrent editing conflict while sales order update'),
('1510', 'UPDATE sales_orders SET version=version+1 WHERE order_no=&#039;34&#039; AND version=2 AND trans_type=30', '1', 'Concurrent editing conflict while sales order update'),
('1511', 'UPDATE sales_orders SET version=version+1 WHERE order_no=&#039;35&#039; AND version=2 AND trans_type=30', '1', 'Concurrent editing conflict while sales order update'),
('1512', 'UPDATE debtor_trans SET\n			debtor_no=&#039;3&#039; , branch_code=&#039;3&#039;,\n			tran_date=&#039;2015-06-30&#039;, due_date=&#039;2015-08-07&#039;,\n			reference=&#039;IN15020&#039;, tpe=&#039;1&#039;, order_=&#039;21&#039;,\n			ov_amount=36296.1, ov_discount=&#039;0&#039;, ov_gst=0,\n			ov_freight=&#039;0&#039;, ov_freight_tax=0, rate=1,\n			ship_via=&#039;1&#039;, alloc=0,\n			dimension_id=&#039;0&#039;, dimension2_id=&#039;0&#039;,\n			payment_terms=&#039;5&#039;, cheque=&#039;&#039;, reason=&#039;&#039;\n\n			WHERE trans_no=&#039;21&#039; AND type=&#039;13&#039;', '1', 'The debtor transaction record could not be inserted'),
('1513', 'UPDATE gl_trans SET amount=0 WHERE type=&#039;13&#039; AND type_no=&#039;21&#039;', '1', 'could not void gl transactions for type=13 and trans_no=21'),
('1514', 'UPDATE stock_master SET material_cost=&#039;0&#039;\n		WHERE stock_id=&#039;TPH&#039;', '1', 'The cost details for the inventory item could not be updated'),
('1515', 'DELETE FROM stock_moves WHERE type=&#039;13&#039;	AND trans_no=&#039;21&#039;', '1', 'The stock movement cannot be delated'),
('1516', 'UPDATE trans_tax_details SET amount=0, net_amount=0\n	WHERE trans_no=&#039;21&#039; AND trans_type=&#039;13&#039;', '1', 'The transaction tax details could not be voided'),
('1517', 'DELETE FROM comments WHERE type=&#039;13&#039; AND id=&#039;21&#039;', '1', 'could not delete from comments transaction table'),
('1518', 'INSERT INTO debtor_trans_details (debtor_trans_no,\n				debtor_trans_type, stock_id, description, quantity, unit_price,\n				unit_tax, discount_percent, standard_cost, tax_type_id, src_id)\n			VALUES (&#039;21&#039;, &#039;13&#039;, &#039;TPH&#039;, &#039;TEEGA PUTERI HARBOUR&#039;,\n				1, 36296.10, 0,\n				0, 0, &#039;26&#039;,&#039;0&#039;)', '1', 'The debtor transaction detail could not be written'),
('1519', 'UPDATE sales_order_details\n				SET qty_sent = qty_sent + 1 WHERE id=&#039;0&#039;', '1', 'The parent document detail record could not be updated'),
('1520', 'INSERT INTO stock_moves (stock_id, trans_no, type, loc_code,\n		tran_date, person_id, reference, qty, standard_cost, visible, price,\n		discount_percent) VALUES (&#039;TPH&#039;, &#039;21&#039;, &#039;13&#039;,	&#039;&#039;, &#039;2015-06-30&#039;, &#039;0&#039;, &#039;IN15020&#039;, &#039;-1&#039;, &#039;0&#039;,&#039;1&#039;, &#039;36296.10&#039;, &#039;0&#039;)', '1', 'The customer stock movement record cannot be inserted'),
('1521', 'INSERT INTO debtor_trans_details (debtor_trans_no,\n				debtor_trans_type, stock_id, description, quantity, unit_price,\n				unit_tax, discount_percent, standard_cost, tax_type_id, src_id)\n			VALUES (&#039;21&#039;, &#039;13&#039;, &#039;R4&#039;, &#039;RETENTION FUND - TEEGA PUTERI HARBOUR&#039;,\n				1, -8560.40, 0,\n				0, 0, &#039;31&#039;,&#039;0&#039;)', '1', 'The debtor transaction detail could not be written'),
('1522', 'UPDATE sales_order_details\n				SET qty_sent = qty_sent + 1 WHERE id=&#039;0&#039;', '1', 'The parent document detail record could not be updated'),
('1523', 'INSERT INTO stock_moves (stock_id, trans_no, type, loc_code,\n		tran_date, person_id, reference, qty, standard_cost, visible, price,\n		discount_percent) VALUES (&#039;R4&#039;, &#039;21&#039;, &#039;13&#039;,	&#039;&#039;, &#039;2015-06-30&#039;, &#039;0&#039;, &#039;IN15020&#039;, &#039;-1&#039;, &#039;0&#039;,&#039;1&#039;, &#039;-8560.40&#039;, &#039;0&#039;)', '1', 'The customer stock movement record cannot be inserted'),
('1524', 'INSERT INTO debtor_trans_details (debtor_trans_no,\n				debtor_trans_type, stock_id, description, quantity, unit_price,\n				unit_tax, discount_percent, standard_cost, tax_type_id, src_id)\n			VALUES (&#039;21&#039;, &#039;13&#039;, &#039;TPH&#039;, &#039;TEEGA PUTERI HARBOUR&#039;,\n				1, 8560.40, 0,\n				0, 0, &#039;31&#039;,&#039;0&#039;)', '1', 'The debtor transaction detail could not be written'),
('1525', 'UPDATE sales_order_details\n				SET qty_sent = qty_sent + 1 WHERE id=&#039;0&#039;', '1', 'The parent document detail record could not be updated'),
('1526', 'INSERT INTO stock_moves (stock_id, trans_no, type, loc_code,\n		tran_date, person_id, reference, qty, standard_cost, visible, price,\n		discount_percent) VALUES (&#039;TPH&#039;, &#039;21&#039;, &#039;13&#039;,	&#039;&#039;, &#039;2015-06-30&#039;, &#039;0&#039;, &#039;IN15020&#039;, &#039;-1&#039;, &#039;0&#039;,&#039;1&#039;, &#039;8560.40&#039;, &#039;0&#039;)', '1', 'The customer stock movement record cannot be inserted'),
('1527', 'UPDATE sales_order_details\n		SET quantity = qty_sent WHERE order_no = &#039;21&#039; AND trans_type=30', '1', 'The sales order detail record could not be updated'),
('1528', 'INSERT INTO trans_tax_details\n	(trans_type, trans_no, tran_date, tax_type_id, rate, ex_rate,\n	included_in_price, net_amount, amount, memo)\n	VALUES (&#039;13&#039;,&#039;21&#039;,&#039;2015-06-30&#039;,&#039;26&#039;,&#039;6&#039;,&#039;1&#039;,1,&#039;36296.1&#039;,&#039;2054.5&#039;,&#039;IN15020&#039;)', '1', 'Cannot save trans tax details'),
('1529', 'DELETE FROM comments WHERE type=&#039;10&#039; AND id=&#039;21&#039;', '1', 'could not delete from comments transaction table'),
('1530', 'UPDATE gl_trans SET amount=0 WHERE type=&#039;10&#039; AND type_no=&#039;21&#039;', '1', 'could not void gl transactions for type=10 and trans_no=21'),
('1531', 'DELETE FROM cust_allocations\n		WHERE (trans_type_from=&#039;10&#039; AND trans_no_from=&#039;21&#039;)\n		OR (trans_type_to=&#039;10&#039; AND trans_no_to=&#039;21&#039;)', '1', 'could not void debtor transactions for type=10 and trans_no=21'),
('1532', 'UPDATE trans_tax_details SET amount=0, net_amount=0\n	WHERE trans_no=&#039;21&#039; AND trans_type=&#039;10&#039;', '1', 'The transaction tax details could not be voided'),
('1533', 'UPDATE debtor_trans SET version=version+1\n			WHERE type=&#039;13&#039; AND ((trans_no=&#039;1&#039; AND version=16) OR (trans_no=&#039;2&#039; AND version=14) OR (trans_no=&#039;3&#039; AND version=15) OR (trans_no=&#039;4&#039; AND version=15) OR (trans_no=&#039;5&#039; AND version=14) OR (trans_no=&#039;6&#039; AND version=14) OR (trans_no=&#039;7&#039; AND version=13) OR (trans_no=&#039;8&#039; AND version=13) OR (trans_no=&#039;9&#039; AND version=13) OR (trans_no=&#039;10&#039; AND version=14) OR (trans_no=&#039;11&#039; AND version=13) OR (trans_no=&#039;12&#039; AND version=13) OR (trans_no=&#039;13&#039; AND version=14) OR (trans_no=&#039;14&#039; AND version=14) OR (trans_no=&#039;15&#039; AND version=14) OR (trans_no=&#039;16&#039; AND version=14) OR (trans_no=&#039;17&#039; AND version=14) OR (trans_no=&#039;18&#039; AND version=14) OR (trans_no=&#039;19&#039; AND version=14) OR (trans_no=&#039;20&#039; AND version=14) OR (trans_no=&#039;21&#039; AND version=14) OR (trans_no=&#039;22&#039; AND version=15) OR (trans_no=&#039;23&#039; AND version=15) OR (trans_no=&#039;24&#039; AND version=15) OR (trans_no=&#039;25&#039; AND version=14) OR (trans_no=&#039;26&#039; AND version=11) OR (trans_no=&#039;27&#039; AND version=2) OR (trans_no=&#039;28&#039; AND version=2) OR (trans_no=&#039;29&#039; AND version=3) OR (trans_no=&#039;30&#039; AND version=2) OR (trans_no=&#039;31&#039; AND version=2) OR (trans_no=&#039;32&#039; AND version=2) OR (trans_no=&#039;33&#039; AND version=2) OR (trans_no=&#039;34&#039; AND version=2) OR (trans_no=&#039;35&#039; AND version=2))', '1', 'Concurrent editing conflict'),
('1534', 'UPDATE `debtor_trans` SET `debtor_no` = &#039;3&#039;, `branch_code` = &#039;3&#039;, `tran_date` = &#039;2015-06-30&#039;, `due_date` = &#039;2015-08-07&#039;, `reference` = &#039;IN15020&#039;, `tpe` = &#039;1&#039;, `order_` = &#039;21&#039;, `ov_amount` = 0, `ov_freight` = 0, `ship_via` = &#039;1&#039;, `dimension_id` = &#039;0&#039;, `dimension2_id` = &#039;0&#039;, `payment_terms` = &#039;5&#039;, `rate` = 1, `ov_discount` = 0, `ov_gst` = 0, `ov_freight_tax` = 0 WHERE `trans_no` =  21 AND `type` =  10 LIMIT 1', '1', 'The debtor transaction record could not be inserted'),
('1535', 'INSERT INTO `debtor_trans_details` (`tax_type_id`, `debtor_trans_no`, `stock_id`, `description`, `quantity`, `unit_price`, `unit_tax`, `discount_percent`, `standard_cost`, `src_id`, `debtor_trans_type`) VALUES (&#039;26&#039;, 21, &#039;TPH&#039;, &#039;TEEGA PUTERI HARBOUR&#039;, &#039;1&#039;, &#039;36296.10&#039;, 2054.4962264151, 0, &#039;0&#039;, 0, 10)', '1', 'The debtor transaction detail could not be written'),
('1536', 'UPDATE `debtor_trans_details` SET `qty_done` = qty_done +1 WHERE `id` =  0 LIMIT 1', '1', 'The parent document detail record could not be updated'),
('1537', 'UPDATE `trans_tax_details` SET `trans_type` = 10, `trans_no` = 21 WHERE `trans_type` =  10 AND `trans_no` =  21 AND `tran_date` =  &#039;30-06-2015&#039; AND `tax_type_id` =  &#039;26&#039; AND `included_in_price` =  &#039;1&#039; AND `ex_rate` =  1 AND `memo` =  &#039;IN15020&#039; AND `rate` =  &#039;6&#039; AND `amount` =  2054.4962264151 AND `net_amount` =  34241.603773585 LIMIT 1', '1', 'Cannot save trans tax details'),
('1538', 'INSERT INTO `debtor_trans_details` (`tax_type_id`, `debtor_trans_no`, `stock_id`, `description`, `quantity`, `unit_price`, `unit_tax`, `discount_percent`, `standard_cost`, `src_id`, `debtor_trans_type`) VALUES (&#039;31&#039;, 21, &#039;R4&#039;, &#039;RETENTION FUND - TEEGA PUTERI HARBOUR&#039;, &#039;1&#039;, &#039;-8560.40&#039;, -0, 0, &#039;0&#039;, 0, 10)', '1', 'The debtor transaction detail could not be written'),
('1539', 'UPDATE `debtor_trans_details` SET `qty_done` = qty_done +1 WHERE `id` =  0 LIMIT 1', '1', 'The parent document detail record could not be updated'),
('1540', 'UPDATE `trans_tax_details` SET `trans_type` = 10, `trans_no` = 21 WHERE `trans_type` =  10 AND `trans_no` =  21 AND `tran_date` =  &#039;30-06-2015&#039; AND `tax_type_id` =  &#039;31&#039; AND `included_in_price` =  &#039;1&#039; AND `ex_rate` =  1 AND `memo` =  &#039;IN15020&#039; AND `rate` =  &#039;0&#039; AND `amount` =  -0 AND `net_amount` =  -8560.4 LIMIT 1', '1', 'Cannot save trans tax details'),
('1541', 'INSERT INTO `debtor_trans_details` (`tax_type_id`, `debtor_trans_no`, `stock_id`, `description`, `quantity`, `unit_price`, `unit_tax`, `discount_percent`, `standard_cost`, `src_id`, `debtor_trans_type`) VALUES (&#039;31&#039;, 21, &#039;TPH&#039;, &#039;TEEGA PUTERI HARBOUR&#039;, &#039;1&#039;, &#039;8560.40&#039;, 0, 0, &#039;0&#039;, 0, 10)', '1', 'The debtor transaction detail could not be written'),
('1542', 'UPDATE `debtor_trans_details` SET `qty_done` = qty_done +1 WHERE `id` =  0 LIMIT 1', '1', 'The parent document detail record could not be updated'),
('1543', 'UPDATE `trans_tax_details` SET `trans_type` = 10, `trans_no` = 21 WHERE `trans_type` =  10 AND `trans_no` =  21 AND `tran_date` =  &#039;30-06-2015&#039; AND `tax_type_id` =  &#039;31&#039; AND `included_in_price` =  &#039;1&#039; AND `ex_rate` =  1 AND `memo` =  &#039;IN15020&#039; AND `rate` =  &#039;0&#039; AND `amount` =  0 AND `net_amount` =  8560.4 LIMIT 1', '1', 'Cannot save trans tax details'),
('1544', 'UPDATE `debtor_trans` SET `ov_amount` = 34241.603773585, `ov_gst` = 2054.4962264151, `ov_discount` = 0 WHERE `trans_no` =  21 AND `type` =  10 LIMIT 1', '1', 'The debtor transaction record could not be inserted'),
('1545', 'INSERT INTO `gl_trans` (`type`, `type_no`, `tran_date`, `person_type_id`, `person_id`, `account`, `amount`, `dimension_id`, `dimension2_id`, `memo_`) VALUES (10, 21, &#039;2015-06-30&#039;, 2, &#039;3&#039;, &#039;4010&#039;, -34241.6, &#039;0&#039;, &#039;0&#039;, &#039;&#039;)', '1', 'The GL transaction could not be inserted'),
('1546', 'INSERT INTO `gl_trans` (`type`, `type_no`, `tran_date`, `person_type_id`, `person_id`, `account`, `amount`, `dimension_id`, `dimension2_id`, `memo_`) VALUES (10, 21, &#039;2015-06-30&#039;, 2, &#039;3&#039;, &#039;2150&#039;, -2054.5, 0, 0, &#039;&#039;)', '1', 'The GL transaction could not be inserted'),
('1547', 'INSERT INTO `gl_trans` (`type`, `type_no`, `tran_date`, `person_type_id`, `person_id`, `account`, `amount`, `dimension_id`, `dimension2_id`, `memo_`) VALUES (10, 21, &#039;2015-06-30&#039;, 2, &#039;3&#039;, &#039;1210&#039;, 8560.4, &#039;0&#039;, &#039;0&#039;, &#039;&#039;)', '1', 'The GL transaction could not be inserted'),
('1548', 'INSERT INTO `gl_trans` (`type`, `type_no`, `tran_date`, `person_type_id`, `person_id`, `account`, `amount`, `dimension_id`, `dimension2_id`, `memo_`) VALUES (10, 21, &#039;2015-06-30&#039;, 2, &#039;3&#039;, &#039;4010&#039;, -8560.4, &#039;0&#039;, &#039;0&#039;, &#039;&#039;)', '1', 'The GL transaction could not be inserted'),
('1549', 'INSERT INTO `gl_trans` (`type`, `type_no`, `tran_date`, `person_type_id`, `person_id`, `account`, `amount`, `dimension_id`, `dimension2_id`, `memo_`) VALUES (10, 21, &#039;2015-06-30&#039;, 2, &#039;3&#039;, &#039;1200&#039;, 36296.1, 0, 0, &#039;&#039;)', '1', 'The GL transaction could not be inserted'),
('1550', 'REPLACE refs SET reference=&#039;IN15020&#039;, type=&#039;10&#039;, id=&#039;21&#039;', '1', 'could not update reference entry'),
('1551', 'COMMIT', '1', 'could not commit a transaction'),
('1552', 'BEGIN', '1', 'could not start a transaction'),
('1553', 'UPDATE `gl_trans` SET `amount` = 0 WHERE `type` =  20 AND `type_no` =  &#039;3&#039;', '1', 'The gl_trans could not be updated'),
('1554', 'DELETE FROM `supp_invoice_items`\nWHERE `supp_trans_type` =  20\nAND `supp_trans_no` =  &#039;3&#039;', '1', 'The supp_invoice_items could not be updated'),
('1555', 'UPDATE `supp_trans` SET `supplier_id` = &#039;1&#039;, `tran_date` = &#039;2015-04-02&#039;, `due_date` = &#039;2015-04-02&#039;, `reference` = &#039;1420383982&#039;, `supp_reference` = &#039;1420383982&#039;, `ov_amount` = 0, `ov_gst` = 0, `ov_discount` = NULL, `tax_included` = NULL, `fixed_access` = NULL, `cheque` = NULL, `reason` = NULL, `rate` = 1 WHERE `trans_no` =  &#039;3&#039; AND `type` =  20 LIMIT 1', '1', 'The supp_trans could not be updated'),
('1556', 'UPDATE purch_order_details\n		SET qty_invoiced = qty_invoiced + &#039;1&#039; , act_price = &#039;455.99&#039; WHERE po_detail_item = &#039;3&#039;', '1', 'The quantity invoiced of the purchase order line could not be updated'),
('1557', 'UPDATE grn_items\n        SET quantity_inv = quantity_inv + &#039;1&#039;\n        WHERE id = &#039;3&#039;', '1', 'The quantity invoiced off the items received record could not be updated'),
('1558', 'ROLLBACK', '1', 'could not cancel a transaction'),
('1559', 'BEGIN', '1', 'could not start a transaction'),
('1560', 'UPDATE bank_trans SET amount=0\n		WHERE type=&#039;20&#039; AND trans_no=&#039;3&#039;', '1', 'could not void bank transactions for type=20 and trans_no=3'),
('1561', 'UPDATE gl_trans SET amount=0 WHERE type=&#039;20&#039; AND type_no=&#039;3&#039;', '1', 'could not void gl transactions for type=20 and trans_no=3'),
('1562', 'DELETE FROM cust_allocations\n		WHERE (trans_type_from=&#039;20&#039; AND trans_no_from=&#039;3&#039;)\n		OR (trans_type_to=&#039;20&#039; AND trans_no_to=&#039;3&#039;)', '1', 'could not void debtor transactions for type=20 and trans_no=3'),
('1563', 'UPDATE debtor_trans SET ov_amount=0, ov_discount=0, ov_gst=0, ov_freight=0,\n		ov_freight_tax=0, alloc=0, version=version+1 WHERE type=&#039;20&#039; AND trans_no=&#039;3&#039;', '1', 'could not void debtor transactions for type=20 and trans_no=3'),
('1564', 'DELETE FROM supp_allocations\n		WHERE (trans_type_from=&#039;20&#039; AND trans_no_from=&#039;3&#039;)\n		OR (trans_type_to=&#039;20&#039; AND trans_no_to=&#039;3&#039;)', '1', 'could not void supp transactions for type=20 and trans_no=3'),
('1565', 'UPDATE supp_trans SET ov_amount=0, ov_discount=0, ov_gst=0,\n		alloc=0 WHERE type=&#039;20&#039; AND trans_no=&#039;3&#039;', '1', 'could not void supp transactions for type=20 and trans_no=3'),
('1566', 'UPDATE trans_tax_details SET amount=0, net_amount=0\n	WHERE trans_no=&#039;3&#039; AND trans_type=&#039;20&#039;', '1', 'The transaction tax details could not be voided'),
('1567', 'UPDATE gl_trans SET amount=0 WHERE type=&#039;20&#039; AND type_no=&#039;3&#039;', '1', 'could not void gl transactions for type=20 and trans_no=3'),
('1568', 'DELETE FROM supp_allocations\n		WHERE (trans_type_from=&#039;20&#039; AND trans_no_from=&#039;3&#039;)\n		OR (trans_type_to=&#039;20&#039; AND trans_no_to=&#039;3&#039;)', '1', 'could not void supp transactions for type=20 and trans_no=3'),
('1569', 'UPDATE supp_trans SET ov_amount=0, ov_discount=0, ov_gst=0,\n		alloc=0 WHERE type=&#039;20&#039; AND trans_no=&#039;3&#039;', '1', 'could not void supp transactions for type=20 and trans_no=3'),
('1570', 'UPDATE purch_order_details\n		SET qty_invoiced = qty_invoiced + &#039;-1&#039; , act_price = &#039;455.99&#039; WHERE po_detail_item = &#039;3&#039;', '1', 'The quantity invoiced of the purchase order line could not be updated'),
('1571', 'UPDATE grn_items\n        SET quantity_inv = quantity_inv + &#039;-1&#039;\n        WHERE id = &#039;3&#039;', '1', 'The quantity invoiced off the items received record could not be updated'),
('1572', 'UPDATE stock_master SET material_cost=&#039;1245.5103030303&#039;\n		WHERE stock_id=&#039;PURCHASES&#039;', '1', 'The cost details for the inventory item could not be updated'),
('1573', 'UPDATE supp_invoice_items SET quantity=0, unit_price=0\n		WHERE supp_trans_type = &#039;20&#039; AND supp_trans_no=&#039;3&#039;', '1', 'could not void supptrans details'),
('1574', 'UPDATE trans_tax_details SET amount=0, net_amount=0\n	WHERE trans_no=&#039;3&#039; AND trans_type=&#039;20&#039;', '1', 'The transaction tax details could not be voided'),
('1575', 'COMMIT', '1', 'could not commit a transaction'),
('1576', 'INSERT INTO voided (type, id, date_, memo_)\n		VALUES (&#039;20&#039;, &#039;3&#039;, &#039;2015-09-28&#039;, &#039;WRONG ACCOUNT&#039;)', '1', 'could not add voided transaction entry'),
('1577', 'BEGIN', '1', 'could not start a transaction'),
('1578', 'UPDATE bank_trans SET amount=0\n		WHERE type=&#039;20&#039; AND trans_no=&#039;142&#039;', '1', 'could not void bank transactions for type=20 and trans_no=142'),
('1579', 'UPDATE gl_trans SET amount=0 WHERE type=&#039;20&#039; AND type_no=&#039;142&#039;', '1', 'could not void gl transactions for type=20 and trans_no=142'),
('1580', 'DELETE FROM cust_allocations\n		WHERE (trans_type_from=&#039;20&#039; AND trans_no_from=&#039;142&#039;)\n		OR (trans_type_to=&#039;20&#039; AND trans_no_to=&#039;142&#039;)', '1', 'could not void debtor transactions for type=20 and trans_no=142'),
('1581', 'UPDATE debtor_trans SET ov_amount=0, ov_discount=0, ov_gst=0, ov_freight=0,\n		ov_freight_tax=0, alloc=0, version=version+1 WHERE type=&#039;20&#039; AND trans_no=&#039;142&#039;', '1', 'could not void debtor transactions for type=20 and trans_no=142'),
('1582', 'DELETE FROM supp_allocations\n		WHERE (trans_type_from=&#039;20&#039; AND trans_no_from=&#039;142&#039;)\n		OR (trans_type_to=&#039;20&#039; AND trans_no_to=&#039;142&#039;)', '1', 'could not void supp transactions for type=20 and trans_no=142'),
('1583', 'UPDATE supp_trans SET ov_amount=0, ov_discount=0, ov_gst=0,\n		alloc=0 WHERE type=&#039;20&#039; AND trans_no=&#039;142&#039;', '1', 'could not void supp transactions for type=20 and trans_no=142'),
('1584', 'UPDATE trans_tax_details SET amount=0, net_amount=0\n	WHERE trans_no=&#039;142&#039; AND trans_type=&#039;20&#039;', '1', 'The transaction tax details could not be voided'),
('1585', 'UPDATE gl_trans SET amount=0 WHERE type=&#039;20&#039; AND type_no=&#039;142&#039;', '1', 'could not void gl transactions for type=20 and trans_no=142'),
('1586', 'DELETE FROM supp_allocations\n		WHERE (trans_type_from=&#039;20&#039; AND trans_no_from=&#039;142&#039;)\n		OR (trans_type_to=&#039;20&#039; AND trans_no_to=&#039;142&#039;)', '1', 'could not void supp transactions for type=20 and trans_no=142'),
('1587', 'UPDATE supp_trans SET ov_amount=0, ov_discount=0, ov_gst=0,\n		alloc=0 WHERE type=&#039;20&#039; AND trans_no=&#039;142&#039;', '1', 'could not void supp transactions for type=20 and trans_no=142'),
('1588', 'UPDATE purch_order_details\n		SET qty_invoiced = qty_invoiced + &#039;-1&#039; , act_price = &#039;455.99&#039; WHERE po_detail_item = &#039;142&#039;', '1', 'The quantity invoiced of the purchase order line could not be updated'),
('1589', 'UPDATE grn_items\n        SET quantity_inv = quantity_inv + &#039;-1&#039;\n        WHERE id = &#039;142&#039;', '1', 'The quantity invoiced off the items received record could not be updated'),
('1590', 'UPDATE stock_master SET material_cost=&#039;455.99&#039;\n		WHERE stock_id=&#039;BCS_DAMANSARA&#039;', '1', 'The cost details for the inventory item could not be updated'),
('1591', 'UPDATE supp_invoice_items SET quantity=0, unit_price=0\n		WHERE supp_trans_type = &#039;20&#039; AND supp_trans_no=&#039;142&#039;', '1', 'could not void supptrans details'),
('1592', 'UPDATE trans_tax_details SET amount=0, net_amount=0\n	WHERE trans_no=&#039;142&#039; AND trans_type=&#039;20&#039;', '1', 'The transaction tax details could not be voided'),
('1593', 'COMMIT', '1', 'could not commit a transaction'),
('1594', 'INSERT INTO voided (type, id, date_, memo_)\n		VALUES (&#039;20&#039;, &#039;142&#039;, &#039;2015-09-28&#039;, &#039;WRONG ACCOUNT&#039;)', '1', 'could not add voided transaction entry'),
('1595', 'BEGIN', '1', 'could not start a transaction'),
('1596', 'UPDATE bank_trans SET amount=0\n		WHERE type=&#039;20&#039; AND trans_no=&#039;145&#039;', '1', 'could not void bank transactions for type=20 and trans_no=145'),
('1597', 'UPDATE gl_trans SET amount=0 WHERE type=&#039;20&#039; AND type_no=&#039;145&#039;', '1', 'could not void gl transactions for type=20 and trans_no=145'),
('1598', 'DELETE FROM cust_allocations\n		WHERE (trans_type_from=&#039;20&#039; AND trans_no_from=&#039;145&#039;)\n		OR (trans_type_to=&#039;20&#039; AND trans_no_to=&#039;145&#039;)', '1', 'could not void debtor transactions for type=20 and trans_no=145'),
('1599', 'UPDATE debtor_trans SET ov_amount=0, ov_discount=0, ov_gst=0, ov_freight=0,\n		ov_freight_tax=0, alloc=0, version=version+1 WHERE type=&#039;20&#039; AND trans_no=&#039;145&#039;', '1', 'could not void debtor transactions for type=20 and trans_no=145'),
('1600', 'DELETE FROM supp_allocations\n		WHERE (trans_type_from=&#039;20&#039; AND trans_no_from=&#039;145&#039;)\n		OR (trans_type_to=&#039;20&#039; AND trans_no_to=&#039;145&#039;)', '1', 'could not void supp transactions for type=20 and trans_no=145'),
('1601', 'UPDATE supp_trans SET ov_amount=0, ov_discount=0, ov_gst=0,\n		alloc=0 WHERE type=&#039;20&#039; AND trans_no=&#039;145&#039;', '1', 'could not void supp transactions for type=20 and trans_no=145'),
('1602', 'UPDATE trans_tax_details SET amount=0, net_amount=0\n	WHERE trans_no=&#039;145&#039; AND trans_type=&#039;20&#039;', '1', 'The transaction tax details could not be voided'),
('1603', 'UPDATE gl_trans SET amount=0 WHERE type=&#039;20&#039; AND type_no=&#039;145&#039;', '1', 'could not void gl transactions for type=20 and trans_no=145'),
('1604', 'DELETE FROM supp_allocations\n		WHERE (trans_type_from=&#039;20&#039; AND trans_no_from=&#039;145&#039;)\n		OR (trans_type_to=&#039;20&#039; AND trans_no_to=&#039;145&#039;)', '1', 'could not void supp transactions for type=20 and trans_no=145'),
('1605', 'UPDATE supp_trans SET ov_amount=0, ov_discount=0, ov_gst=0,\n		alloc=0 WHERE type=&#039;20&#039; AND trans_no=&#039;145&#039;', '1', 'could not void supp transactions for type=20 and trans_no=145'),
('1606', 'UPDATE purch_order_details\n		SET qty_invoiced = qty_invoiced + &#039;-1&#039; , act_price = &#039;455.99&#039; WHERE po_detail_item = &#039;145&#039;', '1', 'The quantity invoiced of the purchase order line could not be updated'),
('1607', 'UPDATE grn_items\n        SET quantity_inv = quantity_inv + &#039;-1&#039;\n        WHERE id = &#039;145&#039;', '1', 'The quantity invoiced off the items received record could not be updated'),
('1608', 'UPDATE stock_master SET material_cost=&#039;455.99&#039;\n		WHERE stock_id=&#039;BCS_DAMANSARA&#039;', '1', 'The cost details for the inventory item could not be updated'),
('1609', 'UPDATE supp_invoice_items SET quantity=0, unit_price=0\n		WHERE supp_trans_type = &#039;20&#039; AND supp_trans_no=&#039;145&#039;', '1', 'could not void supptrans details'),
('1610', 'UPDATE trans_tax_details SET amount=0, net_amount=0\n	WHERE trans_no=&#039;145&#039; AND trans_type=&#039;20&#039;', '1', 'The transaction tax details could not be voided'),
('1611', 'COMMIT', '1', 'could not commit a transaction'),
('1612', 'INSERT INTO voided (type, id, date_, memo_)\n		VALUES (&#039;20&#039;, &#039;145&#039;, &#039;2015-09-28&#039;, &#039;WRONG ACCOUNT&#039;)', '1', 'could not add voided transaction entry'),
('1613', 'BEGIN', '1', 'could not start a transaction'),
('1614', 'UPDATE bank_trans SET amount=0\n		WHERE type=&#039;25&#039; AND trans_no=&#039;3&#039;', '1', 'could not void bank transactions for type=25 and trans_no=3'),
('1615', 'UPDATE gl_trans SET amount=0 WHERE type=&#039;25&#039; AND type_no=&#039;3&#039;', '1', 'could not void gl transactions for type=25 and trans_no=3'),
('1616', 'DELETE FROM cust_allocations\n		WHERE (trans_type_from=&#039;25&#039; AND trans_no_from=&#039;3&#039;)\n		OR (trans_type_to=&#039;25&#039; AND trans_no_to=&#039;3&#039;)', '1', 'could not void debtor transactions for type=25 and trans_no=3'),
('1617', 'UPDATE debtor_trans SET ov_amount=0, ov_discount=0, ov_gst=0, ov_freight=0,\n		ov_freight_tax=0, alloc=0, version=version+1 WHERE type=&#039;25&#039; AND trans_no=&#039;3&#039;', '1', 'could not void debtor transactions for type=25 and trans_no=3'),
('1618', 'DELETE FROM supp_allocations\n		WHERE (trans_type_from=&#039;25&#039; AND trans_no_from=&#039;3&#039;)\n		OR (trans_type_to=&#039;25&#039; AND trans_no_to=&#039;3&#039;)', '1', 'could not void supp transactions for type=25 and trans_no=3'),
('1619', 'UPDATE supp_trans SET ov_amount=0, ov_discount=0, ov_gst=0,\n		alloc=0 WHERE type=&#039;25&#039; AND trans_no=&#039;3&#039;', '1', 'could not void supp transactions for type=25 and trans_no=3'),
('1620', 'UPDATE trans_tax_details SET amount=0, net_amount=0\n	WHERE trans_no=&#039;3&#039; AND trans_type=&#039;25&#039;', '1', 'The transaction tax details could not be voided'),
('1621', 'UPDATE gl_trans SET amount=0 WHERE type=&#039;25&#039; AND type_no=&#039;3&#039;', '1', 'could not void gl transactions for type=25 and trans_no=3'),
('1622', 'UPDATE purch_order_details\n                SET quantity_received = quantity_received - 1\n                WHERE po_detail_item = 3', '1', 'a purchase order details record could not be voided.'),
('1623', 'UPDATE grn_items SET qty_recd=0, quantity_inv=0\n		WHERE grn_batch_id=&#039;3&#039;', '1', 'A grn detail item could not be voided.'),
('1624', 'UPDATE stock_master SET material_cost=&#039;1249.5180203046&#039;\n		WHERE stock_id=&#039;PURCHASES&#039;', '1', 'The cost details for the inventory item could not be updated'),
('1625', 'DELETE FROM stock_moves WHERE type=&#039;25&#039;	AND trans_no=&#039;3&#039;', '1', 'The stock movement cannot be delated'),
('1626', 'COMMIT', '1', 'could not commit a transaction'),
('1627', 'INSERT INTO voided (type, id, date_, memo_)\n		VALUES (&#039;25&#039;, &#039;3&#039;, &#039;2015-09-28&#039;, &#039;WRONG TRANSACTION&#039;)', '1', 'could not add voided transaction entry'),
('1628', 'BEGIN', '1', 'could not start a transaction'),
('1629', 'UPDATE bank_trans SET amount=0\n		WHERE type=&#039;25&#039; AND trans_no=&#039;142&#039;', '1', 'could not void bank transactions for type=25 and trans_no=142'),
('1630', 'UPDATE gl_trans SET amount=0 WHERE type=&#039;25&#039; AND type_no=&#039;142&#039;', '1', 'could not void gl transactions for type=25 and trans_no=142'),
('1631', 'DELETE FROM cust_allocations\n		WHERE (trans_type_from=&#039;25&#039; AND trans_no_from=&#039;142&#039;)\n		OR (trans_type_to=&#039;25&#039; AND trans_no_to=&#039;142&#039;)', '1', 'could not void debtor transactions for type=25 and trans_no=142'),
('1632', 'UPDATE debtor_trans SET ov_amount=0, ov_discount=0, ov_gst=0, ov_freight=0,\n		ov_freight_tax=0, alloc=0, version=version+1 WHERE type=&#039;25&#039; AND trans_no=&#039;142&#039;', '1', 'could not void debtor transactions for type=25 and trans_no=142'),
('1633', 'DELETE FROM supp_allocations\n		WHERE (trans_type_from=&#039;25&#039; AND trans_no_from=&#039;142&#039;)\n		OR (trans_type_to=&#039;25&#039; AND trans_no_to=&#039;142&#039;)', '1', 'could not void supp transactions for type=25 and trans_no=142'),
('1634', 'UPDATE supp_trans SET ov_amount=0, ov_discount=0, ov_gst=0,\n		alloc=0 WHERE type=&#039;25&#039; AND trans_no=&#039;142&#039;', '1', 'could not void supp transactions for type=25 and trans_no=142'),
('1635', 'UPDATE trans_tax_details SET amount=0, net_amount=0\n	WHERE trans_no=&#039;142&#039; AND trans_type=&#039;25&#039;', '1', 'The transaction tax details could not be voided'),
('1636', 'UPDATE gl_trans SET amount=0 WHERE type=&#039;25&#039; AND type_no=&#039;142&#039;', '1', 'could not void gl transactions for type=25 and trans_no=142'),
('1637', 'UPDATE purch_order_details\n                SET quantity_received = quantity_received - 1\n                WHERE po_detail_item = 142', '1', 'a purchase order details record could not be voided.'),
('1638', 'UPDATE grn_items SET qty_recd=0, quantity_inv=0\n		WHERE grn_batch_id=&#039;142&#039;', '1', 'A grn detail item could not be voided.'),
('1639', 'UPDATE stock_master SET material_cost=&#039;455.99&#039;\n		WHERE stock_id=&#039;BCS_DAMANSARA&#039;', '1', 'The cost details for the inventory item could not be updated'),
('1640', 'DELETE FROM stock_moves WHERE type=&#039;25&#039;	AND trans_no=&#039;142&#039;', '1', 'The stock movement cannot be delated'),
('1641', 'COMMIT', '1', 'could not commit a transaction'),
('1642', 'INSERT INTO voided (type, id, date_, memo_)\n		VALUES (&#039;25&#039;, &#039;142&#039;, &#039;2015-09-28&#039;, &#039;WRONG TRANSACTION&#039;)', '1', 'could not add voided transaction entry'),
('1643', 'BEGIN', '1', 'could not start a transaction'),
('1644', 'UPDATE bank_trans SET amount=0\n		WHERE type=&#039;25&#039; AND trans_no=&#039;145&#039;', '1', 'could not void bank transactions for type=25 and trans_no=145'),
('1645', 'UPDATE gl_trans SET amount=0 WHERE type=&#039;25&#039; AND type_no=&#039;145&#039;', '1', 'could not void gl transactions for type=25 and trans_no=145'),
('1646', 'DELETE FROM cust_allocations\n		WHERE (trans_type_from=&#039;25&#039; AND trans_no_from=&#039;145&#039;)\n		OR (trans_type_to=&#039;25&#039; AND trans_no_to=&#039;145&#039;)', '1', 'could not void debtor transactions for type=25 and trans_no=145'),
('1647', 'UPDATE debtor_trans SET ov_amount=0, ov_discount=0, ov_gst=0, ov_freight=0,\n		ov_freight_tax=0, alloc=0, version=version+1 WHERE type=&#039;25&#039; AND trans_no=&#039;145&#039;', '1', 'could not void debtor transactions for type=25 and trans_no=145'),
('1648', 'DELETE FROM supp_allocations\n		WHERE (trans_type_from=&#039;25&#039; AND trans_no_from=&#039;145&#039;)\n		OR (trans_type_to=&#039;25&#039; AND trans_no_to=&#039;145&#039;)', '1', 'could not void supp transactions for type=25 and trans_no=145'),
('1649', 'UPDATE supp_trans SET ov_amount=0, ov_discount=0, ov_gst=0,\n		alloc=0 WHERE type=&#039;25&#039; AND trans_no=&#039;145&#039;', '1', 'could not void supp transactions for type=25 and trans_no=145'),
('1650', 'UPDATE trans_tax_details SET amount=0, net_amount=0\n	WHERE trans_no=&#039;145&#039; AND trans_type=&#039;25&#039;', '1', 'The transaction tax details could not be voided'),
('1651', 'UPDATE gl_trans SET amount=0 WHERE type=&#039;25&#039; AND type_no=&#039;145&#039;', '1', 'could not void gl transactions for type=25 and trans_no=145'),
('1652', 'UPDATE purch_order_details\n                SET quantity_received = quantity_received - 1\n                WHERE po_detail_item = 145', '1', 'a purchase order details record could not be voided.'),
('1653', 'UPDATE grn_items SET qty_recd=0, quantity_inv=0\n		WHERE grn_batch_id=&#039;145&#039;', '1', 'A grn detail item could not be voided.'),
('1654', 'UPDATE stock_master SET material_cost=&#039;455.99&#039;\n		WHERE stock_id=&#039;BCS_DAMANSARA&#039;', '1', 'The cost details for the inventory item could not be updated'),
('1655', 'DELETE FROM stock_moves WHERE type=&#039;25&#039;	AND trans_no=&#039;145&#039;', '1', 'The stock movement cannot be delated'),
('1656', 'COMMIT', '1', 'could not commit a transaction'),
('1657', 'INSERT INTO voided (type, id, date_, memo_)\n		VALUES (&#039;25&#039;, &#039;145&#039;, &#039;2015-09-28&#039;, &#039;WRONG TRANSACTION&#039;)', '1', 'could not add voided transaction entry'),
('1658', 'BEGIN', '1', 'could not start a transaction'),
('1659', 'INSERT INTO purch_orders (supplier_id, Comments, ord_date, reference,\n     	requisition_no, into_stock_location, delivery_address, total, tax_included ) VALUES(&#039;1&#039;,&#039;&#039;,&#039;2015-04-02&#039;, &#039;auto&#039;, &#039;1420383982&#039;, &#039;DEF&#039;, &#039;Delivery 1\\nDelivery 2\\nDelivery 3&#039;, &#039;455.99&#039;, &#039;0&#039;)', '1', 'The purchase order header record could not be inserted'),
('1660', 'INSERT INTO purch_order_details (order_no, item_code, description, delivery_date, unit_price,tax_type_id,quantity_ordered) VALUES (213, &#039;PURCHASES&#039;,&#039;PURCHASES - HARDWARE&#039;,&#039;2015-04-02&#039;,&#039;455.99&#039;, &#039;12&#039;, &#039;1&#039;)', '1', 'One of the purchase order detail records could not be inserted'),
('1661', 'REPLACE refs SET reference=&#039;auto&#039;, type=&#039;18&#039;, id=&#039;213&#039;', '1', 'could not update reference entry'),
('1662', 'INSERT INTO audit_trail (type, trans_no, user, fiscal_year, gl_date, description, gl_seq)\n    			VALUES(&#039;18&#039;, &#039;213&#039;,1,2,&#039;2015-04-02&#039;,&#039;&#039;, 0)', '1', 'Cannot add audit info'),
('1663', 'UPDATE audit_trail SET gl_seq = NULL WHERE type=&#039;18&#039; AND trans_no=&#039;213&#039; AND id!=1055', '1', 'Cannot update audit gl_seq'),
('1664', 'INSERT INTO grn_batch (purch_order_no, delivery_date, supplier_id, reference, loc_code)\n			VALUES (&#039;213&#039;, &#039;2015-04-02&#039;, &#039;1&#039;, &#039;auto&#039;, &#039;DEF&#039;)', '1', 'A grn batch record could not be inserted.'),
('1665', 'INSERT INTO gl_trans ( type, type_no, tran_date,\n	account, dimension_id, dimension2_id, memo_, amount, gst, person_type_id, person_id) VALUES (&#039;25&#039;, &#039;213&#039;, &#039;2015-04-02&#039;,\n	&#039;5010&#039;, &#039;0&#039;, &#039;0&#039;, &#039;PURCHASES&#039;, &#039;455.99&#039;, &#039;&#039;, &#039;3&#039;, &#039;1&#039;) ', '1', 'The supplier GL transaction could not be inserted'),
('1666', 'UPDATE stock_master SET material_cost=&#039;1245.5103030303&#039;\n		WHERE stock_id=&#039;PURCHASES&#039;', '1', 'The cost details for the inventory item could not be updated'),
('1667', 'UPDATE purch_data SET price=&#039;455.99&#039;,supplier_description=&#039;PURCHASES - HARDWARE&#039; WHERE stock_id=&#039;PURCHASES&#039; AND supplier_id=&#039;1&#039;', '1', 'The supplier purchasing details could not be updated'),
('1668', 'UPDATE purch_order_details\n        SET quantity_received = quantity_received + &#039;1&#039;,\n        std_cost_unit=&#039;1245.5103030303&#039;,\n        quantity_ordered=&#039;1&#039;,\n        act_price=&#039;455.99&#039;\n        WHERE po_detail_item = &#039;213&#039;', '1', 'a purchase order details record could not be updated. This receipt of goods has not been processed '),
('1669', 'INSERT INTO grn_items (grn_batch_id, po_detail_item, item_code, description, tax_type_id, qty_recd)\n		VALUES (&#039;213&#039;, &#039;213&#039;, &#039;PURCHASES&#039;, &#039;PURCHASES - HARDWARE&#039;, &#039;12&#039;, &#039;1&#039;)', '1', 'A GRN detail item could not be inserted.'),
('1670', 'INSERT INTO stock_moves (stock_id, trans_no, type, loc_code,\n		tran_date, person_id, reference, qty, standard_cost, visible, price,\n		discount_percent) VALUES (&#039;PURCHASES&#039;, &#039;213&#039;, &#039;25&#039;,	&#039;DEF&#039;, &#039;2015-04-02&#039;, &#039;1&#039;, &#039;&#039;, &#039;1&#039;, &#039;1245.5103030303&#039;,&#039;1&#039;, &#039;455.99&#039;, &#039;0&#039;)', '1', 'The stock movement record cannot be inserted'),
('1671', 'INSERT INTO gl_trans ( type, type_no, tran_date,\n	account, dimension_id, dimension2_id, memo_, amount, gst, person_type_id, person_id) VALUES (&#039;25&#039;, &#039;213&#039;, &#039;2015-04-02&#039;,\n	&#039;1550&#039;, &#039;0&#039;, &#039;0&#039;, &#039;&#039;, &#039;-455.99&#039;, &#039;&#039;, &#039;3&#039;, &#039;&#039;) ', '1', 'The supplier GL transaction could not be inserted'),
('1672', 'REPLACE refs SET reference=&#039;auto&#039;, type=&#039;25&#039;, id=&#039;213&#039;', '1', 'could not update reference entry'),
('1673', 'INSERT INTO audit_trail (type, trans_no, user, fiscal_year, gl_date, description, gl_seq)\n    			VALUES(&#039;25&#039;, &#039;213&#039;,1,2,&#039;2015-04-02&#039;,&#039;&#039;, 0)', '1', 'Cannot add audit info'),
('1674', 'UPDATE audit_trail SET gl_seq = NULL WHERE type=&#039;25&#039; AND trans_no=&#039;213&#039; AND id!=1056', '1', 'Cannot update audit gl_seq'),
('1675', 'INSERT INTO supp_trans (trans_no, type, supplier_id, tran_date, due_date,\n		reference, supp_reference, ov_amount, ov_gst, rate, ov_discount, tax_included, fixed_access, cheque,reason ) VALUES (&#039;237&#039;, &#039;20&#039;, &#039;1&#039;, &#039;2015-04-02&#039;, &#039;2015-04-02&#039;,\n		&#039;1420383982&#039;, &#039;1420383982&#039;, &#039;455.99&#039;, &#039;27.3594&#039;, &#039;1&#039;, &#039;0&#039;, &#039;0&#039;, &#039;&#039;,&#039;&#039; ,&#039;&#039;)', '1', 'Cannot insert a supplier transaction record'),
('1676', 'INSERT INTO audit_trail (type, trans_no, user, fiscal_year, gl_date, description, gl_seq)\n    			VALUES(&#039;20&#039;, &#039;237&#039;,1,2,&#039;2015-04-02&#039;,&#039;&#039;, 0)', '1', 'Cannot add audit info'),
('1677', 'UPDATE audit_trail SET gl_seq = NULL WHERE type=&#039;20&#039; AND trans_no=&#039;237&#039; AND id!=1057', '1', 'Cannot update audit gl_seq'),
('1678', 'INSERT INTO gl_trans ( type, type_no, tran_date,\n	account, dimension_id, dimension2_id, memo_, amount, gst, person_type_id, person_id) VALUES (&#039;20&#039;, &#039;237&#039;, &#039;2015-04-02&#039;,\n	&#039;2100&#039;, &#039;0&#039;, &#039;0&#039;, &#039;&#039;, &#039;-483.35&#039;, &#039;&#039;, &#039;3&#039;, &#039;1&#039;) ', '1', 'The general ledger transaction for the control total could not be added'),
('1679', 'UPDATE purch_order_details\n		SET qty_invoiced = qty_invoiced + &#039;1&#039; , act_price = &#039;455.99&#039; WHERE po_detail_item = &#039;213&#039;', '1', 'The quantity invoiced of the purchase order line could not be updated'),
('1680', 'UPDATE grn_items\n        SET quantity_inv = quantity_inv + &#039;1&#039;\n        WHERE id = &#039;213&#039;', '1', 'The quantity invoiced off the items received record could not be updated'),
('1681', 'INSERT INTO gl_trans ( type, type_no, tran_date,\n	account, dimension_id, dimension2_id, memo_, amount, gst, person_type_id, person_id) VALUES (&#039;20&#039;, &#039;237&#039;, &#039;2015-04-02&#039;,\n	&#039;1550&#039;, &#039;0&#039;, &#039;0&#039;, &#039;&#039;, &#039;455.99&#039;, &#039;&#039;, &#039;3&#039;, &#039;1&#039;) ', '1', 'The supplier GL transaction could not be inserted'),
('1682', 'INSERT INTO gl_trans ( type, type_no, tran_date,\n	account, dimension_id, dimension2_id, memo_, amount, gst, person_type_id, person_id) VALUES (&#039;20&#039;, &#039;237&#039;, &#039;2015-04-02&#039;,\n	&#039;1300&#039;, &#039;0&#039;, &#039;0&#039;, &#039;&#039;, &#039;27.36&#039;, &#039;&#039;, &#039;3&#039;, &#039;1&#039;) ', '1', 'The supplier GL transaction could not be inserted'),
('1683', 'UPDATE stock_master SET material_cost=&#039;1245.5103030303&#039;\n		WHERE stock_id=&#039;PURCHASES&#039;', '1', 'The cost details for the inventory item could not be updated'),
('1684', 'UPDATE purch_data SET price=&#039;455.99&#039; WHERE stock_id=&#039;PURCHASES&#039; AND supplier_id=&#039;1&#039;', '1', 'The supplier purchasing details could not be updated');
INSERT INTO `sql_trail` VALUES
('1685', 'INSERT INTO supp_invoice_items (supp_trans_type, supp_trans_no, stock_id, description, gl_code, unit_price, unit_tax, quantity,\n	  	grn_item_id, po_detail_item_id, memo_,tax_type_id) VALUES (&#039;20&#039;, &#039;237&#039;, &#039;PURCHASES&#039;, &#039;PURCHASES - HARDWARE&#039;, &#039;0&#039;, &#039;455.99&#039;, &#039;0&#039;, &#039;1&#039;,\n		&#039;213&#039;, &#039;213&#039;, &#039;&#039;,&#039;12&#039;)', '1', 'Cannot insert a supplier transaction detail record'),
('1686', 'REPLACE refs SET reference=&#039;1420383982&#039;, type=&#039;20&#039;, id=&#039;237&#039;', '1', 'could not update reference entry'),
('1687', 'COMMIT', '1', 'could not commit a transaction'),
('1688', 'BEGIN', '1', 'could not start a transaction'),
('1689', 'INSERT INTO purch_orders (supplier_id, Comments, ord_date, reference,\n     	requisition_no, into_stock_location, delivery_address, total, tax_included ) VALUES(&#039;1&#039;,&#039;&#039;,&#039;2015-06-23&#039;, &#039;auto&#039;, &#039;1420394829&#039;, &#039;DEF&#039;, &#039;Delivery 1\\nDelivery 2\\nDelivery 3&#039;, &#039;455.99&#039;, &#039;0&#039;)', '1', 'The purchase order header record could not be inserted'),
('1690', 'INSERT INTO purch_order_details (order_no, item_code, description, delivery_date, unit_price,tax_type_id,quantity_ordered) VALUES (214, &#039;PURCHASES&#039;,&#039;PURCHASES - HARDWARE&#039;,&#039;2015-06-23&#039;,&#039;455.99&#039;, &#039;12&#039;, &#039;1&#039;)', '1', 'One of the purchase order detail records could not be inserted'),
('1691', 'REPLACE refs SET reference=&#039;auto&#039;, type=&#039;18&#039;, id=&#039;214&#039;', '1', 'could not update reference entry'),
('1692', 'INSERT INTO audit_trail (type, trans_no, user, fiscal_year, gl_date, description, gl_seq)\n    			VALUES(&#039;18&#039;, &#039;214&#039;,1,2,&#039;2015-06-23&#039;,&#039;&#039;, 0)', '1', 'Cannot add audit info'),
('1693', 'UPDATE audit_trail SET gl_seq = NULL WHERE type=&#039;18&#039; AND trans_no=&#039;214&#039; AND id!=1058', '1', 'Cannot update audit gl_seq'),
('1694', 'INSERT INTO grn_batch (purch_order_no, delivery_date, supplier_id, reference, loc_code)\n			VALUES (&#039;214&#039;, &#039;2015-06-23&#039;, &#039;1&#039;, &#039;auto&#039;, &#039;DEF&#039;)', '1', 'A grn batch record could not be inserted.'),
('1695', 'INSERT INTO gl_trans ( type, type_no, tran_date,\n	account, dimension_id, dimension2_id, memo_, amount, gst, person_type_id, person_id) VALUES (&#039;25&#039;, &#039;214&#039;, &#039;2015-06-23&#039;,\n	&#039;5010&#039;, &#039;0&#039;, &#039;0&#039;, &#039;PURCHASES&#039;, &#039;455.99&#039;, &#039;&#039;, &#039;3&#039;, &#039;1&#039;) ', '1', 'The supplier GL transaction could not be inserted'),
('1696', 'UPDATE stock_master SET material_cost=&#039;1241.5428643216&#039;\n		WHERE stock_id=&#039;PURCHASES&#039;', '1', 'The cost details for the inventory item could not be updated'),
('1697', 'UPDATE purch_data SET price=&#039;455.99&#039;,supplier_description=&#039;PURCHASES - HARDWARE&#039; WHERE stock_id=&#039;PURCHASES&#039; AND supplier_id=&#039;1&#039;', '1', 'The supplier purchasing details could not be updated'),
('1698', 'UPDATE purch_order_details\n        SET quantity_received = quantity_received + &#039;1&#039;,\n        std_cost_unit=&#039;1241.5428643216&#039;,\n        quantity_ordered=&#039;1&#039;,\n        act_price=&#039;455.99&#039;\n        WHERE po_detail_item = &#039;214&#039;', '1', 'a purchase order details record could not be updated. This receipt of goods has not been processed '),
('1699', 'INSERT INTO grn_items (grn_batch_id, po_detail_item, item_code, description, tax_type_id, qty_recd)\n		VALUES (&#039;214&#039;, &#039;214&#039;, &#039;PURCHASES&#039;, &#039;PURCHASES - HARDWARE&#039;, &#039;12&#039;, &#039;1&#039;)', '1', 'A GRN detail item could not be inserted.'),
('1700', 'INSERT INTO stock_moves (stock_id, trans_no, type, loc_code,\n		tran_date, person_id, reference, qty, standard_cost, visible, price,\n		discount_percent) VALUES (&#039;PURCHASES&#039;, &#039;214&#039;, &#039;25&#039;,	&#039;DEF&#039;, &#039;2015-06-23&#039;, &#039;1&#039;, &#039;&#039;, &#039;1&#039;, &#039;1241.5428643216&#039;,&#039;1&#039;, &#039;455.99&#039;, &#039;0&#039;)', '1', 'The stock movement record cannot be inserted'),
('1701', 'INSERT INTO gl_trans ( type, type_no, tran_date,\n	account, dimension_id, dimension2_id, memo_, amount, gst, person_type_id, person_id) VALUES (&#039;25&#039;, &#039;214&#039;, &#039;2015-06-23&#039;,\n	&#039;1550&#039;, &#039;0&#039;, &#039;0&#039;, &#039;&#039;, &#039;-455.99&#039;, &#039;&#039;, &#039;3&#039;, &#039;&#039;) ', '1', 'The supplier GL transaction could not be inserted'),
('1702', 'REPLACE refs SET reference=&#039;auto&#039;, type=&#039;25&#039;, id=&#039;214&#039;', '1', 'could not update reference entry'),
('1703', 'INSERT INTO audit_trail (type, trans_no, user, fiscal_year, gl_date, description, gl_seq)\n    			VALUES(&#039;25&#039;, &#039;214&#039;,1,2,&#039;2015-06-23&#039;,&#039;&#039;, 0)', '1', 'Cannot add audit info'),
('1704', 'UPDATE audit_trail SET gl_seq = NULL WHERE type=&#039;25&#039; AND trans_no=&#039;214&#039; AND id!=1059', '1', 'Cannot update audit gl_seq'),
('1705', 'INSERT INTO supp_trans (trans_no, type, supplier_id, tran_date, due_date,\n		reference, supp_reference, ov_amount, ov_gst, rate, ov_discount, tax_included, fixed_access, cheque,reason ) VALUES (&#039;238&#039;, &#039;20&#039;, &#039;1&#039;, &#039;2015-06-23&#039;, &#039;2015-06-23&#039;,\n		&#039;1420394829&#039;, &#039;1420394829&#039;, &#039;455.99&#039;, &#039;27.3594&#039;, &#039;1&#039;, &#039;0&#039;, &#039;0&#039;, &#039;&#039;,&#039;&#039; ,&#039;&#039;)', '1', 'Cannot insert a supplier transaction record'),
('1706', 'INSERT INTO audit_trail (type, trans_no, user, fiscal_year, gl_date, description, gl_seq)\n    			VALUES(&#039;20&#039;, &#039;238&#039;,1,2,&#039;2015-06-23&#039;,&#039;&#039;, 0)', '1', 'Cannot add audit info'),
('1707', 'UPDATE audit_trail SET gl_seq = NULL WHERE type=&#039;20&#039; AND trans_no=&#039;238&#039; AND id!=1060', '1', 'Cannot update audit gl_seq'),
('1708', 'INSERT INTO gl_trans ( type, type_no, tran_date,\n	account, dimension_id, dimension2_id, memo_, amount, gst, person_type_id, person_id) VALUES (&#039;20&#039;, &#039;238&#039;, &#039;2015-06-23&#039;,\n	&#039;2100&#039;, &#039;0&#039;, &#039;0&#039;, &#039;&#039;, &#039;-483.35&#039;, &#039;&#039;, &#039;3&#039;, &#039;1&#039;) ', '1', 'The general ledger transaction for the control total could not be added'),
('1709', 'UPDATE purch_order_details\n		SET qty_invoiced = qty_invoiced + &#039;1&#039; , act_price = &#039;455.99&#039; WHERE po_detail_item = &#039;214&#039;', '1', 'The quantity invoiced of the purchase order line could not be updated'),
('1710', 'UPDATE grn_items\n        SET quantity_inv = quantity_inv + &#039;1&#039;\n        WHERE id = &#039;214&#039;', '1', 'The quantity invoiced off the items received record could not be updated'),
('1711', 'INSERT INTO gl_trans ( type, type_no, tran_date,\n	account, dimension_id, dimension2_id, memo_, amount, gst, person_type_id, person_id) VALUES (&#039;20&#039;, &#039;238&#039;, &#039;2015-06-23&#039;,\n	&#039;1550&#039;, &#039;0&#039;, &#039;0&#039;, &#039;&#039;, &#039;455.99&#039;, &#039;&#039;, &#039;3&#039;, &#039;1&#039;) ', '1', 'The supplier GL transaction could not be inserted'),
('1712', 'INSERT INTO gl_trans ( type, type_no, tran_date,\n	account, dimension_id, dimension2_id, memo_, amount, gst, person_type_id, person_id) VALUES (&#039;20&#039;, &#039;238&#039;, &#039;2015-06-23&#039;,\n	&#039;1300&#039;, &#039;0&#039;, &#039;0&#039;, &#039;&#039;, &#039;27.36&#039;, &#039;&#039;, &#039;3&#039;, &#039;1&#039;) ', '1', 'The supplier GL transaction could not be inserted'),
('1713', 'UPDATE stock_master SET material_cost=&#039;1241.5428643216&#039;\n		WHERE stock_id=&#039;PURCHASES&#039;', '1', 'The cost details for the inventory item could not be updated'),
('1714', 'UPDATE purch_data SET price=&#039;455.99&#039; WHERE stock_id=&#039;PURCHASES&#039; AND supplier_id=&#039;1&#039;', '1', 'The supplier purchasing details could not be updated'),
('1715', 'INSERT INTO supp_invoice_items (supp_trans_type, supp_trans_no, stock_id, description, gl_code, unit_price, unit_tax, quantity,\n	  	grn_item_id, po_detail_item_id, memo_,tax_type_id) VALUES (&#039;20&#039;, &#039;238&#039;, &#039;PURCHASES&#039;, &#039;PURCHASES - HARDWARE&#039;, &#039;0&#039;, &#039;455.99&#039;, &#039;0&#039;, &#039;1&#039;,\n		&#039;214&#039;, &#039;214&#039;, &#039;&#039;,&#039;12&#039;)', '1', 'Cannot insert a supplier transaction detail record'),
('1716', 'REPLACE refs SET reference=&#039;1420394829&#039;, type=&#039;20&#039;, id=&#039;238&#039;', '1', 'could not update reference entry'),
('1717', 'COMMIT', '1', 'could not commit a transaction'),
('1718', 'BEGIN', '1', 'could not start a transaction'),
('1719', 'INSERT INTO purch_orders (supplier_id, Comments, ord_date, reference,\n     	requisition_no, into_stock_location, delivery_address, total, tax_included ) VALUES(&#039;1&#039;,&#039;&#039;,&#039;2015-06-26&#039;, &#039;auto&#039;, &#039;1420395392&#039;, &#039;DEF&#039;, &#039;Delivery 1\\nDelivery 2\\nDelivery 3&#039;, &#039;455.99&#039;, &#039;0&#039;)', '1', 'The purchase order header record could not be inserted'),
('1720', 'INSERT INTO purch_order_details (order_no, item_code, description, delivery_date, unit_price,tax_type_id,quantity_ordered) VALUES (215, &#039;PURCHASES&#039;,&#039;PURCHASES - HARDWARE&#039;,&#039;2015-06-26&#039;,&#039;455.99&#039;, &#039;12&#039;, &#039;1&#039;)', '1', 'One of the purchase order detail records could not be inserted'),
('1721', 'REPLACE refs SET reference=&#039;auto&#039;, type=&#039;18&#039;, id=&#039;215&#039;', '1', 'could not update reference entry'),
('1722', 'INSERT INTO audit_trail (type, trans_no, user, fiscal_year, gl_date, description, gl_seq)\n    			VALUES(&#039;18&#039;, &#039;215&#039;,1,2,&#039;2015-06-26&#039;,&#039;&#039;, 0)', '1', 'Cannot add audit info'),
('1723', 'UPDATE audit_trail SET gl_seq = NULL WHERE type=&#039;18&#039; AND trans_no=&#039;215&#039; AND id!=1061', '1', 'Cannot update audit gl_seq'),
('1724', 'INSERT INTO grn_batch (purch_order_no, delivery_date, supplier_id, reference, loc_code)\n			VALUES (&#039;215&#039;, &#039;2015-06-26&#039;, &#039;1&#039;, &#039;auto&#039;, &#039;DEF&#039;)', '1', 'A grn batch record could not be inserted.'),
('1725', 'INSERT INTO gl_trans ( type, type_no, tran_date,\n	account, dimension_id, dimension2_id, memo_, amount, gst, person_type_id, person_id) VALUES (&#039;25&#039;, &#039;215&#039;, &#039;2015-06-26&#039;,\n	&#039;5010&#039;, &#039;0&#039;, &#039;0&#039;, &#039;PURCHASES&#039;, &#039;455.99&#039;, &#039;&#039;, &#039;3&#039;, &#039;1&#039;) ', '1', 'The supplier GL transaction could not be inserted'),
('1726', 'UPDATE stock_master SET material_cost=&#039;1237.6151&#039;\n		WHERE stock_id=&#039;PURCHASES&#039;', '1', 'The cost details for the inventory item could not be updated'),
('1727', 'UPDATE purch_data SET price=&#039;455.99&#039;,supplier_description=&#039;PURCHASES - HARDWARE&#039; WHERE stock_id=&#039;PURCHASES&#039; AND supplier_id=&#039;1&#039;', '1', 'The supplier purchasing details could not be updated'),
('1728', 'UPDATE purch_order_details\n        SET quantity_received = quantity_received + &#039;1&#039;,\n        std_cost_unit=&#039;1237.6151&#039;,\n        quantity_ordered=&#039;1&#039;,\n        act_price=&#039;455.99&#039;\n        WHERE po_detail_item = &#039;215&#039;', '1', 'a purchase order details record could not be updated. This receipt of goods has not been processed '),
('1729', 'INSERT INTO grn_items (grn_batch_id, po_detail_item, item_code, description, tax_type_id, qty_recd)\n		VALUES (&#039;215&#039;, &#039;215&#039;, &#039;PURCHASES&#039;, &#039;PURCHASES - HARDWARE&#039;, &#039;12&#039;, &#039;1&#039;)', '1', 'A GRN detail item could not be inserted.'),
('1730', 'INSERT INTO stock_moves (stock_id, trans_no, type, loc_code,\n		tran_date, person_id, reference, qty, standard_cost, visible, price,\n		discount_percent) VALUES (&#039;PURCHASES&#039;, &#039;215&#039;, &#039;25&#039;,	&#039;DEF&#039;, &#039;2015-06-26&#039;, &#039;1&#039;, &#039;&#039;, &#039;1&#039;, &#039;1237.6151&#039;,&#039;1&#039;, &#039;455.99&#039;, &#039;0&#039;)', '1', 'The stock movement record cannot be inserted'),
('1731', 'INSERT INTO gl_trans ( type, type_no, tran_date,\n	account, dimension_id, dimension2_id, memo_, amount, gst, person_type_id, person_id) VALUES (&#039;25&#039;, &#039;215&#039;, &#039;2015-06-26&#039;,\n	&#039;1550&#039;, &#039;0&#039;, &#039;0&#039;, &#039;&#039;, &#039;-455.99&#039;, &#039;&#039;, &#039;3&#039;, &#039;&#039;) ', '1', 'The supplier GL transaction could not be inserted'),
('1732', 'REPLACE refs SET reference=&#039;auto&#039;, type=&#039;25&#039;, id=&#039;215&#039;', '1', 'could not update reference entry'),
('1733', 'INSERT INTO audit_trail (type, trans_no, user, fiscal_year, gl_date, description, gl_seq)\n    			VALUES(&#039;25&#039;, &#039;215&#039;,1,2,&#039;2015-06-26&#039;,&#039;&#039;, 0)', '1', 'Cannot add audit info'),
('1734', 'UPDATE audit_trail SET gl_seq = NULL WHERE type=&#039;25&#039; AND trans_no=&#039;215&#039; AND id!=1062', '1', 'Cannot update audit gl_seq'),
('1735', 'INSERT INTO supp_trans (trans_no, type, supplier_id, tran_date, due_date,\n		reference, supp_reference, ov_amount, ov_gst, rate, ov_discount, tax_included, fixed_access, cheque,reason ) VALUES (&#039;239&#039;, &#039;20&#039;, &#039;1&#039;, &#039;2015-06-26&#039;, &#039;2015-06-26&#039;,\n		&#039;1420395392&#039;, &#039;1420395392&#039;, &#039;455.99&#039;, &#039;27.3594&#039;, &#039;1&#039;, &#039;0&#039;, &#039;0&#039;, &#039;&#039;,&#039;&#039; ,&#039;&#039;)', '1', 'Cannot insert a supplier transaction record'),
('1736', 'INSERT INTO audit_trail (type, trans_no, user, fiscal_year, gl_date, description, gl_seq)\n    			VALUES(&#039;20&#039;, &#039;239&#039;,1,2,&#039;2015-06-26&#039;,&#039;&#039;, 0)', '1', 'Cannot add audit info'),
('1737', 'UPDATE audit_trail SET gl_seq = NULL WHERE type=&#039;20&#039; AND trans_no=&#039;239&#039; AND id!=1063', '1', 'Cannot update audit gl_seq'),
('1738', 'INSERT INTO gl_trans ( type, type_no, tran_date,\n	account, dimension_id, dimension2_id, memo_, amount, gst, person_type_id, person_id) VALUES (&#039;20&#039;, &#039;239&#039;, &#039;2015-06-26&#039;,\n	&#039;2100&#039;, &#039;0&#039;, &#039;0&#039;, &#039;&#039;, &#039;-483.35&#039;, &#039;&#039;, &#039;3&#039;, &#039;1&#039;) ', '1', 'The general ledger transaction for the control total could not be added'),
('1739', 'UPDATE purch_order_details\n		SET qty_invoiced = qty_invoiced + &#039;1&#039; , act_price = &#039;455.99&#039; WHERE po_detail_item = &#039;215&#039;', '1', 'The quantity invoiced of the purchase order line could not be updated'),
('1740', 'UPDATE grn_items\n        SET quantity_inv = quantity_inv + &#039;1&#039;\n        WHERE id = &#039;215&#039;', '1', 'The quantity invoiced off the items received record could not be updated'),
('1741', 'INSERT INTO gl_trans ( type, type_no, tran_date,\n	account, dimension_id, dimension2_id, memo_, amount, gst, person_type_id, person_id) VALUES (&#039;20&#039;, &#039;239&#039;, &#039;2015-06-26&#039;,\n	&#039;1550&#039;, &#039;0&#039;, &#039;0&#039;, &#039;&#039;, &#039;455.99&#039;, &#039;&#039;, &#039;3&#039;, &#039;1&#039;) ', '1', 'The supplier GL transaction could not be inserted'),
('1742', 'INSERT INTO gl_trans ( type, type_no, tran_date,\n	account, dimension_id, dimension2_id, memo_, amount, gst, person_type_id, person_id) VALUES (&#039;20&#039;, &#039;239&#039;, &#039;2015-06-26&#039;,\n	&#039;1300&#039;, &#039;0&#039;, &#039;0&#039;, &#039;&#039;, &#039;27.36&#039;, &#039;&#039;, &#039;3&#039;, &#039;1&#039;) ', '1', 'The supplier GL transaction could not be inserted'),
('1743', 'UPDATE stock_master SET material_cost=&#039;1237.6151&#039;\n		WHERE stock_id=&#039;PURCHASES&#039;', '1', 'The cost details for the inventory item could not be updated'),
('1744', 'UPDATE purch_data SET price=&#039;455.99&#039; WHERE stock_id=&#039;PURCHASES&#039; AND supplier_id=&#039;1&#039;', '1', 'The supplier purchasing details could not be updated'),
('1745', 'INSERT INTO supp_invoice_items (supp_trans_type, supp_trans_no, stock_id, description, gl_code, unit_price, unit_tax, quantity,\n	  	grn_item_id, po_detail_item_id, memo_,tax_type_id) VALUES (&#039;20&#039;, &#039;239&#039;, &#039;PURCHASES&#039;, &#039;PURCHASES - HARDWARE&#039;, &#039;0&#039;, &#039;455.99&#039;, &#039;0&#039;, &#039;1&#039;,\n		&#039;215&#039;, &#039;215&#039;, &#039;&#039;,&#039;12&#039;)', '1', 'Cannot insert a supplier transaction detail record'),
('1746', 'REPLACE refs SET reference=&#039;1420395392&#039;, type=&#039;20&#039;, id=&#039;239&#039;', '1', 'could not update reference entry'),
('1747', 'COMMIT', '1', 'could not commit a transaction'),
('1748', 'BEGIN', '1', 'could not start a transaction'),
('1749', 'INSERT INTO gl_trans ( type, type_no, tran_date,\n	account, dimension_id, dimension2_id, memo_, amount, gst, person_type_id, person_id) VALUES (&#039;1&#039;, &#039;110&#039;, &#039;2015-07-31&#039;,\n	&#039;5690&#039;, &#039;0&#039;, &#039;0&#039;, &#039;BANK CHARGES OF JULY&#039;, &#039;4&#039;, &#039;12&#039;, &#039;0&#039;, &#039;&#039;) ', '1', 'The GL transaction could not be inserted'),
('1750', 'INSERT INTO gl_trans ( type, type_no, tran_date,\n	account, dimension_id, dimension2_id, memo_, amount, gst, person_type_id, person_id) VALUES (&#039;1&#039;, &#039;110&#039;, &#039;2015-07-31&#039;,\n	&#039;1300&#039;, &#039;0&#039;, &#039;0&#039;, &#039;&#039;, &#039;0.24&#039;, &#039;&#039;, &#039;0&#039;, &#039;&#039;) ', '1', 'The GL transaction could not be inserted'),
('1751', 'INSERT INTO bank_trans (type, trans_no, bank_act, ref,\n		trans_date, amount, person_type_id, person_id, tax_inclusive, cheque) VALUES (1, 110, &#039;1&#039;, &#039;PV00017&#039;, &#039;2015-07-31&#039;,\n		&#039;-4.24&#039;, &#039;0&#039;, &#039;&#039;, &#039;0&#039;, &#039;BC1507&#039; )', '1', 'Cannot insert a source bank transaction'),
('1752', 'INSERT INTO gl_trans ( type, type_no, tran_date,\n	account, dimension_id, dimension2_id, memo_, amount, gst, person_type_id, person_id) VALUES (&#039;1&#039;, &#039;110&#039;, &#039;2015-07-31&#039;,\n	&#039;1064&#039;, &#039;0&#039;, &#039;0&#039;, &#039;BANK CHARGES OF JULY&#039;, &#039;-4.24&#039;, &#039;0&#039;, &#039;0&#039;, &#039;&#039;) ', '1', 'The GL transaction could not be inserted'),
('1753', 'INSERT INTO comments (type, id, date_, memo_)\n    		VALUES (&#039;1&#039;, &#039;110&#039;, &#039;2015-07-31&#039;, &#039;BANK CHARGES OF JULY&#039;)', '1', 'could not add comments transaction entry'),
('1754', 'REPLACE refs SET reference=&#039;PV00017&#039;, type=&#039;1&#039;, id=&#039;110&#039;', '1', 'could not update reference entry'),
('1755', 'UPDATE sys_types SET next_reference=&#039;PV00018&#039; WHERE type_id = &#039;1&#039;', '1', 'The next transaction ref for 1 could not be updated'),
('1756', 'INSERT INTO audit_trail (type, trans_no, user, fiscal_year, gl_date, description, gl_seq)\n    			VALUES(&#039;1&#039;, &#039;110&#039;,1,2,&#039;2015-07-31&#039;,&#039;&#039;, 0)', '1', 'Cannot add audit info'),
('1757', 'UPDATE audit_trail SET gl_seq = NULL WHERE type=&#039;1&#039; AND trans_no=&#039;110&#039; AND id!=1064', '1', 'Cannot update audit gl_seq'),
('1758', 'COMMIT', '1', 'could not commit a transaction'),
('1759', 'BEGIN', '1', 'could not start a transaction'),
('1760', 'INSERT INTO gl_trans ( type, type_no, tran_date,\n	account, dimension_id, dimension2_id, memo_, amount, gst, person_type_id, person_id) VALUES (&#039;1&#039;, &#039;111&#039;, &#039;2015-07-30&#039;,\n	&#039;2250&#039;, &#039;0&#039;, &#039;0&#039;, &#039;KT CHAN &amp; ASSOCIATES KL SDN BHD-AUDIT FEE &amp; TAX FEE 2014&#039;, &#039;4000&#039;, &#039;12&#039;, &#039;0&#039;, &#039;KT CHAN &amp; ASSOCIATES KL SDN BHD&#039;) ', '1', 'The GL transaction could not be inserted'),
('1761', 'INSERT INTO gl_trans ( type, type_no, tran_date,\n	account, dimension_id, dimension2_id, memo_, amount, gst, person_type_id, person_id) VALUES (&#039;1&#039;, &#039;111&#039;, &#039;2015-07-30&#039;,\n	&#039;1300&#039;, &#039;0&#039;, &#039;0&#039;, &#039;&#039;, &#039;240&#039;, &#039;&#039;, &#039;0&#039;, &#039;KT CHAN &amp; ASSOCIATES KL SDN BHD&#039;) ', '1', 'The GL transaction could not be inserted'),
('1762', 'INSERT INTO gl_trans ( type, type_no, tran_date,\n	account, dimension_id, dimension2_id, memo_, amount, gst, person_type_id, person_id) VALUES (&#039;1&#039;, &#039;111&#039;, &#039;2015-07-30&#039;,\n	&#039;2250&#039;, &#039;0&#039;, &#039;0&#039;, &#039;KT CHAN &amp; ASSOCIATES KL SDN BHD-AUDIT FEE &amp; TAX FEE 2014&#039;, &#039;1500&#039;, &#039;12&#039;, &#039;0&#039;, &#039;KT CHAN &amp; ASSOCIATES KL SDN BHD&#039;) ', '1', 'The GL transaction could not be inserted'),
('1763', 'INSERT INTO gl_trans ( type, type_no, tran_date,\n	account, dimension_id, dimension2_id, memo_, amount, gst, person_type_id, person_id) VALUES (&#039;1&#039;, &#039;111&#039;, &#039;2015-07-30&#039;,\n	&#039;1300&#039;, &#039;0&#039;, &#039;0&#039;, &#039;&#039;, &#039;90&#039;, &#039;&#039;, &#039;0&#039;, &#039;KT CHAN &amp; ASSOCIATES KL SDN BHD&#039;) ', '1', 'The GL transaction could not be inserted'),
('1764', 'INSERT INTO gl_trans ( type, type_no, tran_date,\n	account, dimension_id, dimension2_id, memo_, amount, gst, person_type_id, person_id) VALUES (&#039;1&#039;, &#039;111&#039;, &#039;2015-07-30&#039;,\n	&#039;5700&#039;, &#039;0&#039;, &#039;0&#039;, &#039;KT CHAN &amp; ASSOCIATES KL SDN BHD-AUDIT FEE &amp; TAX FEE 2014&#039;, &#039;30&#039;, &#039;12&#039;, &#039;0&#039;, &#039;KT CHAN &amp; ASSOCIATES KL SDN BHD&#039;) ', '1', 'The GL transaction could not be inserted'),
('1765', 'INSERT INTO gl_trans ( type, type_no, tran_date,\n	account, dimension_id, dimension2_id, memo_, amount, gst, person_type_id, person_id) VALUES (&#039;1&#039;, &#039;111&#039;, &#039;2015-07-30&#039;,\n	&#039;1300&#039;, &#039;0&#039;, &#039;0&#039;, &#039;&#039;, &#039;1.8&#039;, &#039;&#039;, &#039;0&#039;, &#039;KT CHAN &amp; ASSOCIATES KL SDN BHD&#039;) ', '1', 'The GL transaction could not be inserted'),
('1766', 'INSERT INTO gl_trans ( type, type_no, tran_date,\n	account, dimension_id, dimension2_id, memo_, amount, gst, person_type_id, person_id) VALUES (&#039;1&#039;, &#039;111&#039;, &#039;2015-07-30&#039;,\n	&#039;5767&#039;, &#039;0&#039;, &#039;0&#039;, &#039;KT CHAN &amp; ASSOCIATES KL SDN BHD-AUDIT FEE &amp; TAX FEE 2014&#039;, &#039;80&#039;, &#039;12&#039;, &#039;0&#039;, &#039;KT CHAN &amp; ASSOCIATES KL SDN BHD&#039;) ', '1', 'The GL transaction could not be inserted'),
('1767', 'INSERT INTO gl_trans ( type, type_no, tran_date,\n	account, dimension_id, dimension2_id, memo_, amount, gst, person_type_id, person_id) VALUES (&#039;1&#039;, &#039;111&#039;, &#039;2015-07-30&#039;,\n	&#039;1300&#039;, &#039;0&#039;, &#039;0&#039;, &#039;&#039;, &#039;4.8&#039;, &#039;&#039;, &#039;0&#039;, &#039;KT CHAN &amp; ASSOCIATES KL SDN BHD&#039;) ', '1', 'The GL transaction could not be inserted'),
('1768', 'INSERT INTO gl_trans ( type, type_no, tran_date,\n	account, dimension_id, dimension2_id, memo_, amount, gst, person_type_id, person_id) VALUES (&#039;1&#039;, &#039;111&#039;, &#039;2015-07-30&#039;,\n	&#039;5616&#039;, &#039;0&#039;, &#039;0&#039;, &#039;KT CHAN &amp; ASSOCIATES KL SDN BHD-AUDIT FEE &amp; TAX FEE 2014&#039;, &#039;950&#039;, &#039;12&#039;, &#039;0&#039;, &#039;KT CHAN &amp; ASSOCIATES KL SDN BHD&#039;) ', '1', 'The GL transaction could not be inserted'),
('1769', 'INSERT INTO gl_trans ( type, type_no, tran_date,\n	account, dimension_id, dimension2_id, memo_, amount, gst, person_type_id, person_id) VALUES (&#039;1&#039;, &#039;111&#039;, &#039;2015-07-30&#039;,\n	&#039;1300&#039;, &#039;0&#039;, &#039;0&#039;, &#039;&#039;, &#039;57&#039;, &#039;&#039;, &#039;0&#039;, &#039;KT CHAN &amp; ASSOCIATES KL SDN BHD&#039;) ', '1', 'The GL transaction could not be inserted'),
('1770', 'INSERT INTO gl_trans ( type, type_no, tran_date,\n	account, dimension_id, dimension2_id, memo_, amount, gst, person_type_id, person_id) VALUES (&#039;1&#039;, &#039;111&#039;, &#039;2015-07-30&#039;,\n	&#039;5767&#039;, &#039;0&#039;, &#039;0&#039;, &#039;KT CHAN &amp; ASSOCIATES KL SDN BHD-AUDIT FEE &amp; TAX FEE 2014&#039;, &#039;75.65&#039;, &#039;12&#039;, &#039;0&#039;, &#039;KT CHAN &amp; ASSOCIATES KL SDN BHD&#039;) ', '1', 'The GL transaction could not be inserted'),
('1771', 'INSERT INTO gl_trans ( type, type_no, tran_date,\n	account, dimension_id, dimension2_id, memo_, amount, gst, person_type_id, person_id) VALUES (&#039;1&#039;, &#039;111&#039;, &#039;2015-07-30&#039;,\n	&#039;1300&#039;, &#039;0&#039;, &#039;0&#039;, &#039;&#039;, &#039;4.54&#039;, &#039;&#039;, &#039;0&#039;, &#039;KT CHAN &amp; ASSOCIATES KL SDN BHD&#039;) ', '1', 'The GL transaction could not be inserted'),
('1772', 'INSERT INTO bank_trans (type, trans_no, bank_act, ref,\n		trans_date, amount, person_type_id, person_id, tax_inclusive, cheque) VALUES (1, 111, &#039;1&#039;, &#039;CIMB 000100&#039;, &#039;2015-07-30&#039;,\n		&#039;-7033.79&#039;, &#039;0&#039;, &#039;KT CHAN &amp; ASSOCIATES KL SDN BHD&#039;, &#039;0&#039;, &#039;CIMB 000100&#039; )', '1', 'Cannot insert a source bank transaction'),
('1773', 'INSERT INTO gl_trans ( type, type_no, tran_date,\n	account, dimension_id, dimension2_id, memo_, amount, gst, person_type_id, person_id) VALUES (&#039;1&#039;, &#039;111&#039;, &#039;2015-07-30&#039;,\n	&#039;1064&#039;, &#039;0&#039;, &#039;0&#039;, &#039;KT CHAN &amp; ASSOCIATES KL SDN BHD-AUDIT FEES 2013 &amp; 2014&#039;, &#039;-7033.79&#039;, &#039;0&#039;, &#039;0&#039;, &#039;KT CHAN &amp; ASSOCIATES KL SDN BHD&#039;) ', '1', 'The GL transaction could not be inserted'),
('1774', 'INSERT INTO comments (type, id, date_, memo_)\n    		VALUES (&#039;1&#039;, &#039;111&#039;, &#039;2015-07-30&#039;, &#039;KT CHAN &amp; ASSOCIATES KL SDN BHD-AUDIT FEES 2013 &amp; 2014&#039;)', '1', 'could not add comments transaction entry'),
('1775', 'REPLACE refs SET reference=&#039;CIMB 000100&#039;, type=&#039;1&#039;, id=&#039;111&#039;', '1', 'could not update reference entry'),
('1776', 'INSERT INTO audit_trail (type, trans_no, user, fiscal_year, gl_date, description, gl_seq)\n    			VALUES(&#039;1&#039;, &#039;111&#039;,1,2,&#039;2015-07-30&#039;,&#039;&#039;, 0)', '1', 'Cannot add audit info'),
('1777', 'UPDATE audit_trail SET gl_seq = NULL WHERE type=&#039;1&#039; AND trans_no=&#039;111&#039; AND id!=1065', '1', 'Cannot update audit gl_seq'),
('1778', 'UPDATE bank_trans SET amount=0\n		WHERE type=&#039;1&#039; AND trans_no=&#039;89&#039;', '1', 'could not void bank transactions for type=1 and trans_no=89'),
('1779', 'UPDATE gl_trans SET amount=0 WHERE type=&#039;1&#039; AND type_no=&#039;89&#039;', '1', 'could not void gl transactions for type=1 and trans_no=89'),
('1780', 'DELETE FROM cust_allocations\n		WHERE (trans_type_from=&#039;1&#039; AND trans_no_from=&#039;89&#039;)\n		OR (trans_type_to=&#039;1&#039; AND trans_no_to=&#039;89&#039;)', '1', 'could not void debtor transactions for type=1 and trans_no=89'),
('1781', 'UPDATE debtor_trans SET ov_amount=0, ov_discount=0, ov_gst=0, ov_freight=0,\n		ov_freight_tax=0, alloc=0, version=version+1 WHERE type=&#039;1&#039; AND trans_no=&#039;89&#039;', '1', 'could not void debtor transactions for type=1 and trans_no=89'),
('1782', 'DELETE FROM supp_allocations\n		WHERE (trans_type_from=&#039;1&#039; AND trans_no_from=&#039;89&#039;)\n		OR (trans_type_to=&#039;1&#039; AND trans_no_to=&#039;89&#039;)', '1', 'could not void supp transactions for type=1 and trans_no=89'),
('1783', 'UPDATE supp_trans SET ov_amount=0, ov_discount=0, ov_gst=0,\n		alloc=0 WHERE type=&#039;1&#039; AND trans_no=&#039;89&#039;', '1', 'could not void supp transactions for type=1 and trans_no=89'),
('1784', 'UPDATE trans_tax_details SET amount=0, net_amount=0\n	WHERE trans_no=&#039;89&#039; AND trans_type=&#039;1&#039;', '1', 'The transaction tax details could not be voided'),
('1785', 'INSERT INTO voided (type, id, date_, memo_)\n		VALUES (&#039;1&#039;, &#039;89&#039;, &#039;2015-09-28&#039;, &#039;Document reentered.&#039;)', '1', 'could not add voided transaction entry'),
('1786', 'COMMIT', '1', 'could not commit a transaction'),
('1787', 'BEGIN', '1', 'could not start a transaction'),
('1788', 'INSERT INTO gl_trans ( type, type_no, tran_date,\n	account, dimension_id, dimension2_id, memo_, amount, gst, person_type_id, person_id) VALUES (&#039;1&#039;, &#039;112&#039;, &#039;2015-07-30&#039;,\n	&#039;2110&#039;, &#039;0&#039;, &#039;0&#039;, &#039;LEMBAGA HASIL DALAM NEGERI-INCOME TAX FOR 2014&#039;, &#039;222.2&#039;, &#039;20&#039;, &#039;0&#039;, &#039;LEMBAGA HASIL DALAM NEGERI&#039;) ', '1', 'The GL transaction could not be inserted'),
('1789', 'INSERT INTO gl_trans ( type, type_no, tran_date,\n	account, dimension_id, dimension2_id, memo_, amount, gst, person_type_id, person_id) VALUES (&#039;1&#039;, &#039;112&#039;, &#039;2015-07-30&#039;,\n	&#039;1300&#039;, &#039;0&#039;, &#039;0&#039;, &#039;&#039;, &#039;0&#039;, &#039;&#039;, &#039;0&#039;, &#039;LEMBAGA HASIL DALAM NEGERI&#039;) ', '1', 'The GL transaction could not be inserted'),
('1790', 'INSERT INTO bank_trans (type, trans_no, bank_act, ref,\n		trans_date, amount, person_type_id, person_id, tax_inclusive, cheque) VALUES (1, 112, &#039;1&#039;, &#039;CIMB 000099&#039;, &#039;2015-07-30&#039;,\n		&#039;-222.2&#039;, &#039;0&#039;, &#039;LEMBAGA HASIL DALAM NEGERI&#039;, &#039;0&#039;, &#039;CIMB 000099&#039; )', '1', 'Cannot insert a source bank transaction'),
('1791', 'INSERT INTO gl_trans ( type, type_no, tran_date,\n	account, dimension_id, dimension2_id, memo_, amount, gst, person_type_id, person_id) VALUES (&#039;1&#039;, &#039;112&#039;, &#039;2015-07-30&#039;,\n	&#039;1064&#039;, &#039;0&#039;, &#039;0&#039;, &#039;LEMBAGA HASIL DALAM NEGERI-INCOME TAX FOR 2014&#039;, &#039;-222.2&#039;, &#039;0&#039;, &#039;0&#039;, &#039;LEMBAGA HASIL DALAM NEGERI&#039;) ', '1', 'The GL transaction could not be inserted'),
('1792', 'INSERT INTO comments (type, id, date_, memo_)\n    		VALUES (&#039;1&#039;, &#039;112&#039;, &#039;2015-07-30&#039;, &#039;LEMBAGA HASIL DALAM NEGERI-INCOME TAX FOR 2014&#039;)', '1', 'could not add comments transaction entry'),
('1793', 'REPLACE refs SET reference=&#039;CIMB 000099&#039;, type=&#039;1&#039;, id=&#039;112&#039;', '1', 'could not update reference entry'),
('1794', 'INSERT INTO audit_trail (type, trans_no, user, fiscal_year, gl_date, description, gl_seq)\n    			VALUES(&#039;1&#039;, &#039;112&#039;,1,2,&#039;2015-07-30&#039;,&#039;&#039;, 0)', '1', 'Cannot add audit info'),
('1795', 'UPDATE audit_trail SET gl_seq = NULL WHERE type=&#039;1&#039; AND trans_no=&#039;112&#039; AND id!=1066', '1', 'Cannot update audit gl_seq'),
('1796', 'UPDATE bank_trans SET amount=0\n		WHERE type=&#039;1&#039; AND trans_no=&#039;103&#039;', '1', 'could not void bank transactions for type=1 and trans_no=103'),
('1797', 'UPDATE gl_trans SET amount=0 WHERE type=&#039;1&#039; AND type_no=&#039;103&#039;', '1', 'could not void gl transactions for type=1 and trans_no=103'),
('1798', 'DELETE FROM cust_allocations\n		WHERE (trans_type_from=&#039;1&#039; AND trans_no_from=&#039;103&#039;)\n		OR (trans_type_to=&#039;1&#039; AND trans_no_to=&#039;103&#039;)', '1', 'could not void debtor transactions for type=1 and trans_no=103'),
('1799', 'UPDATE debtor_trans SET ov_amount=0, ov_discount=0, ov_gst=0, ov_freight=0,\n		ov_freight_tax=0, alloc=0, version=version+1 WHERE type=&#039;1&#039; AND trans_no=&#039;103&#039;', '1', 'could not void debtor transactions for type=1 and trans_no=103'),
('1800', 'DELETE FROM supp_allocations\n		WHERE (trans_type_from=&#039;1&#039; AND trans_no_from=&#039;103&#039;)\n		OR (trans_type_to=&#039;1&#039; AND trans_no_to=&#039;103&#039;)', '1', 'could not void supp transactions for type=1 and trans_no=103'),
('1801', 'UPDATE supp_trans SET ov_amount=0, ov_discount=0, ov_gst=0,\n		alloc=0 WHERE type=&#039;1&#039; AND trans_no=&#039;103&#039;', '1', 'could not void supp transactions for type=1 and trans_no=103'),
('1802', 'UPDATE trans_tax_details SET amount=0, net_amount=0\n	WHERE trans_no=&#039;103&#039; AND trans_type=&#039;1&#039;', '1', 'The transaction tax details could not be voided'),
('1803', 'INSERT INTO voided (type, id, date_, memo_)\n		VALUES (&#039;1&#039;, &#039;103&#039;, &#039;2015-09-28&#039;, &#039;Document reentered.&#039;)', '1', 'could not add voided transaction entry'),
('1804', 'COMMIT', '1', 'could not commit a transaction'),
('1805', 'BEGIN', '1', 'could not start a transaction'),
('1806', 'INSERT INTO gl_trans ( type, type_no, tran_date,\n	account, dimension_id, dimension2_id, memo_, amount, gst, person_type_id, person_id) VALUES (&#039;1&#039;, &#039;113&#039;, &#039;2015-08-31&#039;,\n	&#039;5690&#039;, &#039;0&#039;, &#039;0&#039;, &#039;BANK CHARGES OF AUG &#039;, &#039;5&#039;, &#039;12&#039;, &#039;0&#039;, &#039;&#039;) ', '1', 'The GL transaction could not be inserted'),
('1807', 'INSERT INTO gl_trans ( type, type_no, tran_date,\n	account, dimension_id, dimension2_id, memo_, amount, gst, person_type_id, person_id) VALUES (&#039;1&#039;, &#039;113&#039;, &#039;2015-08-31&#039;,\n	&#039;1300&#039;, &#039;0&#039;, &#039;0&#039;, &#039;&#039;, &#039;0.3&#039;, &#039;&#039;, &#039;0&#039;, &#039;&#039;) ', '1', 'The GL transaction could not be inserted'),
('1808', 'INSERT INTO bank_trans (type, trans_no, bank_act, ref,\n		trans_date, amount, person_type_id, person_id, tax_inclusive, cheque) VALUES (1, 113, &#039;1&#039;, &#039;PV00018&#039;, &#039;2015-08-31&#039;,\n		&#039;-5.3&#039;, &#039;0&#039;, &#039;&#039;, &#039;0&#039;, &#039;BC1508&#039; )', '1', 'Cannot insert a source bank transaction'),
('1809', 'INSERT INTO gl_trans ( type, type_no, tran_date,\n	account, dimension_id, dimension2_id, memo_, amount, gst, person_type_id, person_id) VALUES (&#039;1&#039;, &#039;113&#039;, &#039;2015-08-31&#039;,\n	&#039;1064&#039;, &#039;0&#039;, &#039;0&#039;, &#039;BANK CHARGES OF AUG &#039;, &#039;-5.3&#039;, &#039;0&#039;, &#039;0&#039;, &#039;&#039;) ', '1', 'The GL transaction could not be inserted'),
('1810', 'INSERT INTO comments (type, id, date_, memo_)\n    		VALUES (&#039;1&#039;, &#039;113&#039;, &#039;2015-08-31&#039;, &#039;BANK CHARGES OF AUG &#039;)', '1', 'could not add comments transaction entry'),
('1811', 'REPLACE refs SET reference=&#039;PV00018&#039;, type=&#039;1&#039;, id=&#039;113&#039;', '1', 'could not update reference entry'),
('1812', 'UPDATE sys_types SET next_reference=&#039;PV00019&#039; WHERE type_id = &#039;1&#039;', '1', 'The next transaction ref for 1 could not be updated'),
('1813', 'INSERT INTO audit_trail (type, trans_no, user, fiscal_year, gl_date, description, gl_seq)\n    			VALUES(&#039;1&#039;, &#039;113&#039;,1,2,&#039;2015-08-31&#039;,&#039;&#039;, 0)', '1', 'Cannot add audit info'),
('1814', 'UPDATE audit_trail SET gl_seq = NULL WHERE type=&#039;1&#039; AND trans_no=&#039;113&#039; AND id!=1067', '1', 'Cannot update audit gl_seq'),
('1815', 'COMMIT', '1', 'could not commit a transaction'),
('1816', 'UPDATE users SET last_visit_date=&#039;2015-09-29 14:07:54&#039;\n		WHERE user_id=&#039;lonengineering&#039;', '1', 'could not update last visit date for user lonengineering'),
('1817', 'UPDATE users SET last_visit_date=&#039;2015-09-29 21:12:48&#039;\n		WHERE user_id=&#039;lonengineering&#039;', '1', 'could not update last visit date for user lonengineering'),
('1818', 'set @bal:=0', '1', ''),
('1819', 'set @bal:=0', '1', ''),
('1820', 'set @bal:=0', '1', ''),
('1821', 'set @bal:=0', '1', ''),
('1822', 'set @bal:=0', '1', ''),
('1823', 'UPDATE users SET last_visit_date=&#039;2015-09-29 22:12:10&#039;\n		WHERE user_id=&#039;lonengineering&#039;', '1', 'could not update last visit date for user lonengineering'),
('1824', 'set @bal:=0', '1', ''),
('1825', 'set @bal:=0', '1', ''),
('1826', 'set @bal:=0', '1', ''),
('1827', 'UPDATE users SET last_visit_date=&#039;2015-09-29 22:28:32&#039;\n		WHERE user_id=&#039;lonengineering&#039;', '1', 'could not update last visit date for user lonengineering'),
('1828', 'UPDATE users SET last_visit_date=&#039;2015-09-30 08:55:41&#039;\n		WHERE user_id=&#039;lonengineering&#039;', '1', 'could not update last visit date for user lonengineering'),
('1829', 'UPDATE users SET last_visit_date=&#039;2015-10-01 22:20:26&#039;\n		WHERE user_id=&#039;lonengineering&#039;', '1', 'could not update last visit date for user lonengineering'),
('1830', 'UPDATE users SET last_visit_date=&#039;2015-10-04 15:07:00&#039;\n		WHERE user_id=&#039;lonengineering&#039;', '1', 'could not update last visit date for user lonengineering'),
('1831', 'UPDATE users SET last_visit_date=&#039;2015-10-04 15:23:47&#039;\n		WHERE user_id=&#039;lonengineering&#039;', '1', 'could not update last visit date for user lonengineering'),
('1832', 'set @bal:=0', '1', ''),
('1833', 'set @bal:=0', '1', ''),
('1834', 'set @bal:=0', '1', ''),
('1835', 'BEGIN', '1', 'could not start a transaction'),
('1836', 'UPDATE sales_orders SET version=version+1 WHERE order_no=&#039;1&#039; AND version=17 AND trans_type=30', '1', 'Concurrent editing conflict while sales order update'),
('1837', 'UPDATE sales_orders SET version=version+1 WHERE order_no=&#039;2&#039; AND version=15 AND trans_type=30', '1', 'Concurrent editing conflict while sales order update'),
('1838', 'UPDATE sales_orders SET version=version+1 WHERE order_no=&#039;3&#039; AND version=16 AND trans_type=30', '1', 'Concurrent editing conflict while sales order update'),
('1839', 'UPDATE sales_orders SET version=version+1 WHERE order_no=&#039;4&#039; AND version=16 AND trans_type=30', '1', 'Concurrent editing conflict while sales order update'),
('1840', 'UPDATE sales_orders SET version=version+1 WHERE order_no=&#039;5&#039; AND version=15 AND trans_type=30', '1', 'Concurrent editing conflict while sales order update'),
('1841', 'UPDATE sales_orders SET version=version+1 WHERE order_no=&#039;6&#039; AND version=15 AND trans_type=30', '1', 'Concurrent editing conflict while sales order update'),
('1842', 'UPDATE sales_orders SET version=version+1 WHERE order_no=&#039;7&#039; AND version=14 AND trans_type=30', '1', 'Concurrent editing conflict while sales order update'),
('1843', 'UPDATE sales_orders SET version=version+1 WHERE order_no=&#039;8&#039; AND version=14 AND trans_type=30', '1', 'Concurrent editing conflict while sales order update'),
('1844', 'UPDATE sales_orders SET version=version+1 WHERE order_no=&#039;9&#039; AND version=14 AND trans_type=30', '1', 'Concurrent editing conflict while sales order update'),
('1845', 'UPDATE sales_orders SET version=version+1 WHERE order_no=&#039;10&#039; AND version=15 AND trans_type=30', '1', 'Concurrent editing conflict while sales order update'),
('1846', 'UPDATE sales_orders SET version=version+1 WHERE order_no=&#039;11&#039; AND version=14 AND trans_type=30', '1', 'Concurrent editing conflict while sales order update'),
('1847', 'UPDATE sales_orders SET version=version+1 WHERE order_no=&#039;12&#039; AND version=14 AND trans_type=30', '1', 'Concurrent editing conflict while sales order update'),
('1848', 'UPDATE sales_orders SET version=version+1 WHERE order_no=&#039;13&#039; AND version=15 AND trans_type=30', '1', 'Concurrent editing conflict while sales order update'),
('1849', 'UPDATE sales_orders SET version=version+1 WHERE order_no=&#039;14&#039; AND version=15 AND trans_type=30', '1', 'Concurrent editing conflict while sales order update'),
('1850', 'UPDATE sales_orders SET version=version+1 WHERE order_no=&#039;15&#039; AND version=15 AND trans_type=30', '1', 'Concurrent editing conflict while sales order update'),
('1851', 'UPDATE sales_orders SET version=version+1 WHERE order_no=&#039;16&#039; AND version=15 AND trans_type=30', '1', 'Concurrent editing conflict while sales order update'),
('1852', 'UPDATE sales_orders SET version=version+1 WHERE order_no=&#039;17&#039; AND version=15 AND trans_type=30', '1', 'Concurrent editing conflict while sales order update'),
('1853', 'UPDATE sales_orders SET version=version+1 WHERE order_no=&#039;18&#039; AND version=15 AND trans_type=30', '1', 'Concurrent editing conflict while sales order update'),
('1854', 'UPDATE sales_orders SET version=version+1 WHERE order_no=&#039;19&#039; AND version=15 AND trans_type=30', '1', 'Concurrent editing conflict while sales order update'),
('1855', 'UPDATE sales_orders SET version=version+1 WHERE order_no=&#039;20&#039; AND version=15 AND trans_type=30', '1', 'Concurrent editing conflict while sales order update'),
('1856', 'UPDATE sales_orders SET version=version+1 WHERE order_no=&#039;21&#039; AND version=15 AND trans_type=30', '1', 'Concurrent editing conflict while sales order update'),
('1857', 'UPDATE sales_orders SET version=version+1 WHERE order_no=&#039;22&#039; AND version=16 AND trans_type=30', '1', 'Concurrent editing conflict while sales order update'),
('1858', 'UPDATE sales_orders SET version=version+1 WHERE order_no=&#039;23&#039; AND version=16 AND trans_type=30', '1', 'Concurrent editing conflict while sales order update'),
('1859', 'UPDATE sales_orders SET version=version+1 WHERE order_no=&#039;24&#039; AND version=16 AND trans_type=30', '1', 'Concurrent editing conflict while sales order update'),
('1860', 'UPDATE sales_orders SET version=version+1 WHERE order_no=&#039;25&#039; AND version=15 AND trans_type=30', '1', 'Concurrent editing conflict while sales order update'),
('1861', 'UPDATE sales_orders SET version=version+1 WHERE order_no=&#039;26&#039; AND version=12 AND trans_type=30', '1', 'Concurrent editing conflict while sales order update'),
('1862', 'UPDATE sales_orders SET version=version+1 WHERE order_no=&#039;27&#039; AND version=3 AND trans_type=30', '1', 'Concurrent editing conflict while sales order update'),
('1863', 'UPDATE sales_orders SET version=version+1 WHERE order_no=&#039;28&#039; AND version=3 AND trans_type=30', '1', 'Concurrent editing conflict while sales order update'),
('1864', 'UPDATE sales_orders SET version=version+1 WHERE order_no=&#039;29&#039; AND version=4 AND trans_type=30', '1', 'Concurrent editing conflict while sales order update'),
('1865', 'UPDATE sales_orders SET version=version+1 WHERE order_no=&#039;30&#039; AND version=3 AND trans_type=30', '1', 'Concurrent editing conflict while sales order update'),
('1866', 'UPDATE sales_orders SET version=version+1 WHERE order_no=&#039;31&#039; AND version=3 AND trans_type=30', '1', 'Concurrent editing conflict while sales order update'),
('1867', 'UPDATE sales_orders SET version=version+1 WHERE order_no=&#039;32&#039; AND version=3 AND trans_type=30', '1', 'Concurrent editing conflict while sales order update'),
('1868', 'UPDATE sales_orders SET version=version+1 WHERE order_no=&#039;33&#039; AND version=3 AND trans_type=30', '1', 'Concurrent editing conflict while sales order update'),
('1869', 'UPDATE sales_orders SET version=version+1 WHERE order_no=&#039;34&#039; AND version=3 AND trans_type=30', '1', 'Concurrent editing conflict while sales order update'),
('1870', 'UPDATE sales_orders SET version=version+1 WHERE order_no=&#039;35&#039; AND version=3 AND trans_type=30', '1', 'Concurrent editing conflict while sales order update'),
('1871', 'UPDATE debtor_trans SET\n			debtor_no=&#039;3&#039; , branch_code=&#039;3&#039;,\n			tran_date=&#039;2015-05-27&#039;, due_date=&#039;2015-08-07&#039;,\n			reference=&#039;IN15019&#039;, tpe=&#039;1&#039;, order_=&#039;20&#039;,\n			ov_amount=37988.7, ov_discount=&#039;0&#039;, ov_gst=0,\n			ov_freight=&#039;0&#039;, ov_freight_tax=0, rate=1,\n			ship_via=&#039;1&#039;, alloc=0,\n			dimension_id=&#039;0&#039;, dimension2_id=&#039;0&#039;,\n			payment_terms=&#039;5&#039;, cheque=&#039;&#039;, reason=&#039;&#039;\n\n			WHERE trans_no=&#039;20&#039; AND type=&#039;13&#039;', '1', 'The debtor transaction record could not be inserted'),
('1872', 'UPDATE gl_trans SET amount=0 WHERE type=&#039;13&#039; AND type_no=&#039;20&#039;', '1', 'could not void gl transactions for type=13 and trans_no=20'),
('1873', 'UPDATE stock_master SET material_cost=&#039;0&#039;\n		WHERE stock_id=&#039;TPH&#039;', '1', 'The cost details for the inventory item could not be updated'),
('1874', 'DELETE FROM stock_moves WHERE type=&#039;13&#039;	AND trans_no=&#039;20&#039;', '1', 'The stock movement cannot be delated'),
('1875', 'UPDATE trans_tax_details SET amount=0, net_amount=0\n	WHERE trans_no=&#039;20&#039; AND trans_type=&#039;13&#039;', '1', 'The transaction tax details could not be voided'),
('1876', 'DELETE FROM comments WHERE type=&#039;13&#039; AND id=&#039;20&#039;', '1', 'could not delete from comments transaction table'),
('1877', 'INSERT INTO debtor_trans_details (debtor_trans_no,\n				debtor_trans_type, stock_id, description, quantity, unit_price,\n				unit_tax, discount_percent, standard_cost, tax_type_id, src_id)\n			VALUES (&#039;20&#039;, &#039;13&#039;, &#039;TPH&#039;, &#039;TEEGA PUTERI HARBOUR&#039;,\n				1, 37988.70, 0,\n				0, 0, &#039;26&#039;,&#039;0&#039;)', '1', 'The debtor transaction detail could not be written'),
('1878', 'UPDATE sales_order_details\n				SET qty_sent = qty_sent + 1 WHERE id=&#039;0&#039;', '1', 'The parent document detail record could not be updated'),
('1879', 'INSERT INTO stock_moves (stock_id, trans_no, type, loc_code,\n		tran_date, person_id, reference, qty, standard_cost, visible, price,\n		discount_percent) VALUES (&#039;TPH&#039;, &#039;20&#039;, &#039;13&#039;,	&#039;&#039;, &#039;2015-05-27&#039;, &#039;0&#039;, &#039;IN15019&#039;, &#039;-1&#039;, &#039;0&#039;,&#039;1&#039;, &#039;37988.70&#039;, &#039;0&#039;)', '1', 'The customer stock movement record cannot be inserted'),
('1880', 'INSERT INTO debtor_trans_details (debtor_trans_no,\n				debtor_trans_type, stock_id, description, quantity, unit_price,\n				unit_tax, discount_percent, standard_cost, tax_type_id, src_id)\n			VALUES (&#039;20&#039;, &#039;13&#039;, &#039;R4&#039;, &#039;RETENTION FUND - TEEGA PUTERI HARBOUR&#039;,\n				1, -8959.60, 0,\n				0, 0, &#039;31&#039;,&#039;0&#039;)', '1', 'The debtor transaction detail could not be written'),
('1881', 'UPDATE sales_order_details\n				SET qty_sent = qty_sent + 1 WHERE id=&#039;0&#039;', '1', 'The parent document detail record could not be updated'),
('1882', 'INSERT INTO stock_moves (stock_id, trans_no, type, loc_code,\n		tran_date, person_id, reference, qty, standard_cost, visible, price,\n		discount_percent) VALUES (&#039;R4&#039;, &#039;20&#039;, &#039;13&#039;,	&#039;&#039;, &#039;2015-05-27&#039;, &#039;0&#039;, &#039;IN15019&#039;, &#039;-1&#039;, &#039;0&#039;,&#039;1&#039;, &#039;-8959.60&#039;, &#039;0&#039;)', '1', 'The customer stock movement record cannot be inserted'),
('1883', 'INSERT INTO debtor_trans_details (debtor_trans_no,\n				debtor_trans_type, stock_id, description, quantity, unit_price,\n				unit_tax, discount_percent, standard_cost, tax_type_id, src_id)\n			VALUES (&#039;20&#039;, &#039;13&#039;, &#039;TPH&#039;, &#039;TEEGA PUTERI HARBOUR&#039;,\n				1, 8959.60, 0,\n				0, 0, &#039;31&#039;,&#039;0&#039;)', '1', 'The debtor transaction detail could not be written'),
('1884', 'UPDATE sales_order_details\n				SET qty_sent = qty_sent + 1 WHERE id=&#039;0&#039;', '1', 'The parent document detail record could not be updated'),
('1885', 'INSERT INTO stock_moves (stock_id, trans_no, type, loc_code,\n		tran_date, person_id, reference, qty, standard_cost, visible, price,\n		discount_percent) VALUES (&#039;TPH&#039;, &#039;20&#039;, &#039;13&#039;,	&#039;&#039;, &#039;2015-05-27&#039;, &#039;0&#039;, &#039;IN15019&#039;, &#039;-1&#039;, &#039;0&#039;,&#039;1&#039;, &#039;8959.60&#039;, &#039;0&#039;)', '1', 'The customer stock movement record cannot be inserted'),
('1886', 'UPDATE sales_order_details\n		SET quantity = qty_sent WHERE order_no = &#039;20&#039; AND trans_type=30', '1', 'The sales order detail record could not be updated'),
('1887', 'INSERT INTO trans_tax_details\n	(trans_type, trans_no, tran_date, tax_type_id, rate, ex_rate,\n	included_in_price, net_amount, amount, memo)\n	VALUES (&#039;13&#039;,&#039;20&#039;,&#039;2015-05-27&#039;,&#039;26&#039;,&#039;6&#039;,&#039;1&#039;,1,&#039;37988.7&#039;,&#039;2150.3&#039;,&#039;IN15019&#039;)', '1', 'Cannot save trans tax details'),
('1888', 'DELETE FROM comments WHERE type=&#039;10&#039; AND id=&#039;20&#039;', '1', 'could not delete from comments transaction table'),
('1889', 'UPDATE gl_trans SET amount=0 WHERE type=&#039;10&#039; AND type_no=&#039;20&#039;', '1', 'could not void gl transactions for type=10 and trans_no=20'),
('1890', 'DELETE FROM cust_allocations\n		WHERE (trans_type_from=&#039;10&#039; AND trans_no_from=&#039;20&#039;)\n		OR (trans_type_to=&#039;10&#039; AND trans_no_to=&#039;20&#039;)', '1', 'could not void debtor transactions for type=10 and trans_no=20'),
('1891', 'UPDATE trans_tax_details SET amount=0, net_amount=0\n	WHERE trans_no=&#039;20&#039; AND trans_type=&#039;10&#039;', '1', 'The transaction tax details could not be voided');
INSERT INTO `sql_trail` VALUES
('1892', 'UPDATE debtor_trans SET version=version+1\n			WHERE type=&#039;13&#039; AND ((trans_no=&#039;1&#039; AND version=17) OR (trans_no=&#039;2&#039; AND version=15) OR (trans_no=&#039;3&#039; AND version=16) OR (trans_no=&#039;4&#039; AND version=16) OR (trans_no=&#039;5&#039; AND version=15) OR (trans_no=&#039;6&#039; AND version=15) OR (trans_no=&#039;7&#039; AND version=14) OR (trans_no=&#039;8&#039; AND version=14) OR (trans_no=&#039;9&#039; AND version=14) OR (trans_no=&#039;10&#039; AND version=15) OR (trans_no=&#039;11&#039; AND version=14) OR (trans_no=&#039;12&#039; AND version=14) OR (trans_no=&#039;13&#039; AND version=15) OR (trans_no=&#039;14&#039; AND version=15) OR (trans_no=&#039;15&#039; AND version=15) OR (trans_no=&#039;16&#039; AND version=15) OR (trans_no=&#039;17&#039; AND version=15) OR (trans_no=&#039;18&#039; AND version=15) OR (trans_no=&#039;19&#039; AND version=15) OR (trans_no=&#039;20&#039; AND version=15) OR (trans_no=&#039;21&#039; AND version=15) OR (trans_no=&#039;22&#039; AND version=16) OR (trans_no=&#039;23&#039; AND version=16) OR (trans_no=&#039;24&#039; AND version=16) OR (trans_no=&#039;25&#039; AND version=15) OR (trans_no=&#039;26&#039; AND version=12) OR (trans_no=&#039;27&#039; AND version=3) OR (trans_no=&#039;28&#039; AND version=3) OR (trans_no=&#039;29&#039; AND version=4) OR (trans_no=&#039;30&#039; AND version=3) OR (trans_no=&#039;31&#039; AND version=3) OR (trans_no=&#039;32&#039; AND version=3) OR (trans_no=&#039;33&#039; AND version=3) OR (trans_no=&#039;34&#039; AND version=3) OR (trans_no=&#039;35&#039; AND version=3))', '1', 'Concurrent editing conflict'),
('1893', 'UPDATE `debtor_trans` SET `debtor_no` = &#039;3&#039;, `branch_code` = &#039;3&#039;, `tran_date` = &#039;2015-05-27&#039;, `due_date` = &#039;2015-08-07&#039;, `reference` = &#039;IN15019&#039;, `tpe` = &#039;1&#039;, `order_` = &#039;20&#039;, `ov_amount` = 0, `ov_freight` = 0, `ship_via` = &#039;1&#039;, `dimension_id` = &#039;0&#039;, `dimension2_id` = &#039;0&#039;, `payment_terms` = &#039;5&#039;, `rate` = 1, `ov_discount` = 0, `ov_gst` = 0, `ov_freight_tax` = 0 WHERE `trans_no` =  20 AND `type` =  10 LIMIT 1', '1', 'The debtor transaction record could not be inserted'),
('1894', 'INSERT INTO `debtor_trans_details` (`tax_type_id`, `debtor_trans_no`, `stock_id`, `description`, `quantity`, `unit_price`, `unit_tax`, `discount_percent`, `standard_cost`, `src_id`, `debtor_trans_type`) VALUES (&#039;26&#039;, 20, &#039;TPH&#039;, &#039;TEEGA PUTERI HARBOUR&#039;, &#039;1&#039;, &#039;37988.70&#039;, 2150.3037735849, 0, &#039;0&#039;, 0, 10)', '1', 'The debtor transaction detail could not be written'),
('1895', 'UPDATE `debtor_trans_details` SET `qty_done` = qty_done +1 WHERE `id` =  0 LIMIT 1', '1', 'The parent document detail record could not be updated'),
('1896', 'UPDATE `trans_tax_details` SET `trans_type` = 10, `trans_no` = 20 WHERE `trans_type` =  10 AND `trans_no` =  20 AND `tran_date` =  &#039;27-05-2015&#039; AND `tax_type_id` =  &#039;26&#039; AND `included_in_price` =  &#039;1&#039; AND `ex_rate` =  1 AND `memo` =  &#039;IN15019&#039; AND `rate` =  &#039;6&#039; AND `amount` =  2150.3037735849 AND `net_amount` =  35838.396226415 LIMIT 1', '1', 'Cannot save trans tax details'),
('1897', 'INSERT INTO `debtor_trans_details` (`tax_type_id`, `debtor_trans_no`, `stock_id`, `description`, `quantity`, `unit_price`, `unit_tax`, `discount_percent`, `standard_cost`, `src_id`, `debtor_trans_type`) VALUES (&#039;31&#039;, 20, &#039;R4&#039;, &#039;RETENTION FUND - TEEGA PUTERI HARBOUR&#039;, &#039;1&#039;, &#039;-8959.60&#039;, -0, 0, &#039;0&#039;, 0, 10)', '1', 'The debtor transaction detail could not be written'),
('1898', 'UPDATE `debtor_trans_details` SET `qty_done` = qty_done +1 WHERE `id` =  0 LIMIT 1', '1', 'The parent document detail record could not be updated'),
('1899', 'UPDATE `trans_tax_details` SET `trans_type` = 10, `trans_no` = 20 WHERE `trans_type` =  10 AND `trans_no` =  20 AND `tran_date` =  &#039;27-05-2015&#039; AND `tax_type_id` =  &#039;31&#039; AND `included_in_price` =  &#039;1&#039; AND `ex_rate` =  1 AND `memo` =  &#039;IN15019&#039; AND `rate` =  &#039;0&#039; AND `amount` =  -0 AND `net_amount` =  -8959.6 LIMIT 1', '1', 'Cannot save trans tax details'),
('1900', 'INSERT INTO `debtor_trans_details` (`tax_type_id`, `debtor_trans_no`, `stock_id`, `description`, `quantity`, `unit_price`, `unit_tax`, `discount_percent`, `standard_cost`, `src_id`, `debtor_trans_type`) VALUES (&#039;31&#039;, 20, &#039;TPH&#039;, &#039;TEEGA PUTERI HARBOUR&#039;, &#039;1&#039;, &#039;8959.60&#039;, 0, 0, &#039;0&#039;, 0, 10)', '1', 'The debtor transaction detail could not be written'),
('1901', 'UPDATE `debtor_trans_details` SET `qty_done` = qty_done +1 WHERE `id` =  0 LIMIT 1', '1', 'The parent document detail record could not be updated'),
('1902', 'UPDATE `trans_tax_details` SET `trans_type` = 10, `trans_no` = 20 WHERE `trans_type` =  10 AND `trans_no` =  20 AND `tran_date` =  &#039;27-05-2015&#039; AND `tax_type_id` =  &#039;31&#039; AND `included_in_price` =  &#039;1&#039; AND `ex_rate` =  1 AND `memo` =  &#039;IN15019&#039; AND `rate` =  &#039;0&#039; AND `amount` =  0 AND `net_amount` =  8959.6 LIMIT 1', '1', 'Cannot save trans tax details'),
('1903', 'UPDATE `debtor_trans` SET `ov_amount` = 35838.396226415, `ov_gst` = 2150.3037735849, `ov_discount` = 0 WHERE `trans_no` =  20 AND `type` =  10 LIMIT 1', '1', 'The debtor transaction record could not be inserted'),
('1904', 'INSERT INTO `gl_trans` (`type`, `type_no`, `tran_date`, `person_type_id`, `person_id`, `account`, `amount`, `dimension_id`, `dimension2_id`, `memo_`) VALUES (10, 20, &#039;2015-05-27&#039;, 2, &#039;3&#039;, &#039;4010&#039;, -35838.4, &#039;0&#039;, &#039;0&#039;, &#039;&#039;)', '1', 'The GL transaction could not be inserted'),
('1905', 'INSERT INTO `gl_trans` (`type`, `type_no`, `tran_date`, `person_type_id`, `person_id`, `account`, `amount`, `dimension_id`, `dimension2_id`, `memo_`) VALUES (10, 20, &#039;2015-05-27&#039;, 2, &#039;3&#039;, &#039;2150&#039;, -2150.3, 0, 0, &#039;&#039;)', '1', 'The GL transaction could not be inserted'),
('1906', 'INSERT INTO `gl_trans` (`type`, `type_no`, `tran_date`, `person_type_id`, `person_id`, `account`, `amount`, `dimension_id`, `dimension2_id`, `memo_`) VALUES (10, 20, &#039;2015-05-27&#039;, 2, &#039;3&#039;, &#039;1210&#039;, 8959.6, &#039;0&#039;, &#039;0&#039;, &#039;&#039;)', '1', 'The GL transaction could not be inserted'),
('1907', 'INSERT INTO `gl_trans` (`type`, `type_no`, `tran_date`, `person_type_id`, `person_id`, `account`, `amount`, `dimension_id`, `dimension2_id`, `memo_`) VALUES (10, 20, &#039;2015-05-27&#039;, 2, &#039;3&#039;, &#039;4010&#039;, -8959.6, &#039;0&#039;, &#039;0&#039;, &#039;&#039;)', '1', 'The GL transaction could not be inserted'),
('1908', 'INSERT INTO `gl_trans` (`type`, `type_no`, `tran_date`, `person_type_id`, `person_id`, `account`, `amount`, `dimension_id`, `dimension2_id`, `memo_`) VALUES (10, 20, &#039;2015-05-27&#039;, 2, &#039;3&#039;, &#039;1200&#039;, 37988.7, 0, 0, &#039;&#039;)', '1', 'The GL transaction could not be inserted'),
('1909', 'INSERT INTO gl_trans ( type, type_no, tran_date,\n	account, dimension_id, dimension2_id, memo_, amount, gst, person_type_id, person_id) VALUES (&#039;10&#039;, &#039;20&#039;, &#039;2015-05-27&#039;,\n	&#039;4451&#039;, &#039;0&#039;, &#039;0&#039;, &#039;&#039;, &#039;0&#039;, &#039;&#039;, &#039;2&#039;, &#039;3&#039;) ', '1', 'The balanced GL transaction could not be inserted'),
('1910', 'REPLACE refs SET reference=&#039;IN15019&#039;, type=&#039;10&#039;, id=&#039;20&#039;', '1', 'could not update reference entry'),
('1911', 'COMMIT', '1', 'could not commit a transaction'),
('1912', 'set @bal:=0', '1', ''),
('1913', 'set @bal:=0', '1', ''),
('1914', 'set @bal:=0', '1', ''),
('1915', 'set @bal:=0', '1', ''),
('1916', 'set @bal:=0', '1', ''),
('1917', 'set @bal:=0', '1', ''),
('1918', 'BEGIN', '1', 'could not start a transaction'),
('1919', 'UPDATE sales_orders SET version=version+1 WHERE order_no=&#039;1&#039; AND version=18 AND trans_type=30', '1', 'Concurrent editing conflict while sales order update'),
('1920', 'UPDATE sales_orders SET version=version+1 WHERE order_no=&#039;2&#039; AND version=16 AND trans_type=30', '1', 'Concurrent editing conflict while sales order update'),
('1921', 'UPDATE sales_orders SET version=version+1 WHERE order_no=&#039;3&#039; AND version=17 AND trans_type=30', '1', 'Concurrent editing conflict while sales order update'),
('1922', 'UPDATE sales_orders SET version=version+1 WHERE order_no=&#039;4&#039; AND version=17 AND trans_type=30', '1', 'Concurrent editing conflict while sales order update'),
('1923', 'UPDATE sales_orders SET version=version+1 WHERE order_no=&#039;5&#039; AND version=16 AND trans_type=30', '1', 'Concurrent editing conflict while sales order update'),
('1924', 'UPDATE sales_orders SET version=version+1 WHERE order_no=&#039;6&#039; AND version=16 AND trans_type=30', '1', 'Concurrent editing conflict while sales order update'),
('1925', 'UPDATE sales_orders SET version=version+1 WHERE order_no=&#039;7&#039; AND version=15 AND trans_type=30', '1', 'Concurrent editing conflict while sales order update'),
('1926', 'UPDATE sales_orders SET version=version+1 WHERE order_no=&#039;8&#039; AND version=15 AND trans_type=30', '1', 'Concurrent editing conflict while sales order update'),
('1927', 'UPDATE sales_orders SET version=version+1 WHERE order_no=&#039;9&#039; AND version=15 AND trans_type=30', '1', 'Concurrent editing conflict while sales order update'),
('1928', 'UPDATE sales_orders SET version=version+1 WHERE order_no=&#039;10&#039; AND version=16 AND trans_type=30', '1', 'Concurrent editing conflict while sales order update'),
('1929', 'UPDATE sales_orders SET version=version+1 WHERE order_no=&#039;11&#039; AND version=15 AND trans_type=30', '1', 'Concurrent editing conflict while sales order update'),
('1930', 'UPDATE sales_orders SET version=version+1 WHERE order_no=&#039;12&#039; AND version=15 AND trans_type=30', '1', 'Concurrent editing conflict while sales order update'),
('1931', 'UPDATE sales_orders SET version=version+1 WHERE order_no=&#039;13&#039; AND version=16 AND trans_type=30', '1', 'Concurrent editing conflict while sales order update'),
('1932', 'UPDATE sales_orders SET version=version+1 WHERE order_no=&#039;14&#039; AND version=16 AND trans_type=30', '1', 'Concurrent editing conflict while sales order update'),
('1933', 'UPDATE sales_orders SET version=version+1 WHERE order_no=&#039;15&#039; AND version=16 AND trans_type=30', '1', 'Concurrent editing conflict while sales order update'),
('1934', 'UPDATE sales_orders SET version=version+1 WHERE order_no=&#039;16&#039; AND version=16 AND trans_type=30', '1', 'Concurrent editing conflict while sales order update'),
('1935', 'UPDATE sales_orders SET version=version+1 WHERE order_no=&#039;17&#039; AND version=16 AND trans_type=30', '1', 'Concurrent editing conflict while sales order update'),
('1936', 'UPDATE sales_orders SET version=version+1 WHERE order_no=&#039;18&#039; AND version=16 AND trans_type=30', '1', 'Concurrent editing conflict while sales order update'),
('1937', 'UPDATE sales_orders SET version=version+1 WHERE order_no=&#039;19&#039; AND version=16 AND trans_type=30', '1', 'Concurrent editing conflict while sales order update'),
('1938', 'UPDATE sales_orders SET version=version+1 WHERE order_no=&#039;20&#039; AND version=16 AND trans_type=30', '1', 'Concurrent editing conflict while sales order update'),
('1939', 'UPDATE sales_orders SET version=version+1 WHERE order_no=&#039;21&#039; AND version=16 AND trans_type=30', '1', 'Concurrent editing conflict while sales order update'),
('1940', 'UPDATE sales_orders SET version=version+1 WHERE order_no=&#039;22&#039; AND version=17 AND trans_type=30', '1', 'Concurrent editing conflict while sales order update'),
('1941', 'UPDATE sales_orders SET version=version+1 WHERE order_no=&#039;23&#039; AND version=17 AND trans_type=30', '1', 'Concurrent editing conflict while sales order update'),
('1942', 'UPDATE sales_orders SET version=version+1 WHERE order_no=&#039;24&#039; AND version=17 AND trans_type=30', '1', 'Concurrent editing conflict while sales order update'),
('1943', 'UPDATE sales_orders SET version=version+1 WHERE order_no=&#039;25&#039; AND version=16 AND trans_type=30', '1', 'Concurrent editing conflict while sales order update'),
('1944', 'UPDATE sales_orders SET version=version+1 WHERE order_no=&#039;26&#039; AND version=13 AND trans_type=30', '1', 'Concurrent editing conflict while sales order update'),
('1945', 'UPDATE sales_orders SET version=version+1 WHERE order_no=&#039;27&#039; AND version=4 AND trans_type=30', '1', 'Concurrent editing conflict while sales order update'),
('1946', 'UPDATE sales_orders SET version=version+1 WHERE order_no=&#039;28&#039; AND version=4 AND trans_type=30', '1', 'Concurrent editing conflict while sales order update'),
('1947', 'UPDATE sales_orders SET version=version+1 WHERE order_no=&#039;29&#039; AND version=5 AND trans_type=30', '1', 'Concurrent editing conflict while sales order update'),
('1948', 'UPDATE sales_orders SET version=version+1 WHERE order_no=&#039;30&#039; AND version=4 AND trans_type=30', '1', 'Concurrent editing conflict while sales order update'),
('1949', 'UPDATE sales_orders SET version=version+1 WHERE order_no=&#039;31&#039; AND version=4 AND trans_type=30', '1', 'Concurrent editing conflict while sales order update'),
('1950', 'UPDATE sales_orders SET version=version+1 WHERE order_no=&#039;32&#039; AND version=4 AND trans_type=30', '1', 'Concurrent editing conflict while sales order update'),
('1951', 'UPDATE sales_orders SET version=version+1 WHERE order_no=&#039;33&#039; AND version=4 AND trans_type=30', '1', 'Concurrent editing conflict while sales order update'),
('1952', 'UPDATE sales_orders SET version=version+1 WHERE order_no=&#039;34&#039; AND version=4 AND trans_type=30', '1', 'Concurrent editing conflict while sales order update'),
('1953', 'UPDATE sales_orders SET version=version+1 WHERE order_no=&#039;35&#039; AND version=4 AND trans_type=30', '1', 'Concurrent editing conflict while sales order update'),
('1954', 'UPDATE debtor_trans SET\n			debtor_no=&#039;2&#039; , branch_code=&#039;2&#039;,\n			tran_date=&#039;2015-05-25&#039;, due_date=&#039;2015-08-07&#039;,\n			reference=&#039;IN15004&#039;, tpe=&#039;1&#039;, order_=&#039;5&#039;,\n			ov_amount=60102, ov_discount=&#039;0&#039;, ov_gst=0,\n			ov_freight=&#039;0&#039;, ov_freight_tax=0, rate=1,\n			ship_via=&#039;1&#039;, alloc=0,\n			dimension_id=&#039;0&#039;, dimension2_id=&#039;0&#039;,\n			payment_terms=&#039;5&#039;, cheque=&#039;&#039;, reason=&#039;&#039;\n\n			WHERE trans_no=&#039;5&#039; AND type=&#039;13&#039;', '1', 'The debtor transaction record could not be inserted'),
('1955', 'UPDATE gl_trans SET amount=0 WHERE type=&#039;13&#039; AND type_no=&#039;5&#039;', '1', 'could not void gl transactions for type=13 and trans_no=5'),
('1956', 'UPDATE stock_master SET material_cost=&#039;0&#039;\n		WHERE stock_id=&#039;MATRADE&#039;', '1', 'The cost details for the inventory item could not be updated'),
('1957', 'DELETE FROM stock_moves WHERE type=&#039;13&#039;	AND trans_no=&#039;5&#039;', '1', 'The stock movement cannot be delated'),
('1958', 'UPDATE trans_tax_details SET amount=0, net_amount=0\n	WHERE trans_no=&#039;5&#039; AND trans_type=&#039;13&#039;', '1', 'The transaction tax details could not be voided'),
('1959', 'DELETE FROM comments WHERE type=&#039;13&#039; AND id=&#039;5&#039;', '1', 'could not delete from comments transaction table'),
('1960', 'INSERT INTO debtor_trans_details (debtor_trans_no,\n				debtor_trans_type, stock_id, description, quantity, unit_price,\n				unit_tax, discount_percent, standard_cost, tax_type_id, src_id)\n			VALUES (&#039;5&#039;, &#039;13&#039;, &#039;MATRADE&#039;, &#039;PUSUT PAMERAN MATRADE&#039;,\n				1, 60102.00, 0,\n				0, 0, &#039;26&#039;,&#039;0&#039;)', '1', 'The debtor transaction detail could not be written'),
('1961', 'UPDATE sales_order_details\n				SET qty_sent = qty_sent + 1 WHERE id=&#039;0&#039;', '1', 'The parent document detail record could not be updated'),
('1962', 'INSERT INTO stock_moves (stock_id, trans_no, type, loc_code,\n		tran_date, person_id, reference, qty, standard_cost, visible, price,\n		discount_percent) VALUES (&#039;MATRADE&#039;, &#039;5&#039;, &#039;13&#039;,	&#039;&#039;, &#039;2015-05-25&#039;, &#039;0&#039;, &#039;IN15004&#039;, &#039;-1&#039;, &#039;0&#039;,&#039;1&#039;, &#039;60102.00&#039;, &#039;0&#039;)', '1', 'The customer stock movement record cannot be inserted'),
('1963', 'INSERT INTO debtor_trans_details (debtor_trans_no,\n				debtor_trans_type, stock_id, description, quantity, unit_price,\n				unit_tax, discount_percent, standard_cost, tax_type_id, src_id)\n			VALUES (&#039;5&#039;, &#039;13&#039;, &#039;RETENTION&#039;, &#039;RETENTION FUND - MATRADE&#039;,\n				1, -6300.00, 0,\n				0, 0, &#039;31&#039;,&#039;0&#039;)', '1', 'The debtor transaction detail could not be written'),
('1964', 'UPDATE sales_order_details\n				SET qty_sent = qty_sent + 1 WHERE id=&#039;0&#039;', '1', 'The parent document detail record could not be updated'),
('1965', 'INSERT INTO stock_moves (stock_id, trans_no, type, loc_code,\n		tran_date, person_id, reference, qty, standard_cost, visible, price,\n		discount_percent) VALUES (&#039;RETENTION&#039;, &#039;5&#039;, &#039;13&#039;,	&#039;&#039;, &#039;2015-05-25&#039;, &#039;0&#039;, &#039;IN15004&#039;, &#039;-1&#039;, &#039;0&#039;,&#039;1&#039;, &#039;-6300.00&#039;, &#039;0&#039;)', '1', 'The customer stock movement record cannot be inserted'),
('1966', 'INSERT INTO debtor_trans_details (debtor_trans_no,\n				debtor_trans_type, stock_id, description, quantity, unit_price,\n				unit_tax, discount_percent, standard_cost, tax_type_id, src_id)\n			VALUES (&#039;5&#039;, &#039;13&#039;, &#039;MATRADE&#039;, &#039;PUSUT PAMERAN MATRADE&#039;,\n				1, 6300.00, 0,\n				0, 0, &#039;31&#039;,&#039;0&#039;)', '1', 'The debtor transaction detail could not be written'),
('1967', 'UPDATE sales_order_details\n				SET qty_sent = qty_sent + 1 WHERE id=&#039;0&#039;', '1', 'The parent document detail record could not be updated'),
('1968', 'INSERT INTO stock_moves (stock_id, trans_no, type, loc_code,\n		tran_date, person_id, reference, qty, standard_cost, visible, price,\n		discount_percent) VALUES (&#039;MATRADE&#039;, &#039;5&#039;, &#039;13&#039;,	&#039;&#039;, &#039;2015-05-25&#039;, &#039;0&#039;, &#039;IN15004&#039;, &#039;-1&#039;, &#039;0&#039;,&#039;1&#039;, &#039;6300.00&#039;, &#039;0&#039;)', '1', 'The customer stock movement record cannot be inserted'),
('1969', 'UPDATE sales_order_details\n		SET quantity = qty_sent WHERE order_no = &#039;5&#039; AND trans_type=30', '1', 'The sales order detail record could not be updated'),
('1970', 'INSERT INTO trans_tax_details\n	(trans_type, trans_no, tran_date, tax_type_id, rate, ex_rate,\n	included_in_price, net_amount, amount, memo)\n	VALUES (&#039;13&#039;,&#039;5&#039;,&#039;2015-05-25&#039;,&#039;26&#039;,&#039;6&#039;,&#039;1&#039;,1,&#039;60102&#039;,&#039;3402&#039;,&#039;IN15004&#039;)', '1', 'Cannot save trans tax details'),
('1971', 'DELETE FROM comments WHERE type=&#039;10&#039; AND id=&#039;5&#039;', '1', 'could not delete from comments transaction table'),
('1972', 'UPDATE gl_trans SET amount=0 WHERE type=&#039;10&#039; AND type_no=&#039;5&#039;', '1', 'could not void gl transactions for type=10 and trans_no=5'),
('1973', 'DELETE FROM cust_allocations\n		WHERE (trans_type_from=&#039;10&#039; AND trans_no_from=&#039;5&#039;)\n		OR (trans_type_to=&#039;10&#039; AND trans_no_to=&#039;5&#039;)', '1', 'could not void debtor transactions for type=10 and trans_no=5'),
('1974', 'UPDATE trans_tax_details SET amount=0, net_amount=0\n	WHERE trans_no=&#039;5&#039; AND trans_type=&#039;10&#039;', '1', 'The transaction tax details could not be voided'),
('1975', 'UPDATE debtor_trans SET version=version+1\n			WHERE type=&#039;13&#039; AND ((trans_no=&#039;1&#039; AND version=18) OR (trans_no=&#039;2&#039; AND version=16) OR (trans_no=&#039;3&#039; AND version=17) OR (trans_no=&#039;4&#039; AND version=17) OR (trans_no=&#039;5&#039; AND version=16) OR (trans_no=&#039;6&#039; AND version=16) OR (trans_no=&#039;7&#039; AND version=15) OR (trans_no=&#039;8&#039; AND version=15) OR (trans_no=&#039;9&#039; AND version=15) OR (trans_no=&#039;10&#039; AND version=16) OR (trans_no=&#039;11&#039; AND version=15) OR (trans_no=&#039;12&#039; AND version=15) OR (trans_no=&#039;13&#039; AND version=16) OR (trans_no=&#039;14&#039; AND version=16) OR (trans_no=&#039;15&#039; AND version=16) OR (trans_no=&#039;16&#039; AND version=16) OR (trans_no=&#039;17&#039; AND version=16) OR (trans_no=&#039;18&#039; AND version=16) OR (trans_no=&#039;19&#039; AND version=16) OR (trans_no=&#039;20&#039; AND version=16) OR (trans_no=&#039;21&#039; AND version=16) OR (trans_no=&#039;22&#039; AND version=17) OR (trans_no=&#039;23&#039; AND version=17) OR (trans_no=&#039;24&#039; AND version=17) OR (trans_no=&#039;25&#039; AND version=16) OR (trans_no=&#039;26&#039; AND version=13) OR (trans_no=&#039;27&#039; AND version=4) OR (trans_no=&#039;28&#039; AND version=4) OR (trans_no=&#039;29&#039; AND version=5) OR (trans_no=&#039;30&#039; AND version=4) OR (trans_no=&#039;31&#039; AND version=4) OR (trans_no=&#039;32&#039; AND version=4) OR (trans_no=&#039;33&#039; AND version=4) OR (trans_no=&#039;34&#039; AND version=4) OR (trans_no=&#039;35&#039; AND version=4))', '1', 'Concurrent editing conflict'),
('1976', 'UPDATE `debtor_trans` SET `debtor_no` = &#039;2&#039;, `branch_code` = &#039;2&#039;, `tran_date` = &#039;2015-05-25&#039;, `due_date` = &#039;2015-08-07&#039;, `reference` = &#039;IN15004&#039;, `tpe` = &#039;1&#039;, `order_` = &#039;5&#039;, `ov_amount` = 0, `ov_freight` = 0, `ship_via` = &#039;1&#039;, `dimension_id` = &#039;0&#039;, `dimension2_id` = &#039;0&#039;, `payment_terms` = &#039;5&#039;, `rate` = 1, `ov_discount` = 0, `ov_gst` = 0, `ov_freight_tax` = 0 WHERE `trans_no` =  5 AND `type` =  10 LIMIT 1', '1', 'The debtor transaction record could not be inserted'),
('1977', 'INSERT INTO `debtor_trans_details` (`tax_type_id`, `debtor_trans_no`, `stock_id`, `description`, `quantity`, `unit_price`, `unit_tax`, `discount_percent`, `standard_cost`, `src_id`, `debtor_trans_type`) VALUES (&#039;26&#039;, 5, &#039;MATRADE&#039;, &#039;PUSUT PAMERAN MATRADE&#039;, &#039;1&#039;, &#039;60102.00&#039;, 3402, 0, &#039;0&#039;, 0, 10)', '1', 'The debtor transaction detail could not be written'),
('1978', 'UPDATE `debtor_trans_details` SET `qty_done` = qty_done +1 WHERE `id` =  0 LIMIT 1', '1', 'The parent document detail record could not be updated'),
('1979', 'UPDATE `trans_tax_details` SET `trans_type` = 10, `trans_no` = 5 WHERE `trans_type` =  10 AND `trans_no` =  5 AND `tran_date` =  &#039;25-05-2015&#039; AND `tax_type_id` =  &#039;26&#039; AND `included_in_price` =  &#039;1&#039; AND `ex_rate` =  1 AND `memo` =  &#039;IN15004&#039; AND `rate` =  &#039;6&#039; AND `amount` =  3402 AND `net_amount` =  56700 LIMIT 1', '1', 'Cannot save trans tax details'),
('1980', 'INSERT INTO `debtor_trans_details` (`tax_type_id`, `debtor_trans_no`, `stock_id`, `description`, `quantity`, `unit_price`, `unit_tax`, `discount_percent`, `standard_cost`, `src_id`, `debtor_trans_type`) VALUES (&#039;31&#039;, 5, &#039;RETENTION&#039;, &#039;RETENTION FUND - MATRADE&#039;, &#039;1&#039;, &#039;-6300.00&#039;, -0, 0, &#039;0&#039;, 0, 10)', '1', 'The debtor transaction detail could not be written'),
('1981', 'UPDATE `debtor_trans_details` SET `qty_done` = qty_done +1 WHERE `id` =  0 LIMIT 1', '1', 'The parent document detail record could not be updated'),
('1982', 'UPDATE `trans_tax_details` SET `trans_type` = 10, `trans_no` = 5 WHERE `trans_type` =  10 AND `trans_no` =  5 AND `tran_date` =  &#039;25-05-2015&#039; AND `tax_type_id` =  &#039;31&#039; AND `included_in_price` =  &#039;1&#039; AND `ex_rate` =  1 AND `memo` =  &#039;IN15004&#039; AND `rate` =  &#039;0&#039; AND `amount` =  -0 AND `net_amount` =  -6300 LIMIT 1', '1', 'Cannot save trans tax details'),
('1983', 'INSERT INTO `debtor_trans_details` (`tax_type_id`, `debtor_trans_no`, `stock_id`, `description`, `quantity`, `unit_price`, `unit_tax`, `discount_percent`, `standard_cost`, `src_id`, `debtor_trans_type`) VALUES (&#039;31&#039;, 5, &#039;MATRADE&#039;, &#039;PUSUT PAMERAN MATRADE&#039;, &#039;1&#039;, &#039;6300.00&#039;, 0, 0, &#039;0&#039;, 0, 10)', '1', 'The debtor transaction detail could not be written'),
('1984', 'UPDATE `debtor_trans_details` SET `qty_done` = qty_done +1 WHERE `id` =  0 LIMIT 1', '1', 'The parent document detail record could not be updated'),
('1985', 'UPDATE `trans_tax_details` SET `trans_type` = 10, `trans_no` = 5 WHERE `trans_type` =  10 AND `trans_no` =  5 AND `tran_date` =  &#039;25-05-2015&#039; AND `tax_type_id` =  &#039;31&#039; AND `included_in_price` =  &#039;1&#039; AND `ex_rate` =  1 AND `memo` =  &#039;IN15004&#039; AND `rate` =  &#039;0&#039; AND `amount` =  0 AND `net_amount` =  6300 LIMIT 1', '1', 'Cannot save trans tax details'),
('1986', 'UPDATE `debtor_trans` SET `ov_amount` = 56700, `ov_gst` = 3402, `ov_discount` = 0 WHERE `trans_no` =  5 AND `type` =  10 LIMIT 1', '1', 'The debtor transaction record could not be inserted'),
('1987', 'INSERT INTO `gl_trans` (`type`, `type_no`, `tran_date`, `person_type_id`, `person_id`, `account`, `amount`, `dimension_id`, `dimension2_id`, `memo_`) VALUES (10, 5, &#039;2015-05-25&#039;, 2, &#039;2&#039;, &#039;4010&#039;, -56700, &#039;0&#039;, &#039;0&#039;, &#039;&#039;)', '1', 'The GL transaction could not be inserted'),
('1988', 'INSERT INTO `gl_trans` (`type`, `type_no`, `tran_date`, `person_type_id`, `person_id`, `account`, `amount`, `dimension_id`, `dimension2_id`, `memo_`) VALUES (10, 5, &#039;2015-05-25&#039;, 2, &#039;2&#039;, &#039;2150&#039;, -3402, 0, 0, &#039;&#039;)', '1', 'The GL transaction could not be inserted'),
('1989', 'INSERT INTO `gl_trans` (`type`, `type_no`, `tran_date`, `person_type_id`, `person_id`, `account`, `amount`, `dimension_id`, `dimension2_id`, `memo_`) VALUES (10, 5, &#039;2015-05-25&#039;, 2, &#039;2&#039;, &#039;1210&#039;, 6300, &#039;0&#039;, &#039;0&#039;, &#039;&#039;)', '1', 'The GL transaction could not be inserted'),
('1990', 'INSERT INTO `gl_trans` (`type`, `type_no`, `tran_date`, `person_type_id`, `person_id`, `account`, `amount`, `dimension_id`, `dimension2_id`, `memo_`) VALUES (10, 5, &#039;2015-05-25&#039;, 2, &#039;2&#039;, &#039;4010&#039;, -6300, &#039;0&#039;, &#039;0&#039;, &#039;&#039;)', '1', 'The GL transaction could not be inserted'),
('1991', 'INSERT INTO `gl_trans` (`type`, `type_no`, `tran_date`, `person_type_id`, `person_id`, `account`, `amount`, `dimension_id`, `dimension2_id`, `memo_`) VALUES (10, 5, &#039;2015-05-25&#039;, 2, &#039;2&#039;, &#039;1200&#039;, 60102, 0, 0, &#039;&#039;)', '1', 'The GL transaction could not be inserted'),
('1992', 'INSERT INTO gl_trans ( type, type_no, tran_date,\n	account, dimension_id, dimension2_id, memo_, amount, gst, person_type_id, person_id) VALUES (&#039;10&#039;, &#039;5&#039;, &#039;2015-05-25&#039;,\n	&#039;4451&#039;, &#039;0&#039;, &#039;0&#039;, &#039;&#039;, &#039;0&#039;, &#039;&#039;, &#039;2&#039;, &#039;2&#039;) ', '1', 'The balanced GL transaction could not be inserted'),
('1993', 'REPLACE refs SET reference=&#039;IN15004&#039;, type=&#039;10&#039;, id=&#039;5&#039;', '1', 'could not update reference entry'),
('1994', 'COMMIT', '1', 'could not commit a transaction'),
('1995', 'UPDATE users SET last_visit_date=&#039;2015-10-04 15:35:47&#039;\n		WHERE user_id=&#039;lonengineering&#039;', '1', 'could not update last visit date for user lonengineering'),
('1996', 'UPDATE users SET last_visit_date=&#039;2015-10-08 21:46:53&#039;\n		WHERE user_id=&#039;lonengineering&#039;', '1', 'could not update last visit date for user lonengineering'),
('1997', 'UPDATE users SET last_visit_date=&#039;2015-10-14 08:25:05&#039;\n		WHERE user_id=&#039;lonengineering&#039;', '1', 'could not update last visit date for user lonengineering'),
('1998', 'BEGIN', '1', 'could not start a transaction'),
('1999', 'UPDATE bank_trans SET amount=0\n		WHERE type=&#039;20&#039; AND trans_no=&#039;236&#039;', '1', 'could not void bank transactions for type=20 and trans_no=236'),
('2000', 'UPDATE gl_trans SET amount=0 WHERE type=&#039;20&#039; AND type_no=&#039;236&#039;', '1', 'could not void gl transactions for type=20 and trans_no=236'),
('2001', 'DELETE FROM cust_allocations\n		WHERE (trans_type_from=&#039;20&#039; AND trans_no_from=&#039;236&#039;)\n		OR (trans_type_to=&#039;20&#039; AND trans_no_to=&#039;236&#039;)', '1', 'could not void debtor transactions for type=20 and trans_no=236'),
('2002', 'UPDATE debtor_trans SET ov_amount=0, ov_discount=0, ov_gst=0, ov_freight=0,\n		ov_freight_tax=0, alloc=0, version=version+1 WHERE type=&#039;20&#039; AND trans_no=&#039;236&#039;', '1', 'could not void debtor transactions for type=20 and trans_no=236'),
('2003', 'DELETE FROM supp_allocations\n		WHERE (trans_type_from=&#039;20&#039; AND trans_no_from=&#039;236&#039;)\n		OR (trans_type_to=&#039;20&#039; AND trans_no_to=&#039;236&#039;)', '1', 'could not void supp transactions for type=20 and trans_no=236'),
('2004', 'UPDATE supp_trans SET ov_amount=0, ov_discount=0, ov_gst=0,\n		alloc=0 WHERE type=&#039;20&#039; AND trans_no=&#039;236&#039;', '1', 'could not void supp transactions for type=20 and trans_no=236'),
('2005', 'UPDATE trans_tax_details SET amount=0, net_amount=0\n	WHERE trans_no=&#039;236&#039; AND trans_type=&#039;20&#039;', '1', 'The transaction tax details could not be voided'),
('2006', 'UPDATE gl_trans SET amount=0 WHERE type=&#039;20&#039; AND type_no=&#039;236&#039;', '1', 'could not void gl transactions for type=20 and trans_no=236'),
('2007', 'DELETE FROM supp_allocations\n		WHERE (trans_type_from=&#039;20&#039; AND trans_no_from=&#039;236&#039;)\n		OR (trans_type_to=&#039;20&#039; AND trans_no_to=&#039;236&#039;)', '1', 'could not void supp transactions for type=20 and trans_no=236'),
('2008', 'UPDATE supp_trans SET ov_amount=0, ov_discount=0, ov_gst=0,\n		alloc=0 WHERE type=&#039;20&#039; AND trans_no=&#039;236&#039;', '1', 'could not void supp transactions for type=20 and trans_no=236'),
('2009', 'UPDATE purch_order_details\n		SET qty_invoiced = qty_invoiced + &#039;-1&#039; , act_price = &#039;7876&#039; WHERE po_detail_item = &#039;212&#039;', '1', 'The quantity invoiced of the purchase order line could not be updated'),
('2010', 'UPDATE grn_items\n        SET quantity_inv = quantity_inv + &#039;-1&#039;\n        WHERE id = &#039;212&#039;', '1', 'The quantity invoiced off the items received record could not be updated'),
('2011', 'UPDATE stock_master SET material_cost=&#039;1237.6151&#039;\n		WHERE stock_id=&#039;PURCHASES&#039;', '1', 'The cost details for the inventory item could not be updated'),
('2012', 'UPDATE supp_invoice_items SET quantity=0, unit_price=0\n		WHERE supp_trans_type = &#039;20&#039; AND supp_trans_no=&#039;236&#039;', '1', 'could not void supptrans details'),
('2013', 'UPDATE trans_tax_details SET amount=0, net_amount=0\n	WHERE trans_no=&#039;236&#039; AND trans_type=&#039;20&#039;', '1', 'The transaction tax details could not be voided'),
('2014', 'COMMIT', '1', 'could not commit a transaction'),
('2015', 'INSERT INTO voided (type, id, date_, memo_)\n		VALUES (&#039;20&#039;, &#039;236&#039;, &#039;2015-10-14&#039;, &#039;&#039;)', '1', 'could not add voided transaction entry'),
('2016', 'BEGIN', '1', 'could not start a transaction'),
('2017', 'INSERT INTO purch_orders (supplier_id, Comments, ord_date, reference,\n     	requisition_no, into_stock_location, delivery_address, total, tax_included ) VALUES(&#039;8&#039;,&#039;&#039;,&#039;2015-08-14&#039;, &#039;auto&#039;, &#039;ME/DN099/2015&#039;, &#039;DEF&#039;, &#039;Delivery 1\\nDelivery 2\\nDelivery 3&#039;, &#039;7876&#039;, &#039;0&#039;)', '1', 'The purchase order header record could not be inserted'),
('2018', 'INSERT INTO purch_order_details (order_no, item_code, description, delivery_date, unit_price,tax_type_id,quantity_ordered) VALUES (216, &#039;PURCHASES&#039;,&#039;PURCHASES - HARDWARE&#039;,&#039;2015-08-14&#039;,&#039;7876&#039;, &#039;12&#039;, &#039;1&#039;)', '1', 'One of the purchase order detail records could not be inserted'),
('2019', 'REPLACE refs SET reference=&#039;auto&#039;, type=&#039;18&#039;, id=&#039;216&#039;', '1', 'could not update reference entry'),
('2020', 'INSERT INTO audit_trail (type, trans_no, user, fiscal_year, gl_date, description, gl_seq)\n    			VALUES(&#039;18&#039;, &#039;216&#039;,1,2,&#039;2015-08-14&#039;,&#039;&#039;, 0)', '1', 'Cannot add audit info'),
('2021', 'UPDATE audit_trail SET gl_seq = NULL WHERE type=&#039;18&#039; AND trans_no=&#039;216&#039; AND id!=1068', '1', 'Cannot update audit gl_seq'),
('2022', 'INSERT INTO grn_batch (purch_order_no, delivery_date, supplier_id, reference, loc_code)\n			VALUES (&#039;216&#039;, &#039;2015-08-14&#039;, &#039;8&#039;, &#039;auto&#039;, &#039;DEF&#039;)', '1', 'A grn batch record could not be inserted.'),
('2023', 'INSERT INTO gl_trans ( type, type_no, tran_date,\n	account, dimension_id, dimension2_id, memo_, amount, gst, person_type_id, person_id) VALUES (&#039;25&#039;, &#039;216&#039;, &#039;2015-08-14&#039;,\n	&#039;5010&#039;, &#039;0&#039;, &#039;0&#039;, &#039;PURCHASES&#039;, &#039;7876&#039;, &#039;&#039;, &#039;3&#039;, &#039;8&#039;) ', '1', 'The supplier GL transaction could not be inserted'),
('2024', 'UPDATE stock_master SET material_cost=&#039;1270.6418905473&#039;\n		WHERE stock_id=&#039;PURCHASES&#039;', '1', 'The cost details for the inventory item could not be updated'),
('2025', 'UPDATE purch_data SET price=&#039;7876&#039;,supplier_description=&#039;PURCHASES - HARDWARE&#039; WHERE stock_id=&#039;PURCHASES&#039; AND supplier_id=&#039;8&#039;', '1', 'The supplier purchasing details could not be updated'),
('2026', 'UPDATE purch_order_details\n        SET quantity_received = quantity_received + &#039;1&#039;,\n        std_cost_unit=&#039;1270.6418905473&#039;,\n        quantity_ordered=&#039;1&#039;,\n        act_price=&#039;7876&#039;\n        WHERE po_detail_item = &#039;216&#039;', '1', 'a purchase order details record could not be updated. This receipt of goods has not been processed '),
('2027', 'INSERT INTO grn_items (grn_batch_id, po_detail_item, item_code, description, tax_type_id, qty_recd)\n		VALUES (&#039;216&#039;, &#039;216&#039;, &#039;PURCHASES&#039;, &#039;PURCHASES - HARDWARE&#039;, &#039;12&#039;, &#039;1&#039;)', '1', 'A GRN detail item could not be inserted.'),
('2028', 'INSERT INTO stock_moves (stock_id, trans_no, type, loc_code,\n		tran_date, person_id, reference, qty, standard_cost, visible, price,\n		discount_percent) VALUES (&#039;PURCHASES&#039;, &#039;216&#039;, &#039;25&#039;,	&#039;DEF&#039;, &#039;2015-08-14&#039;, &#039;8&#039;, &#039;&#039;, &#039;1&#039;, &#039;1270.6418905473&#039;,&#039;1&#039;, &#039;7876&#039;, &#039;0&#039;)', '1', 'The stock movement record cannot be inserted'),
('2029', 'INSERT INTO gl_trans ( type, type_no, tran_date,\n	account, dimension_id, dimension2_id, memo_, amount, gst, person_type_id, person_id) VALUES (&#039;25&#039;, &#039;216&#039;, &#039;2015-08-14&#039;,\n	&#039;1550&#039;, &#039;0&#039;, &#039;0&#039;, &#039;&#039;, &#039;-7876&#039;, &#039;&#039;, &#039;3&#039;, &#039;&#039;) ', '1', 'The supplier GL transaction could not be inserted'),
('2030', 'REPLACE refs SET reference=&#039;auto&#039;, type=&#039;25&#039;, id=&#039;216&#039;', '1', 'could not update reference entry'),
('2031', 'INSERT INTO audit_trail (type, trans_no, user, fiscal_year, gl_date, description, gl_seq)\n    			VALUES(&#039;25&#039;, &#039;216&#039;,1,2,&#039;2015-08-14&#039;,&#039;&#039;, 0)', '1', 'Cannot add audit info'),
('2032', 'UPDATE audit_trail SET gl_seq = NULL WHERE type=&#039;25&#039; AND trans_no=&#039;216&#039; AND id!=1069', '1', 'Cannot update audit gl_seq'),
('2033', 'INSERT INTO supp_trans (trans_no, type, supplier_id, tran_date, due_date,\n		reference, supp_reference, ov_amount, ov_gst, rate, ov_discount, tax_included, fixed_access, cheque,reason ) VALUES (&#039;240&#039;, &#039;20&#039;, &#039;8&#039;, &#039;2015-08-14&#039;, &#039;2015-09-13&#039;,\n		&#039;20&#039;, &#039;ME/DN099/2015&#039;, &#039;7876&#039;, &#039;472.56&#039;, &#039;1&#039;, &#039;0&#039;, &#039;0&#039;, &#039;&#039;,&#039;&#039; ,&#039;&#039;)', '1', 'Cannot insert a supplier transaction record'),
('2034', 'INSERT INTO audit_trail (type, trans_no, user, fiscal_year, gl_date, description, gl_seq)\n    			VALUES(&#039;20&#039;, &#039;240&#039;,1,2,&#039;2015-08-14&#039;,&#039;&#039;, 0)', '1', 'Cannot add audit info'),
('2035', 'UPDATE audit_trail SET gl_seq = NULL WHERE type=&#039;20&#039; AND trans_no=&#039;240&#039; AND id!=1070', '1', 'Cannot update audit gl_seq'),
('2036', 'INSERT INTO gl_trans ( type, type_no, tran_date,\n	account, dimension_id, dimension2_id, memo_, amount, gst, person_type_id, person_id) VALUES (&#039;20&#039;, &#039;240&#039;, &#039;2015-08-14&#039;,\n	&#039;2100&#039;, &#039;0&#039;, &#039;0&#039;, &#039;&#039;, &#039;-8348.56&#039;, &#039;&#039;, &#039;3&#039;, &#039;8&#039;) ', '1', 'The general ledger transaction for the control total could not be added'),
('2037', 'UPDATE purch_order_details\n		SET qty_invoiced = qty_invoiced + &#039;1&#039; , act_price = &#039;7876&#039; WHERE po_detail_item = &#039;216&#039;', '1', 'The quantity invoiced of the purchase order line could not be updated'),
('2038', 'UPDATE grn_items\n        SET quantity_inv = quantity_inv + &#039;1&#039;\n        WHERE id = &#039;216&#039;', '1', 'The quantity invoiced off the items received record could not be updated'),
('2039', 'INSERT INTO gl_trans ( type, type_no, tran_date,\n	account, dimension_id, dimension2_id, memo_, amount, gst, person_type_id, person_id) VALUES (&#039;20&#039;, &#039;240&#039;, &#039;2015-08-14&#039;,\n	&#039;1550&#039;, &#039;0&#039;, &#039;0&#039;, &#039;&#039;, &#039;7876&#039;, &#039;&#039;, &#039;3&#039;, &#039;8&#039;) ', '1', 'The supplier GL transaction could not be inserted'),
('2040', 'INSERT INTO gl_trans ( type, type_no, tran_date,\n	account, dimension_id, dimension2_id, memo_, amount, gst, person_type_id, person_id) VALUES (&#039;20&#039;, &#039;240&#039;, &#039;2015-08-14&#039;,\n	&#039;1300&#039;, &#039;0&#039;, &#039;0&#039;, &#039;&#039;, &#039;472.56&#039;, &#039;&#039;, &#039;3&#039;, &#039;8&#039;) ', '1', 'The supplier GL transaction could not be inserted'),
('2041', 'UPDATE stock_master SET material_cost=&#039;1270.6418905473&#039;\n		WHERE stock_id=&#039;PURCHASES&#039;', '1', 'The cost details for the inventory item could not be updated'),
('2042', 'UPDATE purch_data SET price=&#039;7876&#039; WHERE stock_id=&#039;PURCHASES&#039; AND supplier_id=&#039;8&#039;', '1', 'The supplier purchasing details could not be updated'),
('2043', 'INSERT INTO supp_invoice_items (supp_trans_type, supp_trans_no, stock_id, description, gl_code, unit_price, unit_tax, quantity,\n	  	grn_item_id, po_detail_item_id, memo_,tax_type_id) VALUES (&#039;20&#039;, &#039;240&#039;, &#039;PURCHASES&#039;, &#039;PURCHASES - HARDWARE&#039;, &#039;0&#039;, &#039;7876&#039;, &#039;0&#039;, &#039;1&#039;,\n		&#039;216&#039;, &#039;216&#039;, &#039;&#039;,&#039;12&#039;)', '1', 'Cannot insert a supplier transaction detail record'),
('2044', 'REPLACE refs SET reference=&#039;20&#039;, type=&#039;20&#039;, id=&#039;240&#039;', '1', 'could not update reference entry'),
('2045', 'UPDATE sys_types SET next_reference=&#039;21&#039; WHERE type_id = &#039;20&#039;', '1', 'The next transaction ref for 20 could not be updated'),
('2046', 'COMMIT', '1', 'could not commit a transaction'),
('2047', 'BEGIN', '1', 'could not start a transaction'),
('2048', 'INSERT INTO supp_trans (trans_no, type, supplier_id, tran_date, due_date,\n		reference, supp_reference, ov_amount, ov_gst, rate, ov_discount, tax_included, fixed_access, cheque,reason ) VALUES (&#039;12&#039;, &#039;22&#039;, &#039;3&#039;, &#039;2015-03-31&#039;, &#039;2015-03-31&#039;,\n		&#039;8&#039;, &#039;&#039;, &#039;-5.85&#039;, &#039;0&#039;, &#039;1&#039;, &#039;0&#039;, &#039;0&#039;, &#039;0&#039;,&#039;CASH&#039; ,&#039;&#039;)', '1', 'Cannot insert a supplier transaction record'),
('2049', 'INSERT INTO audit_trail (type, trans_no, user, fiscal_year, gl_date, description, gl_seq)\n    			VALUES(&#039;22&#039;, &#039;12&#039;,1,2,&#039;2015-03-31&#039;,&#039;&#039;, 0)', '1', 'Cannot add audit info'),
('2050', 'UPDATE audit_trail SET gl_seq = NULL WHERE type=&#039;22&#039; AND trans_no=&#039;12&#039; AND id!=1071', '1', 'Cannot update audit gl_seq'),
('2051', 'INSERT INTO gl_trans ( type, type_no, tran_date,\n	account, dimension_id, dimension2_id, memo_, amount, gst, person_type_id, person_id) VALUES (&#039;22&#039;, &#039;12&#039;, &#039;2015-03-31&#039;,\n	&#039;2100&#039;, &#039;0&#039;, &#039;0&#039;, &#039;&#039;, &#039;5.85&#039;, &#039;&#039;, &#039;3&#039;, &#039;3&#039;) ', '1', 'The supplier GL transaction could not be inserted'),
('2052', 'INSERT INTO gl_trans ( type, type_no, tran_date,\n	account, dimension_id, dimension2_id, memo_, amount, gst, person_type_id, person_id) VALUES (&#039;22&#039;, &#039;12&#039;, &#039;2015-03-31&#039;,\n	&#039;1065&#039;, &#039;0&#039;, &#039;0&#039;, &#039;&#039;, &#039;-5.85&#039;, &#039;&#039;, &#039;3&#039;, &#039;3&#039;) ', '1', 'The GL transaction could not be inserted'),
('2053', 'INSERT INTO bank_trans (type, trans_no, bank_act, ref,\n		trans_date, amount, person_type_id, person_id, tax_inclusive, cheque) VALUES (22, 12, &#039;2&#039;, &#039;8&#039;, &#039;2015-03-31&#039;,\n		&#039;-5.85&#039;, &#039;3&#039;, &#039;3&#039;, &#039;&#039;, &#039;&#039; )', '1', 'The bank transaction could not be inserted'),
('2054', 'REPLACE refs SET reference=&#039;8&#039;, type=&#039;22&#039;, id=&#039;12&#039;', '1', 'could not update reference entry'),
('2055', 'UPDATE sys_types SET next_reference=&#039;9&#039; WHERE type_id = &#039;22&#039;', '1', 'The next transaction ref for 22 could not be updated'),
('2056', 'COMMIT', '1', 'could not commit a transaction'),
('2057', 'BEGIN', '1', 'could not start a transaction'),
('2058', 'DELETE FROM supp_allocations\n		WHERE (trans_type_from=&#039;22&#039; AND trans_no_from=&#039;12&#039;)\n		OR (trans_type_to=&#039;22&#039; AND trans_no_to=&#039;12&#039;)', '1', 'could not void supp transactions for type=22 and trans_no=12'),
('2059', 'INSERT INTO supp_allocations (\n		amt, date_alloc,\n		trans_type_from, trans_no_from, trans_no_to, trans_type_to)\n		VALUES (&#039;5.85&#039;, &#039;2015-03-31&#039;, &#039;22&#039;, &#039;12&#039;, &#039;176&#039;, &#039;20&#039;)', '1', 'A supplier allocation could not be added to the database'),
('2060', 'COMMIT', '1', 'could not commit a transaction'),
('2061', 'BEGIN', '1', 'could not start a transaction'),
('2062', 'INSERT INTO supp_trans (trans_no, type, supplier_id, tran_date, due_date,\n		reference, supp_reference, ov_amount, ov_gst, rate, ov_discount, tax_included, fixed_access, cheque,reason ) VALUES (&#039;13&#039;, &#039;22&#039;, &#039;14&#039;, &#039;2015-03-31&#039;, &#039;2015-03-31&#039;,\n		&#039;9&#039;, &#039;&#039;, &#039;-30&#039;, &#039;0&#039;, &#039;1&#039;, &#039;0&#039;, &#039;0&#039;, &#039;0&#039;,&#039;CASH&#039; ,&#039;&#039;)', '1', 'Cannot insert a supplier transaction record'),
('2063', 'INSERT INTO audit_trail (type, trans_no, user, fiscal_year, gl_date, description, gl_seq)\n    			VALUES(&#039;22&#039;, &#039;13&#039;,1,2,&#039;2015-03-31&#039;,&#039;&#039;, 0)', '1', 'Cannot add audit info'),
('2064', 'UPDATE audit_trail SET gl_seq = NULL WHERE type=&#039;22&#039; AND trans_no=&#039;13&#039; AND id!=1072', '1', 'Cannot update audit gl_seq'),
('2065', 'INSERT INTO gl_trans ( type, type_no, tran_date,\n	account, dimension_id, dimension2_id, memo_, amount, gst, person_type_id, person_id) VALUES (&#039;22&#039;, &#039;13&#039;, &#039;2015-03-31&#039;,\n	&#039;2100&#039;, &#039;0&#039;, &#039;0&#039;, &#039;&#039;, &#039;30&#039;, &#039;&#039;, &#039;3&#039;, &#039;14&#039;) ', '1', 'The supplier GL transaction could not be inserted'),
('2066', 'INSERT INTO gl_trans ( type, type_no, tran_date,\n	account, dimension_id, dimension2_id, memo_, amount, gst, person_type_id, person_id) VALUES (&#039;22&#039;, &#039;13&#039;, &#039;2015-03-31&#039;,\n	&#039;1065&#039;, &#039;0&#039;, &#039;0&#039;, &#039;&#039;, &#039;-30&#039;, &#039;&#039;, &#039;3&#039;, &#039;14&#039;) ', '1', 'The GL transaction could not be inserted'),
('2067', 'INSERT INTO bank_trans (type, trans_no, bank_act, ref,\n		trans_date, amount, person_type_id, person_id, tax_inclusive, cheque) VALUES (22, 13, &#039;2&#039;, &#039;9&#039;, &#039;2015-03-31&#039;,\n		&#039;-30&#039;, &#039;3&#039;, &#039;14&#039;, &#039;&#039;, &#039;&#039; )', '1', 'The bank transaction could not be inserted'),
('2068', 'REPLACE refs SET reference=&#039;9&#039;, type=&#039;22&#039;, id=&#039;13&#039;', '1', 'could not update reference entry'),
('2069', 'UPDATE sys_types SET next_reference=&#039;10&#039; WHERE type_id = &#039;22&#039;', '1', 'The next transaction ref for 22 could not be updated'),
('2070', 'COMMIT', '1', 'could not commit a transaction'),
('2071', 'BEGIN', '1', 'could not start a transaction'),
('2072', 'DELETE FROM supp_allocations\n		WHERE (trans_type_from=&#039;22&#039; AND trans_no_from=&#039;13&#039;)\n		OR (trans_type_to=&#039;22&#039; AND trans_no_to=&#039;13&#039;)', '1', 'could not void supp transactions for type=22 and trans_no=13'),
('2073', 'INSERT INTO supp_allocations (\n		amt, date_alloc,\n		trans_type_from, trans_no_from, trans_no_to, trans_type_to)\n		VALUES (&#039;30&#039;, &#039;2015-03-31&#039;, &#039;22&#039;, &#039;13&#039;, &#039;177&#039;, &#039;20&#039;)', '1', 'A supplier allocation could not be added to the database'),
('2074', 'COMMIT', '1', 'could not commit a transaction'),
('2075', 'BEGIN', '1', 'could not start a transaction'),
('2076', 'INSERT INTO supp_trans (trans_no, type, supplier_id, tran_date, due_date,\n		reference, supp_reference, ov_amount, ov_gst, rate, ov_discount, tax_included, fixed_access, cheque,reason ) VALUES (&#039;14&#039;, &#039;22&#039;, &#039;17&#039;, &#039;2015-01-31&#039;, &#039;2015-01-31&#039;,\n		&#039;10&#039;, &#039;&#039;, &#039;-13&#039;, &#039;0&#039;, &#039;1&#039;, &#039;0&#039;, &#039;0&#039;, &#039;0&#039;,&#039;CASH&#039; ,&#039;&#039;)', '1', 'Cannot insert a supplier transaction record'),
('2077', 'INSERT INTO audit_trail (type, trans_no, user, fiscal_year, gl_date, description, gl_seq)\n    			VALUES(&#039;22&#039;, &#039;14&#039;,1,2,&#039;2015-01-31&#039;,&#039;&#039;, 0)', '1', 'Cannot add audit info'),
('2078', 'UPDATE audit_trail SET gl_seq = NULL WHERE type=&#039;22&#039; AND trans_no=&#039;14&#039; AND id!=1073', '1', 'Cannot update audit gl_seq'),
('2079', 'INSERT INTO gl_trans ( type, type_no, tran_date,\n	account, dimension_id, dimension2_id, memo_, amount, gst, person_type_id, person_id) VALUES (&#039;22&#039;, &#039;14&#039;, &#039;2015-01-31&#039;,\n	&#039;2100&#039;, &#039;0&#039;, &#039;0&#039;, &#039;&#039;, &#039;13&#039;, &#039;&#039;, &#039;3&#039;, &#039;17&#039;) ', '1', 'The supplier GL transaction could not be inserted'),
('2080', 'INSERT INTO gl_trans ( type, type_no, tran_date,\n	account, dimension_id, dimension2_id, memo_, amount, gst, person_type_id, person_id) VALUES (&#039;22&#039;, &#039;14&#039;, &#039;2015-01-31&#039;,\n	&#039;1065&#039;, &#039;0&#039;, &#039;0&#039;, &#039;&#039;, &#039;-13&#039;, &#039;&#039;, &#039;3&#039;, &#039;17&#039;) ', '1', 'The GL transaction could not be inserted'),
('2081', 'INSERT INTO bank_trans (type, trans_no, bank_act, ref,\n		trans_date, amount, person_type_id, person_id, tax_inclusive, cheque) VALUES (22, 14, &#039;2&#039;, &#039;10&#039;, &#039;2015-01-31&#039;,\n		&#039;-13&#039;, &#039;3&#039;, &#039;17&#039;, &#039;&#039;, &#039;&#039; )', '1', 'The bank transaction could not be inserted'),
('2082', 'REPLACE refs SET reference=&#039;10&#039;, type=&#039;22&#039;, id=&#039;14&#039;', '1', 'could not update reference entry'),
('2083', 'UPDATE sys_types SET next_reference=&#039;11&#039; WHERE type_id = &#039;22&#039;', '1', 'The next transaction ref for 22 could not be updated'),
('2084', 'COMMIT', '1', 'could not commit a transaction'),
('2085', 'BEGIN', '1', 'could not start a transaction'),
('2086', 'DELETE FROM supp_allocations\n		WHERE (trans_type_from=&#039;22&#039; AND trans_no_from=&#039;14&#039;)\n		OR (trans_type_to=&#039;22&#039; AND trans_no_to=&#039;14&#039;)', '1', 'could not void supp transactions for type=22 and trans_no=14'),
('2087', 'INSERT INTO supp_allocations (\n		amt, date_alloc,\n		trans_type_from, trans_no_from, trans_no_to, trans_type_to)\n		VALUES (&#039;13&#039;, &#039;2015-01-31&#039;, &#039;22&#039;, &#039;14&#039;, &#039;178&#039;, &#039;20&#039;)', '1', 'A supplier allocation could not be added to the database'),
('2088', 'COMMIT', '1', 'could not commit a transaction'),
('2089', 'BEGIN', '1', 'could not start a transaction'),
('2090', 'INSERT INTO supp_trans (trans_no, type, supplier_id, tran_date, due_date,\n		reference, supp_reference, ov_amount, ov_gst, rate, ov_discount, tax_included, fixed_access, cheque,reason ) VALUES (&#039;15&#039;, &#039;22&#039;, &#039;15&#039;, &#039;2015-01-31&#039;, &#039;2015-01-31&#039;,\n		&#039;11&#039;, &#039;&#039;, &#039;-45&#039;, &#039;0&#039;, &#039;1&#039;, &#039;0&#039;, &#039;0&#039;, &#039;0&#039;,&#039;CASH&#039; ,&#039;&#039;)', '1', 'Cannot insert a supplier transaction record'),
('2091', 'INSERT INTO audit_trail (type, trans_no, user, fiscal_year, gl_date, description, gl_seq)\n    			VALUES(&#039;22&#039;, &#039;15&#039;,1,2,&#039;2015-01-31&#039;,&#039;&#039;, 0)', '1', 'Cannot add audit info'),
('2092', 'UPDATE audit_trail SET gl_seq = NULL WHERE type=&#039;22&#039; AND trans_no=&#039;15&#039; AND id!=1074', '1', 'Cannot update audit gl_seq');
INSERT INTO `sql_trail` VALUES
('2093', 'INSERT INTO gl_trans ( type, type_no, tran_date,\n	account, dimension_id, dimension2_id, memo_, amount, gst, person_type_id, person_id) VALUES (&#039;22&#039;, &#039;15&#039;, &#039;2015-01-31&#039;,\n	&#039;2100&#039;, &#039;0&#039;, &#039;0&#039;, &#039;&#039;, &#039;45&#039;, &#039;&#039;, &#039;3&#039;, &#039;15&#039;) ', '1', 'The supplier GL transaction could not be inserted'),
('2094', 'INSERT INTO gl_trans ( type, type_no, tran_date,\n	account, dimension_id, dimension2_id, memo_, amount, gst, person_type_id, person_id) VALUES (&#039;22&#039;, &#039;15&#039;, &#039;2015-01-31&#039;,\n	&#039;1065&#039;, &#039;0&#039;, &#039;0&#039;, &#039;&#039;, &#039;-45&#039;, &#039;&#039;, &#039;3&#039;, &#039;15&#039;) ', '1', 'The GL transaction could not be inserted'),
('2095', 'INSERT INTO bank_trans (type, trans_no, bank_act, ref,\n		trans_date, amount, person_type_id, person_id, tax_inclusive, cheque) VALUES (22, 15, &#039;2&#039;, &#039;11&#039;, &#039;2015-01-31&#039;,\n		&#039;-45&#039;, &#039;3&#039;, &#039;15&#039;, &#039;&#039;, &#039;&#039; )', '1', 'The bank transaction could not be inserted'),
('2096', 'REPLACE refs SET reference=&#039;11&#039;, type=&#039;22&#039;, id=&#039;15&#039;', '1', 'could not update reference entry'),
('2097', 'UPDATE sys_types SET next_reference=&#039;12&#039; WHERE type_id = &#039;22&#039;', '1', 'The next transaction ref for 22 could not be updated'),
('2098', 'COMMIT', '1', 'could not commit a transaction'),
('2099', 'BEGIN', '1', 'could not start a transaction'),
('2100', 'DELETE FROM supp_allocations\n		WHERE (trans_type_from=&#039;22&#039; AND trans_no_from=&#039;15&#039;)\n		OR (trans_type_to=&#039;22&#039; AND trans_no_to=&#039;15&#039;)', '1', 'could not void supp transactions for type=22 and trans_no=15'),
('2101', 'INSERT INTO supp_allocations (\n		amt, date_alloc,\n		trans_type_from, trans_no_from, trans_no_to, trans_type_to)\n		VALUES (&#039;45&#039;, &#039;2015-01-31&#039;, &#039;22&#039;, &#039;15&#039;, &#039;179&#039;, &#039;20&#039;)', '1', 'A supplier allocation could not be added to the database'),
('2102', 'COMMIT', '1', 'could not commit a transaction'),
('2103', 'BEGIN', '1', 'could not start a transaction'),
('2104', 'INSERT INTO supp_trans (trans_no, type, supplier_id, tran_date, due_date,\n		reference, supp_reference, ov_amount, ov_gst, rate, ov_discount, tax_included, fixed_access, cheque,reason ) VALUES (&#039;16&#039;, &#039;22&#039;, &#039;12&#039;, &#039;2015-06-30&#039;, &#039;2015-06-30&#039;,\n		&#039;12&#039;, &#039;&#039;, &#039;-168.7&#039;, &#039;0&#039;, &#039;1&#039;, &#039;0&#039;, &#039;0&#039;, &#039;0&#039;,&#039;CASH&#039; ,&#039;&#039;)', '1', 'Cannot insert a supplier transaction record'),
('2105', 'INSERT INTO audit_trail (type, trans_no, user, fiscal_year, gl_date, description, gl_seq)\n    			VALUES(&#039;22&#039;, &#039;16&#039;,1,2,&#039;2015-06-30&#039;,&#039;&#039;, 0)', '1', 'Cannot add audit info'),
('2106', 'UPDATE audit_trail SET gl_seq = NULL WHERE type=&#039;22&#039; AND trans_no=&#039;16&#039; AND id!=1075', '1', 'Cannot update audit gl_seq'),
('2107', 'INSERT INTO gl_trans ( type, type_no, tran_date,\n	account, dimension_id, dimension2_id, memo_, amount, gst, person_type_id, person_id) VALUES (&#039;22&#039;, &#039;16&#039;, &#039;2015-06-30&#039;,\n	&#039;2100&#039;, &#039;0&#039;, &#039;0&#039;, &#039;&#039;, &#039;168.7&#039;, &#039;&#039;, &#039;3&#039;, &#039;12&#039;) ', '1', 'The supplier GL transaction could not be inserted'),
('2108', 'INSERT INTO gl_trans ( type, type_no, tran_date,\n	account, dimension_id, dimension2_id, memo_, amount, gst, person_type_id, person_id) VALUES (&#039;22&#039;, &#039;16&#039;, &#039;2015-06-30&#039;,\n	&#039;1065&#039;, &#039;0&#039;, &#039;0&#039;, &#039;&#039;, &#039;-168.7&#039;, &#039;&#039;, &#039;3&#039;, &#039;12&#039;) ', '1', 'The GL transaction could not be inserted'),
('2109', 'INSERT INTO bank_trans (type, trans_no, bank_act, ref,\n		trans_date, amount, person_type_id, person_id, tax_inclusive, cheque) VALUES (22, 16, &#039;2&#039;, &#039;12&#039;, &#039;2015-06-30&#039;,\n		&#039;-168.7&#039;, &#039;3&#039;, &#039;12&#039;, &#039;&#039;, &#039;&#039; )', '1', 'The bank transaction could not be inserted'),
('2110', 'REPLACE refs SET reference=&#039;12&#039;, type=&#039;22&#039;, id=&#039;16&#039;', '1', 'could not update reference entry'),
('2111', 'UPDATE sys_types SET next_reference=&#039;13&#039; WHERE type_id = &#039;22&#039;', '1', 'The next transaction ref for 22 could not be updated'),
('2112', 'COMMIT', '1', 'could not commit a transaction'),
('2113', 'BEGIN', '1', 'could not start a transaction'),
('2114', 'DELETE FROM supp_allocations\n		WHERE (trans_type_from=&#039;22&#039; AND trans_no_from=&#039;16&#039;)\n		OR (trans_type_to=&#039;22&#039; AND trans_no_to=&#039;16&#039;)', '1', 'could not void supp transactions for type=22 and trans_no=16'),
('2115', 'INSERT INTO supp_allocations (\n		amt, date_alloc,\n		trans_type_from, trans_no_from, trans_no_to, trans_type_to)\n		VALUES (&#039;41&#039;, &#039;2015-06-30&#039;, &#039;22&#039;, &#039;16&#039;, &#039;170&#039;, &#039;20&#039;)', '1', 'A supplier allocation could not be added to the database'),
('2116', 'INSERT INTO supp_allocations (\n		amt, date_alloc,\n		trans_type_from, trans_no_from, trans_no_to, trans_type_to)\n		VALUES (&#039;21&#039;, &#039;2015-06-30&#039;, &#039;22&#039;, &#039;16&#039;, &#039;169&#039;, &#039;20&#039;)', '1', 'A supplier allocation could not be added to the database'),
('2117', 'INSERT INTO supp_allocations (\n		amt, date_alloc,\n		trans_type_from, trans_no_from, trans_no_to, trans_type_to)\n		VALUES (&#039;9.5&#039;, &#039;2015-06-30&#039;, &#039;22&#039;, &#039;16&#039;, &#039;168&#039;, &#039;20&#039;)', '1', 'A supplier allocation could not be added to the database'),
('2118', 'INSERT INTO supp_allocations (\n		amt, date_alloc,\n		trans_type_from, trans_no_from, trans_no_to, trans_type_to)\n		VALUES (&#039;10&#039;, &#039;2015-06-30&#039;, &#039;22&#039;, &#039;16&#039;, &#039;167&#039;, &#039;20&#039;)', '1', 'A supplier allocation could not be added to the database'),
('2119', 'INSERT INTO supp_allocations (\n		amt, date_alloc,\n		trans_type_from, trans_no_from, trans_no_to, trans_type_to)\n		VALUES (&#039;32.2&#039;, &#039;2015-06-30&#039;, &#039;22&#039;, &#039;16&#039;, &#039;166&#039;, &#039;20&#039;)', '1', 'A supplier allocation could not be added to the database'),
('2120', 'INSERT INTO supp_allocations (\n		amt, date_alloc,\n		trans_type_from, trans_no_from, trans_no_to, trans_type_to)\n		VALUES (&#039;44&#039;, &#039;2015-06-30&#039;, &#039;22&#039;, &#039;16&#039;, &#039;165&#039;, &#039;20&#039;)', '1', 'A supplier allocation could not be added to the database'),
('2121', 'INSERT INTO supp_allocations (\n		amt, date_alloc,\n		trans_type_from, trans_no_from, trans_no_to, trans_type_to)\n		VALUES (&#039;6&#039;, &#039;2015-06-30&#039;, &#039;22&#039;, &#039;16&#039;, &#039;164&#039;, &#039;20&#039;)', '1', 'A supplier allocation could not be added to the database'),
('2122', 'INSERT INTO supp_allocations (\n		amt, date_alloc,\n		trans_type_from, trans_no_from, trans_no_to, trans_type_to)\n		VALUES (&#039;5&#039;, &#039;2015-06-30&#039;, &#039;22&#039;, &#039;16&#039;, &#039;184&#039;, &#039;20&#039;)', '1', 'A supplier allocation could not be added to the database'),
('2123', 'COMMIT', '1', 'could not commit a transaction'),
('2124', 'BEGIN', '1', 'could not start a transaction'),
('2125', 'INSERT INTO supp_trans (trans_no, type, supplier_id, tran_date, due_date,\n		reference, supp_reference, ov_amount, ov_gst, rate, ov_discount, tax_included, fixed_access, cheque,reason ) VALUES (&#039;17&#039;, &#039;22&#039;, &#039;28&#039;, &#039;2015-06-30&#039;, &#039;2015-06-30&#039;,\n		&#039;13&#039;, &#039;&#039;, &#039;-848&#039;, &#039;0&#039;, &#039;1&#039;, &#039;0&#039;, &#039;0&#039;, &#039;0&#039;,&#039;CASH&#039; ,&#039;&#039;)', '1', 'Cannot insert a supplier transaction record'),
('2126', 'INSERT INTO audit_trail (type, trans_no, user, fiscal_year, gl_date, description, gl_seq)\n    			VALUES(&#039;22&#039;, &#039;17&#039;,1,2,&#039;2015-06-30&#039;,&#039;&#039;, 0)', '1', 'Cannot add audit info'),
('2127', 'UPDATE audit_trail SET gl_seq = NULL WHERE type=&#039;22&#039; AND trans_no=&#039;17&#039; AND id!=1076', '1', 'Cannot update audit gl_seq'),
('2128', 'INSERT INTO gl_trans ( type, type_no, tran_date,\n	account, dimension_id, dimension2_id, memo_, amount, gst, person_type_id, person_id) VALUES (&#039;22&#039;, &#039;17&#039;, &#039;2015-06-30&#039;,\n	&#039;2100&#039;, &#039;0&#039;, &#039;0&#039;, &#039;&#039;, &#039;848&#039;, &#039;&#039;, &#039;3&#039;, &#039;28&#039;) ', '1', 'The supplier GL transaction could not be inserted'),
('2129', 'INSERT INTO gl_trans ( type, type_no, tran_date,\n	account, dimension_id, dimension2_id, memo_, amount, gst, person_type_id, person_id) VALUES (&#039;22&#039;, &#039;17&#039;, &#039;2015-06-30&#039;,\n	&#039;1065&#039;, &#039;0&#039;, &#039;0&#039;, &#039;&#039;, &#039;-848&#039;, &#039;&#039;, &#039;3&#039;, &#039;28&#039;) ', '1', 'The GL transaction could not be inserted'),
('2130', 'INSERT INTO bank_trans (type, trans_no, bank_act, ref,\n		trans_date, amount, person_type_id, person_id, tax_inclusive, cheque) VALUES (22, 17, &#039;2&#039;, &#039;13&#039;, &#039;2015-06-30&#039;,\n		&#039;-848&#039;, &#039;3&#039;, &#039;28&#039;, &#039;&#039;, &#039;&#039; )', '1', 'The bank transaction could not be inserted'),
('2131', 'REPLACE refs SET reference=&#039;13&#039;, type=&#039;22&#039;, id=&#039;17&#039;', '1', 'could not update reference entry'),
('2132', 'UPDATE sys_types SET next_reference=&#039;14&#039; WHERE type_id = &#039;22&#039;', '1', 'The next transaction ref for 22 could not be updated'),
('2133', 'COMMIT', '1', 'could not commit a transaction'),
('2134', 'BEGIN', '1', 'could not start a transaction'),
('2135', 'DELETE FROM supp_allocations\n		WHERE (trans_type_from=&#039;22&#039; AND trans_no_from=&#039;17&#039;)\n		OR (trans_type_to=&#039;22&#039; AND trans_no_to=&#039;17&#039;)', '1', 'could not void supp transactions for type=22 and trans_no=17'),
('2136', 'INSERT INTO supp_allocations (\n		amt, date_alloc,\n		trans_type_from, trans_no_from, trans_no_to, trans_type_to)\n		VALUES (&#039;848&#039;, &#039;2015-06-30&#039;, &#039;22&#039;, &#039;17&#039;, &#039;162&#039;, &#039;20&#039;)', '1', 'A supplier allocation could not be added to the database'),
('2137', 'COMMIT', '1', 'could not commit a transaction'),
('2138', 'BEGIN', '1', 'could not start a transaction'),
('2139', 'INSERT INTO supp_trans (trans_no, type, supplier_id, tran_date, due_date,\n		reference, supp_reference, ov_amount, ov_gst, rate, ov_discount, tax_included, fixed_access, cheque,reason ) VALUES (&#039;18&#039;, &#039;22&#039;, &#039;24&#039;, &#039;2015-05-31&#039;, &#039;2015-05-31&#039;,\n		&#039;14&#039;, &#039;&#039;, &#039;-57.24&#039;, &#039;0&#039;, &#039;1&#039;, &#039;0&#039;, &#039;0&#039;, &#039;0&#039;,&#039;CASH&#039; ,&#039;&#039;)', '1', 'Cannot insert a supplier transaction record'),
('2140', 'INSERT INTO audit_trail (type, trans_no, user, fiscal_year, gl_date, description, gl_seq)\n    			VALUES(&#039;22&#039;, &#039;18&#039;,1,2,&#039;2015-05-31&#039;,&#039;&#039;, 0)', '1', 'Cannot add audit info'),
('2141', 'UPDATE audit_trail SET gl_seq = NULL WHERE type=&#039;22&#039; AND trans_no=&#039;18&#039; AND id!=1077', '1', 'Cannot update audit gl_seq'),
('2142', 'INSERT INTO gl_trans ( type, type_no, tran_date,\n	account, dimension_id, dimension2_id, memo_, amount, gst, person_type_id, person_id) VALUES (&#039;22&#039;, &#039;18&#039;, &#039;2015-05-31&#039;,\n	&#039;2100&#039;, &#039;0&#039;, &#039;0&#039;, &#039;&#039;, &#039;57.24&#039;, &#039;&#039;, &#039;3&#039;, &#039;24&#039;) ', '1', 'The supplier GL transaction could not be inserted'),
('2143', 'INSERT INTO gl_trans ( type, type_no, tran_date,\n	account, dimension_id, dimension2_id, memo_, amount, gst, person_type_id, person_id) VALUES (&#039;22&#039;, &#039;18&#039;, &#039;2015-05-31&#039;,\n	&#039;1065&#039;, &#039;0&#039;, &#039;0&#039;, &#039;&#039;, &#039;-57.24&#039;, &#039;&#039;, &#039;3&#039;, &#039;24&#039;) ', '1', 'The GL transaction could not be inserted'),
('2144', 'INSERT INTO bank_trans (type, trans_no, bank_act, ref,\n		trans_date, amount, person_type_id, person_id, tax_inclusive, cheque) VALUES (22, 18, &#039;2&#039;, &#039;14&#039;, &#039;2015-05-31&#039;,\n		&#039;-57.24&#039;, &#039;3&#039;, &#039;24&#039;, &#039;&#039;, &#039;&#039; )', '1', 'The bank transaction could not be inserted'),
('2145', 'REPLACE refs SET reference=&#039;14&#039;, type=&#039;22&#039;, id=&#039;18&#039;', '1', 'could not update reference entry'),
('2146', 'UPDATE sys_types SET next_reference=&#039;15&#039; WHERE type_id = &#039;22&#039;', '1', 'The next transaction ref for 22 could not be updated'),
('2147', 'COMMIT', '1', 'could not commit a transaction'),
('2148', 'BEGIN', '1', 'could not start a transaction'),
('2149', 'DELETE FROM supp_allocations\n		WHERE (trans_type_from=&#039;22&#039; AND trans_no_from=&#039;18&#039;)\n		OR (trans_type_to=&#039;22&#039; AND trans_no_to=&#039;18&#039;)', '1', 'could not void supp transactions for type=22 and trans_no=18'),
('2150', 'INSERT INTO supp_allocations (\n		amt, date_alloc,\n		trans_type_from, trans_no_from, trans_no_to, trans_type_to)\n		VALUES (&#039;57.24&#039;, &#039;2015-05-31&#039;, &#039;22&#039;, &#039;18&#039;, &#039;1&#039;, &#039;20&#039;)', '1', 'A supplier allocation could not be added to the database'),
('2151', 'COMMIT', '1', 'could not commit a transaction'),
('2152', 'BEGIN', '1', 'could not start a transaction'),
('2153', 'INSERT INTO supp_trans (trans_no, type, supplier_id, tran_date, due_date,\n		reference, supp_reference, ov_amount, ov_gst, rate, ov_discount, tax_included, fixed_access, cheque,reason ) VALUES (&#039;19&#039;, &#039;22&#039;, &#039;25&#039;, &#039;2015-04-30&#039;, &#039;2015-04-30&#039;,\n		&#039;15&#039;, &#039;&#039;, &#039;-106&#039;, &#039;0&#039;, &#039;1&#039;, &#039;0&#039;, &#039;0&#039;, &#039;0&#039;,&#039;CASH&#039; ,&#039;&#039;)', '1', 'Cannot insert a supplier transaction record'),
('2154', 'INSERT INTO audit_trail (type, trans_no, user, fiscal_year, gl_date, description, gl_seq)\n    			VALUES(&#039;22&#039;, &#039;19&#039;,1,2,&#039;2015-04-30&#039;,&#039;&#039;, 0)', '1', 'Cannot add audit info'),
('2155', 'UPDATE audit_trail SET gl_seq = NULL WHERE type=&#039;22&#039; AND trans_no=&#039;19&#039; AND id!=1078', '1', 'Cannot update audit gl_seq'),
('2156', 'INSERT INTO gl_trans ( type, type_no, tran_date,\n	account, dimension_id, dimension2_id, memo_, amount, gst, person_type_id, person_id) VALUES (&#039;22&#039;, &#039;19&#039;, &#039;2015-04-30&#039;,\n	&#039;2100&#039;, &#039;0&#039;, &#039;0&#039;, &#039;&#039;, &#039;106&#039;, &#039;&#039;, &#039;3&#039;, &#039;25&#039;) ', '1', 'The supplier GL transaction could not be inserted'),
('2157', 'INSERT INTO gl_trans ( type, type_no, tran_date,\n	account, dimension_id, dimension2_id, memo_, amount, gst, person_type_id, person_id) VALUES (&#039;22&#039;, &#039;19&#039;, &#039;2015-04-30&#039;,\n	&#039;1065&#039;, &#039;0&#039;, &#039;0&#039;, &#039;&#039;, &#039;-106&#039;, &#039;&#039;, &#039;3&#039;, &#039;25&#039;) ', '1', 'The GL transaction could not be inserted'),
('2158', 'INSERT INTO bank_trans (type, trans_no, bank_act, ref,\n		trans_date, amount, person_type_id, person_id, tax_inclusive, cheque) VALUES (22, 19, &#039;2&#039;, &#039;15&#039;, &#039;2015-04-30&#039;,\n		&#039;-106&#039;, &#039;3&#039;, &#039;25&#039;, &#039;&#039;, &#039;&#039; )', '1', 'The bank transaction could not be inserted'),
('2159', 'REPLACE refs SET reference=&#039;15&#039;, type=&#039;22&#039;, id=&#039;19&#039;', '1', 'could not update reference entry'),
('2160', 'UPDATE sys_types SET next_reference=&#039;16&#039; WHERE type_id = &#039;22&#039;', '1', 'The next transaction ref for 22 could not be updated'),
('2161', 'COMMIT', '1', 'could not commit a transaction'),
('2162', 'BEGIN', '1', 'could not start a transaction'),
('2163', 'DELETE FROM supp_allocations\n		WHERE (trans_type_from=&#039;22&#039; AND trans_no_from=&#039;19&#039;)\n		OR (trans_type_to=&#039;22&#039; AND trans_no_to=&#039;19&#039;)', '1', 'could not void supp transactions for type=22 and trans_no=19'),
('2164', 'INSERT INTO supp_allocations (\n		amt, date_alloc,\n		trans_type_from, trans_no_from, trans_no_to, trans_type_to)\n		VALUES (&#039;106&#039;, &#039;2015-04-30&#039;, &#039;22&#039;, &#039;19&#039;, &#039;2&#039;, &#039;20&#039;)', '1', 'A supplier allocation could not be added to the database'),
('2165', 'COMMIT', '1', 'could not commit a transaction'),
('2166', 'BEGIN', '1', 'could not start a transaction'),
('2167', 'INSERT INTO supp_trans (trans_no, type, supplier_id, tran_date, due_date,\n		reference, supp_reference, ov_amount, ov_gst, rate, ov_discount, tax_included, fixed_access, cheque,reason ) VALUES (&#039;20&#039;, &#039;22&#039;, &#039;16&#039;, &#039;2015-03-31&#039;, &#039;2015-03-31&#039;,\n		&#039;16&#039;, &#039;&#039;, &#039;-9.5&#039;, &#039;0&#039;, &#039;1&#039;, &#039;0&#039;, &#039;0&#039;, &#039;0&#039;,&#039;CASH&#039; ,&#039;&#039;)', '1', 'Cannot insert a supplier transaction record'),
('2168', 'INSERT INTO audit_trail (type, trans_no, user, fiscal_year, gl_date, description, gl_seq)\n    			VALUES(&#039;22&#039;, &#039;20&#039;,1,2,&#039;2015-03-31&#039;,&#039;&#039;, 0)', '1', 'Cannot add audit info'),
('2169', 'UPDATE audit_trail SET gl_seq = NULL WHERE type=&#039;22&#039; AND trans_no=&#039;20&#039; AND id!=1079', '1', 'Cannot update audit gl_seq'),
('2170', 'INSERT INTO gl_trans ( type, type_no, tran_date,\n	account, dimension_id, dimension2_id, memo_, amount, gst, person_type_id, person_id) VALUES (&#039;22&#039;, &#039;20&#039;, &#039;2015-03-31&#039;,\n	&#039;2100&#039;, &#039;0&#039;, &#039;0&#039;, &#039;&#039;, &#039;9.5&#039;, &#039;&#039;, &#039;3&#039;, &#039;16&#039;) ', '1', 'The supplier GL transaction could not be inserted'),
('2171', 'INSERT INTO gl_trans ( type, type_no, tran_date,\n	account, dimension_id, dimension2_id, memo_, amount, gst, person_type_id, person_id) VALUES (&#039;22&#039;, &#039;20&#039;, &#039;2015-03-31&#039;,\n	&#039;1065&#039;, &#039;0&#039;, &#039;0&#039;, &#039;&#039;, &#039;-9.5&#039;, &#039;&#039;, &#039;3&#039;, &#039;16&#039;) ', '1', 'The GL transaction could not be inserted'),
('2172', 'INSERT INTO bank_trans (type, trans_no, bank_act, ref,\n		trans_date, amount, person_type_id, person_id, tax_inclusive, cheque) VALUES (22, 20, &#039;2&#039;, &#039;16&#039;, &#039;2015-03-31&#039;,\n		&#039;-9.5&#039;, &#039;3&#039;, &#039;16&#039;, &#039;&#039;, &#039;&#039; )', '1', 'The bank transaction could not be inserted'),
('2173', 'REPLACE refs SET reference=&#039;16&#039;, type=&#039;22&#039;, id=&#039;20&#039;', '1', 'could not update reference entry'),
('2174', 'UPDATE sys_types SET next_reference=&#039;17&#039; WHERE type_id = &#039;22&#039;', '1', 'The next transaction ref for 22 could not be updated'),
('2175', 'COMMIT', '1', 'could not commit a transaction'),
('2176', 'BEGIN', '1', 'could not start a transaction'),
('2177', 'DELETE FROM supp_allocations\n		WHERE (trans_type_from=&#039;22&#039; AND trans_no_from=&#039;20&#039;)\n		OR (trans_type_to=&#039;22&#039; AND trans_no_to=&#039;20&#039;)', '1', 'could not void supp transactions for type=22 and trans_no=20'),
('2178', 'INSERT INTO supp_allocations (\n		amt, date_alloc,\n		trans_type_from, trans_no_from, trans_no_to, trans_type_to)\n		VALUES (&#039;9.5&#039;, &#039;2015-03-31&#039;, &#039;22&#039;, &#039;20&#039;, &#039;175&#039;, &#039;20&#039;)', '1', 'A supplier allocation could not be added to the database'),
('2179', 'COMMIT', '1', 'could not commit a transaction'),
('2180', 'BEGIN', '1', 'could not start a transaction'),
('2181', 'UPDATE gl_trans SET amount=0 WHERE type=&#039;13&#039; AND type_no=&#039;25&#039;', '1', 'could not void gl transactions for type=13 and trans_no=25'),
('2182', 'UPDATE sales_order_details\n				SET qty_sent = qty_sent + -1, quantity = quantity + -1 WHERE id=&#039;42&#039;', '1', 'The parent document detail record could not be updated'),
('2183', 'UPDATE sales_order_details\n				SET qty_sent = qty_sent + -1, quantity = quantity + -1 WHERE id=&#039;43&#039;', '1', 'The parent document detail record could not be updated'),
('2184', 'UPDATE debtor_trans_details SET quantity=0, unit_price=0,\n		unit_tax=0, discount_percent=0, standard_cost=0, src_id=0\n		WHERE debtor_trans_no=&#039;25&#039;\n		AND debtor_trans_type=&#039;13&#039;', '1', 'The debtor transaction details could not be voided'),
('2185', 'UPDATE stock_master SET material_cost=&#039;455.99&#039;\n		WHERE stock_id=&#039;BCS_DAMANSARA&#039;', '1', 'The cost details for the inventory item could not be updated'),
('2186', 'DELETE FROM stock_moves WHERE type=&#039;13&#039;	AND trans_no=&#039;25&#039;', '1', 'The stock movement cannot be delated'),
('2187', 'UPDATE trans_tax_details SET amount=0, net_amount=0\n	WHERE trans_no=&#039;25&#039; AND trans_type=&#039;13&#039;', '1', 'The transaction tax details could not be voided'),
('2188', 'DELETE FROM cust_allocations\n		WHERE (trans_type_from=&#039;13&#039; AND trans_no_from=&#039;25&#039;)\n		OR (trans_type_to=&#039;13&#039; AND trans_no_to=&#039;25&#039;)', '1', 'could not void debtor transactions for type=13 and trans_no=25'),
('2189', 'UPDATE debtor_trans SET ov_amount=0, ov_discount=0, ov_gst=0, ov_freight=0,\n		ov_freight_tax=0, alloc=0, version=version+1 WHERE type=&#039;13&#039; AND trans_no=&#039;25&#039;', '1', 'could not void debtor transactions for type=13 and trans_no=25'),
('2190', 'COMMIT', '1', 'could not commit a transaction'),
('2191', 'INSERT INTO voided (type, id, date_, memo_)\n		VALUES (&#039;13&#039;, &#039;25&#039;, &#039;2015-10-14&#039;, &#039;&#039;)', '1', 'could not add voided transaction entry'),
('2192', 'BEGIN', '1', 'could not start a transaction'),
('2193', 'INSERT INTO supp_trans (trans_no, type, supplier_id, tran_date, due_date,\n		reference, supp_reference, ov_amount, ov_gst, rate, ov_discount, tax_included, fixed_access, cheque,reason ) VALUES (&#039;21&#039;, &#039;22&#039;, &#039;1&#039;, &#039;2015-06-30&#039;, &#039;2015-06-30&#039;,\n		&#039;17&#039;, &#039;&#039;, &#039;-1450.05&#039;, &#039;0&#039;, &#039;1&#039;, &#039;0&#039;, &#039;0&#039;, &#039;0&#039;,&#039;CASH&#039; ,&#039;&#039;)', '1', 'Cannot insert a supplier transaction record'),
('2194', 'INSERT INTO audit_trail (type, trans_no, user, fiscal_year, gl_date, description, gl_seq)\n    			VALUES(&#039;22&#039;, &#039;21&#039;,1,2,&#039;2015-06-30&#039;,&#039;&#039;, 0)', '1', 'Cannot add audit info'),
('2195', 'UPDATE audit_trail SET gl_seq = NULL WHERE type=&#039;22&#039; AND trans_no=&#039;21&#039; AND id!=1080', '1', 'Cannot update audit gl_seq'),
('2196', 'INSERT INTO gl_trans ( type, type_no, tran_date,\n	account, dimension_id, dimension2_id, memo_, amount, gst, person_type_id, person_id) VALUES (&#039;22&#039;, &#039;21&#039;, &#039;2015-06-30&#039;,\n	&#039;2100&#039;, &#039;0&#039;, &#039;0&#039;, &#039;&#039;, &#039;1450.05&#039;, &#039;&#039;, &#039;3&#039;, &#039;1&#039;) ', '1', 'The supplier GL transaction could not be inserted'),
('2197', 'INSERT INTO gl_trans ( type, type_no, tran_date,\n	account, dimension_id, dimension2_id, memo_, amount, gst, person_type_id, person_id) VALUES (&#039;22&#039;, &#039;21&#039;, &#039;2015-06-30&#039;,\n	&#039;1065&#039;, &#039;0&#039;, &#039;0&#039;, &#039;&#039;, &#039;-1450.05&#039;, &#039;&#039;, &#039;3&#039;, &#039;1&#039;) ', '1', 'The GL transaction could not be inserted'),
('2198', 'INSERT INTO bank_trans (type, trans_no, bank_act, ref,\n		trans_date, amount, person_type_id, person_id, tax_inclusive, cheque) VALUES (22, 21, &#039;2&#039;, &#039;17&#039;, &#039;2015-06-30&#039;,\n		&#039;-1450.05&#039;, &#039;3&#039;, &#039;1&#039;, &#039;&#039;, &#039;&#039; )', '1', 'The bank transaction could not be inserted'),
('2199', 'REPLACE refs SET reference=&#039;17&#039;, type=&#039;22&#039;, id=&#039;21&#039;', '1', 'could not update reference entry'),
('2200', 'UPDATE sys_types SET next_reference=&#039;18&#039; WHERE type_id = &#039;22&#039;', '1', 'The next transaction ref for 22 could not be updated'),
('2201', 'COMMIT', '1', 'could not commit a transaction'),
('2202', 'BEGIN', '1', 'could not start a transaction'),
('2203', 'DELETE FROM supp_allocations\n		WHERE (trans_type_from=&#039;22&#039; AND trans_no_from=&#039;21&#039;)\n		OR (trans_type_to=&#039;22&#039; AND trans_no_to=&#039;21&#039;)', '1', 'could not void supp transactions for type=22 and trans_no=21'),
('2204', 'INSERT INTO supp_allocations (\n		amt, date_alloc,\n		trans_type_from, trans_no_from, trans_no_to, trans_type_to)\n		VALUES (&#039;483.35&#039;, &#039;2015-06-30&#039;, &#039;22&#039;, &#039;21&#039;, &#039;237&#039;, &#039;20&#039;)', '1', 'A supplier allocation could not be added to the database'),
('2205', 'INSERT INTO supp_allocations (\n		amt, date_alloc,\n		trans_type_from, trans_no_from, trans_no_to, trans_type_to)\n		VALUES (&#039;483.35&#039;, &#039;2015-06-30&#039;, &#039;22&#039;, &#039;21&#039;, &#039;238&#039;, &#039;20&#039;)', '1', 'A supplier allocation could not be added to the database'),
('2206', 'INSERT INTO supp_allocations (\n		amt, date_alloc,\n		trans_type_from, trans_no_from, trans_no_to, trans_type_to)\n		VALUES (&#039;483.35&#039;, &#039;2015-06-30&#039;, &#039;22&#039;, &#039;21&#039;, &#039;239&#039;, &#039;20&#039;)', '1', 'A supplier allocation could not be added to the database'),
('2207', 'COMMIT', '1', 'could not commit a transaction'),
('2208', 'BEGIN', '1', 'could not start a transaction'),
('2209', 'INSERT INTO supp_trans (trans_no, type, supplier_id, tran_date, due_date,\n		reference, supp_reference, ov_amount, ov_gst, rate, ov_discount, tax_included, fixed_access, cheque,reason ) VALUES (&#039;22&#039;, &#039;22&#039;, &#039;27&#039;, &#039;2015-05-31&#039;, &#039;2015-05-31&#039;,\n		&#039;18&#039;, &#039;&#039;, &#039;-26.5&#039;, &#039;0&#039;, &#039;1&#039;, &#039;0&#039;, &#039;0&#039;, &#039;0&#039;,&#039;CASH&#039; ,&#039;&#039;)', '1', 'Cannot insert a supplier transaction record'),
('2210', 'INSERT INTO audit_trail (type, trans_no, user, fiscal_year, gl_date, description, gl_seq)\n    			VALUES(&#039;22&#039;, &#039;22&#039;,1,2,&#039;2015-05-31&#039;,&#039;&#039;, 0)', '1', 'Cannot add audit info'),
('2211', 'UPDATE audit_trail SET gl_seq = NULL WHERE type=&#039;22&#039; AND trans_no=&#039;22&#039; AND id!=1081', '1', 'Cannot update audit gl_seq'),
('2212', 'INSERT INTO gl_trans ( type, type_no, tran_date,\n	account, dimension_id, dimension2_id, memo_, amount, gst, person_type_id, person_id) VALUES (&#039;22&#039;, &#039;22&#039;, &#039;2015-05-31&#039;,\n	&#039;2100&#039;, &#039;0&#039;, &#039;0&#039;, &#039;&#039;, &#039;26.5&#039;, &#039;&#039;, &#039;3&#039;, &#039;27&#039;) ', '1', 'The supplier GL transaction could not be inserted'),
('2213', 'INSERT INTO gl_trans ( type, type_no, tran_date,\n	account, dimension_id, dimension2_id, memo_, amount, gst, person_type_id, person_id) VALUES (&#039;22&#039;, &#039;22&#039;, &#039;2015-05-31&#039;,\n	&#039;1065&#039;, &#039;0&#039;, &#039;0&#039;, &#039;&#039;, &#039;-26.5&#039;, &#039;&#039;, &#039;3&#039;, &#039;27&#039;) ', '1', 'The GL transaction could not be inserted'),
('2214', 'INSERT INTO bank_trans (type, trans_no, bank_act, ref,\n		trans_date, amount, person_type_id, person_id, tax_inclusive, cheque) VALUES (22, 22, &#039;2&#039;, &#039;18&#039;, &#039;2015-05-31&#039;,\n		&#039;-26.5&#039;, &#039;3&#039;, &#039;27&#039;, &#039;&#039;, &#039;&#039; )', '1', 'The bank transaction could not be inserted'),
('2215', 'REPLACE refs SET reference=&#039;18&#039;, type=&#039;22&#039;, id=&#039;22&#039;', '1', 'could not update reference entry'),
('2216', 'UPDATE sys_types SET next_reference=&#039;19&#039; WHERE type_id = &#039;22&#039;', '1', 'The next transaction ref for 22 could not be updated'),
('2217', 'COMMIT', '1', 'could not commit a transaction'),
('2218', 'BEGIN', '1', 'could not start a transaction'),
('2219', 'DELETE FROM supp_allocations\n		WHERE (trans_type_from=&#039;22&#039; AND trans_no_from=&#039;22&#039;)\n		OR (trans_type_to=&#039;22&#039; AND trans_no_to=&#039;22&#039;)', '1', 'could not void supp transactions for type=22 and trans_no=22'),
('2220', 'INSERT INTO supp_allocations (\n		amt, date_alloc,\n		trans_type_from, trans_no_from, trans_no_to, trans_type_to)\n		VALUES (&#039;26.5&#039;, &#039;2015-05-31&#039;, &#039;22&#039;, &#039;22&#039;, &#039;4&#039;, &#039;20&#039;)', '1', 'A supplier allocation could not be added to the database'),
('2221', 'COMMIT', '1', 'could not commit a transaction'),
('2222', 'BEGIN', '1', 'could not start a transaction'),
('2223', 'INSERT INTO supp_trans (trans_no, type, supplier_id, tran_date, due_date,\n		reference, supp_reference, ov_amount, ov_gst, rate, ov_discount, tax_included, fixed_access, cheque,reason ) VALUES (&#039;23&#039;, &#039;22&#039;, &#039;11&#039;, &#039;2015-06-30&#039;, &#039;2015-06-30&#039;,\n		&#039;19&#039;, &#039;&#039;, &#039;-380.5&#039;, &#039;0&#039;, &#039;1&#039;, &#039;0&#039;, &#039;0&#039;, &#039;0&#039;,&#039;CASH&#039; ,&#039;&#039;)', '1', 'Cannot insert a supplier transaction record'),
('2224', 'INSERT INTO audit_trail (type, trans_no, user, fiscal_year, gl_date, description, gl_seq)\n    			VALUES(&#039;22&#039;, &#039;23&#039;,1,2,&#039;2015-06-30&#039;,&#039;&#039;, 0)', '1', 'Cannot add audit info'),
('2225', 'UPDATE audit_trail SET gl_seq = NULL WHERE type=&#039;22&#039; AND trans_no=&#039;23&#039; AND id!=1082', '1', 'Cannot update audit gl_seq'),
('2226', 'INSERT INTO gl_trans ( type, type_no, tran_date,\n	account, dimension_id, dimension2_id, memo_, amount, gst, person_type_id, person_id) VALUES (&#039;22&#039;, &#039;23&#039;, &#039;2015-06-30&#039;,\n	&#039;2100&#039;, &#039;0&#039;, &#039;0&#039;, &#039;&#039;, &#039;380.5&#039;, &#039;&#039;, &#039;3&#039;, &#039;11&#039;) ', '1', 'The supplier GL transaction could not be inserted'),
('2227', 'INSERT INTO gl_trans ( type, type_no, tran_date,\n	account, dimension_id, dimension2_id, memo_, amount, gst, person_type_id, person_id) VALUES (&#039;22&#039;, &#039;23&#039;, &#039;2015-06-30&#039;,\n	&#039;1065&#039;, &#039;0&#039;, &#039;0&#039;, &#039;&#039;, &#039;-380.5&#039;, &#039;&#039;, &#039;3&#039;, &#039;11&#039;) ', '1', 'The GL transaction could not be inserted'),
('2228', 'INSERT INTO bank_trans (type, trans_no, bank_act, ref,\n		trans_date, amount, person_type_id, person_id, tax_inclusive, cheque) VALUES (22, 23, &#039;2&#039;, &#039;19&#039;, &#039;2015-06-30&#039;,\n		&#039;-380.5&#039;, &#039;3&#039;, &#039;11&#039;, &#039;&#039;, &#039;&#039; )', '1', 'The bank transaction could not be inserted'),
('2229', 'REPLACE refs SET reference=&#039;19&#039;, type=&#039;22&#039;, id=&#039;23&#039;', '1', 'could not update reference entry'),
('2230', 'UPDATE sys_types SET next_reference=&#039;20&#039; WHERE type_id = &#039;22&#039;', '1', 'The next transaction ref for 22 could not be updated'),
('2231', 'COMMIT', '1', 'could not commit a transaction'),
('2232', 'BEGIN', '1', 'could not start a transaction'),
('2233', 'DELETE FROM supp_allocations\n		WHERE (trans_type_from=&#039;22&#039; AND trans_no_from=&#039;23&#039;)\n		OR (trans_type_to=&#039;22&#039; AND trans_no_to=&#039;23&#039;)', '1', 'could not void supp transactions for type=22 and trans_no=23'),
('2234', 'INSERT INTO supp_allocations (\n		amt, date_alloc,\n		trans_type_from, trans_no_from, trans_no_to, trans_type_to)\n		VALUES (&#039;33&#039;, &#039;2015-06-30&#039;, &#039;22&#039;, &#039;23&#039;, &#039;172&#039;, &#039;20&#039;)', '1', 'A supplier allocation could not be added to the database'),
('2235', 'INSERT INTO supp_allocations (\n		amt, date_alloc,\n		trans_type_from, trans_no_from, trans_no_to, trans_type_to)\n		VALUES (&#039;15&#039;, &#039;2015-06-30&#039;, &#039;22&#039;, &#039;23&#039;, &#039;171&#039;, &#039;20&#039;)', '1', 'A supplier allocation could not be added to the database'),
('2236', 'INSERT INTO supp_allocations (\n		amt, date_alloc,\n		trans_type_from, trans_no_from, trans_no_to, trans_type_to)\n		VALUES (&#039;260&#039;, &#039;2015-06-30&#039;, &#039;22&#039;, &#039;23&#039;, &#039;5&#039;, &#039;20&#039;)', '1', 'A supplier allocation could not be added to the database'),
('2237', 'INSERT INTO supp_allocations (\n		amt, date_alloc,\n		trans_type_from, trans_no_from, trans_no_to, trans_type_to)\n		VALUES (&#039;72.5&#039;, &#039;2015-06-30&#039;, &#039;22&#039;, &#039;23&#039;, &#039;141&#039;, &#039;20&#039;)', '1', 'A supplier allocation could not be added to the database'),
('2238', 'COMMIT', '1', 'could not commit a transaction'),
('2239', 'BEGIN', '1', 'could not start a transaction'),
('2240', 'UPDATE bank_trans SET amount=0\n		WHERE type=&#039;20&#039; AND trans_no=&#039;240&#039;', '1', 'could not void bank transactions for type=20 and trans_no=240'),
('2241', 'UPDATE gl_trans SET amount=0 WHERE type=&#039;20&#039; AND type_no=&#039;240&#039;', '1', 'could not void gl transactions for type=20 and trans_no=240'),
('2242', 'DELETE FROM cust_allocations\n		WHERE (trans_type_from=&#039;20&#039; AND trans_no_from=&#039;240&#039;)\n		OR (trans_type_to=&#039;20&#039; AND trans_no_to=&#039;240&#039;)', '1', 'could not void debtor transactions for type=20 and trans_no=240'),
('2243', 'UPDATE debtor_trans SET ov_amount=0, ov_discount=0, ov_gst=0, ov_freight=0,\n		ov_freight_tax=0, alloc=0, version=version+1 WHERE type=&#039;20&#039; AND trans_no=&#039;240&#039;', '1', 'could not void debtor transactions for type=20 and trans_no=240'),
('2244', 'DELETE FROM supp_allocations\n		WHERE (trans_type_from=&#039;20&#039; AND trans_no_from=&#039;240&#039;)\n		OR (trans_type_to=&#039;20&#039; AND trans_no_to=&#039;240&#039;)', '1', 'could not void supp transactions for type=20 and trans_no=240'),
('2245', 'UPDATE supp_trans SET ov_amount=0, ov_discount=0, ov_gst=0,\n		alloc=0 WHERE type=&#039;20&#039; AND trans_no=&#039;240&#039;', '1', 'could not void supp transactions for type=20 and trans_no=240'),
('2246', 'UPDATE trans_tax_details SET amount=0, net_amount=0\n	WHERE trans_no=&#039;240&#039; AND trans_type=&#039;20&#039;', '1', 'The transaction tax details could not be voided'),
('2247', 'UPDATE gl_trans SET amount=0 WHERE type=&#039;20&#039; AND type_no=&#039;240&#039;', '1', 'could not void gl transactions for type=20 and trans_no=240'),
('2248', 'DELETE FROM supp_allocations\n		WHERE (trans_type_from=&#039;20&#039; AND trans_no_from=&#039;240&#039;)\n		OR (trans_type_to=&#039;20&#039; AND trans_no_to=&#039;240&#039;)', '1', 'could not void supp transactions for type=20 and trans_no=240'),
('2249', 'UPDATE supp_trans SET ov_amount=0, ov_discount=0, ov_gst=0,\n		alloc=0 WHERE type=&#039;20&#039; AND trans_no=&#039;240&#039;', '1', 'could not void supp transactions for type=20 and trans_no=240'),
('2250', 'UPDATE purch_order_details\n		SET qty_invoiced = qty_invoiced + &#039;-1&#039; , act_price = &#039;7876&#039; WHERE po_detail_item = &#039;216&#039;', '1', 'The quantity invoiced of the purchase order line could not be updated'),
('2251', 'UPDATE grn_items\n        SET quantity_inv = quantity_inv + &#039;-1&#039;\n        WHERE id = &#039;216&#039;', '1', 'The quantity invoiced off the items received record could not be updated'),
('2252', 'UPDATE stock_master SET material_cost=&#039;1270.6418905473&#039;\n		WHERE stock_id=&#039;PURCHASES&#039;', '1', 'The cost details for the inventory item could not be updated'),
('2253', 'UPDATE supp_invoice_items SET quantity=0, unit_price=0\n		WHERE supp_trans_type = &#039;20&#039; AND supp_trans_no=&#039;240&#039;', '1', 'could not void supptrans details'),
('2254', 'UPDATE trans_tax_details SET amount=0, net_amount=0\n	WHERE trans_no=&#039;240&#039; AND trans_type=&#039;20&#039;', '1', 'The transaction tax details could not be voided'),
('2255', 'COMMIT', '1', 'could not commit a transaction'),
('2256', 'UPDATE sys_types SET next_reference=&#039;20&#039; WHERE type_id = &#039;20&#039;', '1', 'The next transaction ref for 20 could not be updated'),
('2257', 'INSERT INTO voided (type, id, date_, memo_)\n		VALUES (&#039;20&#039;, &#039;240&#039;, &#039;2015-10-14&#039;, &#039;&#039;)', '1', 'could not add voided transaction entry'),
('2258', 'BEGIN', '1', 'could not start a transaction'),
('2259', 'INSERT INTO purch_orders (supplier_id, Comments, ord_date, reference,\n     	requisition_no, into_stock_location, delivery_address, total, tax_included ) VALUES(&#039;31&#039;,&#039;&#039;,&#039;2015-08-14&#039;, &#039;auto&#039;, &#039;ME/DN099/2015&#039;, &#039;DEF&#039;, &#039;Delivery 1\\nDelivery 2\\nDelivery 3&#039;, &#039;7876&#039;, &#039;0&#039;)', '1', 'The purchase order header record could not be inserted'),
('2260', 'INSERT INTO purch_order_details (order_no, item_code, description, delivery_date, unit_price,tax_type_id,quantity_ordered) VALUES (217, &#039;PURCHASES&#039;,&#039;PURCHASES - HARDWARE&#039;,&#039;2015-08-14&#039;,&#039;7876&#039;, &#039;12&#039;, &#039;1&#039;)', '1', 'One of the purchase order detail records could not be inserted'),
('2261', 'REPLACE refs SET reference=&#039;auto&#039;, type=&#039;18&#039;, id=&#039;217&#039;', '1', 'could not update reference entry'),
('2262', 'INSERT INTO audit_trail (type, trans_no, user, fiscal_year, gl_date, description, gl_seq)\n    			VALUES(&#039;18&#039;, &#039;217&#039;,1,2,&#039;2015-08-14&#039;,&#039;&#039;, 0)', '1', 'Cannot add audit info'),
('2263', 'UPDATE audit_trail SET gl_seq = NULL WHERE type=&#039;18&#039; AND trans_no=&#039;217&#039; AND id!=1083', '1', 'Cannot update audit gl_seq'),
('2264', 'INSERT INTO grn_batch (purch_order_no, delivery_date, supplier_id, reference, loc_code)\n			VALUES (&#039;217&#039;, &#039;2015-08-14&#039;, &#039;31&#039;, &#039;auto&#039;, &#039;DEF&#039;)', '1', 'A grn batch record could not be inserted.'),
('2265', 'INSERT INTO gl_trans ( type, type_no, tran_date,\n	account, dimension_id, dimension2_id, memo_, amount, gst, person_type_id, person_id) VALUES (&#039;25&#039;, &#039;217&#039;, &#039;2015-08-14&#039;,\n	&#039;5010&#039;, &#039;0&#039;, &#039;0&#039;, &#039;PURCHASES&#039;, &#039;7876&#039;, &#039;&#039;, &#039;3&#039;, &#039;31&#039;) ', '1', 'The supplier GL transaction could not be inserted'),
('2266', 'UPDATE stock_master SET material_cost=&#039;1303.3416831684&#039;\n		WHERE stock_id=&#039;PURCHASES&#039;', '1', 'The cost details for the inventory item could not be updated'),
('2267', 'UPDATE purch_data SET price=&#039;7876&#039;,supplier_description=&#039;PURCHASES - HARDWARE&#039; WHERE stock_id=&#039;PURCHASES&#039; AND supplier_id=&#039;31&#039;', '1', 'The supplier purchasing details could not be updated'),
('2268', 'UPDATE purch_order_details\n        SET quantity_received = quantity_received + &#039;1&#039;,\n        std_cost_unit=&#039;1303.3416831684&#039;,\n        quantity_ordered=&#039;1&#039;,\n        act_price=&#039;7876&#039;\n        WHERE po_detail_item = &#039;217&#039;', '1', 'a purchase order details record could not be updated. This receipt of goods has not been processed '),
('2269', 'INSERT INTO grn_items (grn_batch_id, po_detail_item, item_code, description, tax_type_id, qty_recd)\n		VALUES (&#039;217&#039;, &#039;217&#039;, &#039;PURCHASES&#039;, &#039;PURCHASES - HARDWARE&#039;, &#039;12&#039;, &#039;1&#039;)', '1', 'A GRN detail item could not be inserted.'),
('2270', 'INSERT INTO stock_moves (stock_id, trans_no, type, loc_code,\n		tran_date, person_id, reference, qty, standard_cost, visible, price,\n		discount_percent) VALUES (&#039;PURCHASES&#039;, &#039;217&#039;, &#039;25&#039;,	&#039;DEF&#039;, &#039;2015-08-14&#039;, &#039;31&#039;, &#039;&#039;, &#039;1&#039;, &#039;1303.3416831684&#039;,&#039;1&#039;, &#039;7876&#039;, &#039;0&#039;)', '1', 'The stock movement record cannot be inserted'),
('2271', 'INSERT INTO gl_trans ( type, type_no, tran_date,\n	account, dimension_id, dimension2_id, memo_, amount, gst, person_type_id, person_id) VALUES (&#039;25&#039;, &#039;217&#039;, &#039;2015-08-14&#039;,\n	&#039;1550&#039;, &#039;0&#039;, &#039;0&#039;, &#039;&#039;, &#039;-7876&#039;, &#039;&#039;, &#039;3&#039;, &#039;&#039;) ', '1', 'The supplier GL transaction could not be inserted'),
('2272', 'REPLACE refs SET reference=&#039;auto&#039;, type=&#039;25&#039;, id=&#039;217&#039;', '1', 'could not update reference entry'),
('2273', 'INSERT INTO audit_trail (type, trans_no, user, fiscal_year, gl_date, description, gl_seq)\n    			VALUES(&#039;25&#039;, &#039;217&#039;,1,2,&#039;2015-08-14&#039;,&#039;&#039;, 0)', '1', 'Cannot add audit info'),
('2274', 'UPDATE audit_trail SET gl_seq = NULL WHERE type=&#039;25&#039; AND trans_no=&#039;217&#039; AND id!=1084', '1', 'Cannot update audit gl_seq'),
('2275', 'INSERT INTO supp_trans (trans_no, type, supplier_id, tran_date, due_date,\n		reference, supp_reference, ov_amount, ov_gst, rate, ov_discount, tax_included, fixed_access, cheque,reason ) VALUES (&#039;241&#039;, &#039;20&#039;, &#039;31&#039;, &#039;2015-08-14&#039;, &#039;2015-08-14&#039;,\n		&#039;20&#039;, &#039;ME/DN099/2015&#039;, &#039;7876&#039;, &#039;472.56&#039;, &#039;1&#039;, &#039;0&#039;, &#039;0&#039;, &#039;&#039;,&#039;&#039; ,&#039;&#039;)', '1', 'Cannot insert a supplier transaction record'),
('2276', 'INSERT INTO audit_trail (type, trans_no, user, fiscal_year, gl_date, description, gl_seq)\n    			VALUES(&#039;20&#039;, &#039;241&#039;,1,2,&#039;2015-08-14&#039;,&#039;&#039;, 0)', '1', 'Cannot add audit info'),
('2277', 'UPDATE audit_trail SET gl_seq = NULL WHERE type=&#039;20&#039; AND trans_no=&#039;241&#039; AND id!=1085', '1', 'Cannot update audit gl_seq'),
('2278', 'INSERT INTO gl_trans ( type, type_no, tran_date,\n	account, dimension_id, dimension2_id, memo_, amount, gst, person_type_id, person_id) VALUES (&#039;20&#039;, &#039;241&#039;, &#039;2015-08-14&#039;,\n	&#039;2100&#039;, &#039;0&#039;, &#039;0&#039;, &#039;&#039;, &#039;-8348.56&#039;, &#039;&#039;, &#039;3&#039;, &#039;31&#039;) ', '1', 'The general ledger transaction for the control total could not be added'),
('2279', 'UPDATE purch_order_details\n		SET qty_invoiced = qty_invoiced + &#039;1&#039; , act_price = &#039;7876&#039; WHERE po_detail_item = &#039;217&#039;', '1', 'The quantity invoiced of the purchase order line could not be updated'),
('2280', 'UPDATE grn_items\n        SET quantity_inv = quantity_inv + &#039;1&#039;\n        WHERE id = &#039;217&#039;', '1', 'The quantity invoiced off the items received record could not be updated'),
('2281', 'INSERT INTO gl_trans ( type, type_no, tran_date,\n	account, dimension_id, dimension2_id, memo_, amount, gst, person_type_id, person_id) VALUES (&#039;20&#039;, &#039;241&#039;, &#039;2015-08-14&#039;,\n	&#039;1550&#039;, &#039;0&#039;, &#039;0&#039;, &#039;&#039;, &#039;7876&#039;, &#039;&#039;, &#039;3&#039;, &#039;31&#039;) ', '1', 'The supplier GL transaction could not be inserted'),
('2282', 'INSERT INTO gl_trans ( type, type_no, tran_date,\n	account, dimension_id, dimension2_id, memo_, amount, gst, person_type_id, person_id) VALUES (&#039;20&#039;, &#039;241&#039;, &#039;2015-08-14&#039;,\n	&#039;1300&#039;, &#039;0&#039;, &#039;0&#039;, &#039;&#039;, &#039;472.56&#039;, &#039;&#039;, &#039;3&#039;, &#039;31&#039;) ', '1', 'The supplier GL transaction could not be inserted'),
('2283', 'UPDATE stock_master SET material_cost=&#039;1303.3416831684&#039;\n		WHERE stock_id=&#039;PURCHASES&#039;', '1', 'The cost details for the inventory item could not be updated'),
('2284', 'UPDATE purch_data SET price=&#039;7876&#039; WHERE stock_id=&#039;PURCHASES&#039; AND supplier_id=&#039;31&#039;', '1', 'The supplier purchasing details could not be updated'),
('2285', 'INSERT INTO supp_invoice_items (supp_trans_type, supp_trans_no, stock_id, description, gl_code, unit_price, unit_tax, quantity,\n	  	grn_item_id, po_detail_item_id, memo_,tax_type_id) VALUES (&#039;20&#039;, &#039;241&#039;, &#039;PURCHASES&#039;, &#039;PURCHASES - HARDWARE&#039;, &#039;0&#039;, &#039;7876&#039;, &#039;0&#039;, &#039;1&#039;,\n		&#039;217&#039;, &#039;217&#039;, &#039;&#039;,&#039;12&#039;)', '1', 'Cannot insert a supplier transaction detail record'),
('2286', 'REPLACE refs SET reference=&#039;20&#039;, type=&#039;20&#039;, id=&#039;241&#039;', '1', 'could not update reference entry'),
('2287', 'UPDATE sys_types SET next_reference=&#039;21&#039; WHERE type_id = &#039;20&#039;', '1', 'The next transaction ref for 20 could not be updated'),
('2288', 'COMMIT', '1', 'could not commit a transaction'),
('2289', 'BEGIN', '1', 'could not start a transaction'),
('2290', 'INSERT INTO supp_trans (trans_no, type, supplier_id, tran_date, due_date,\n		reference, supp_reference, ov_amount, ov_gst, rate, ov_discount, tax_included, fixed_access, cheque,reason ) VALUES (&#039;24&#039;, &#039;22&#039;, &#039;8&#039;, &#039;2015-06-30&#039;, &#039;2015-06-30&#039;,\n		&#039;20&#039;, &#039;&#039;, &#039;-226.84&#039;, &#039;0&#039;, &#039;1&#039;, &#039;0&#039;, &#039;0&#039;, &#039;0&#039;,&#039;CASH&#039; ,&#039;&#039;)', '1', 'Cannot insert a supplier transaction record'),
('2291', 'INSERT INTO audit_trail (type, trans_no, user, fiscal_year, gl_date, description, gl_seq)\n    			VALUES(&#039;22&#039;, &#039;24&#039;,1,2,&#039;2015-06-30&#039;,&#039;&#039;, 0)', '1', 'Cannot add audit info'),
('2292', 'UPDATE audit_trail SET gl_seq = NULL WHERE type=&#039;22&#039; AND trans_no=&#039;24&#039; AND id!=1086', '1', 'Cannot update audit gl_seq'),
('2293', 'INSERT INTO gl_trans ( type, type_no, tran_date,\n	account, dimension_id, dimension2_id, memo_, amount, gst, person_type_id, person_id) VALUES (&#039;22&#039;, &#039;24&#039;, &#039;2015-06-30&#039;,\n	&#039;2100&#039;, &#039;0&#039;, &#039;0&#039;, &#039;&#039;, &#039;226.84&#039;, &#039;&#039;, &#039;3&#039;, &#039;8&#039;) ', '1', 'The supplier GL transaction could not be inserted'),
('2294', 'INSERT INTO gl_trans ( type, type_no, tran_date,\n	account, dimension_id, dimension2_id, memo_, amount, gst, person_type_id, person_id) VALUES (&#039;22&#039;, &#039;24&#039;, &#039;2015-06-30&#039;,\n	&#039;1065&#039;, &#039;0&#039;, &#039;0&#039;, &#039;&#039;, &#039;-226.84&#039;, &#039;&#039;, &#039;3&#039;, &#039;8&#039;) ', '1', 'The GL transaction could not be inserted'),
('2295', 'INSERT INTO bank_trans (type, trans_no, bank_act, ref,\n		trans_date, amount, person_type_id, person_id, tax_inclusive, cheque) VALUES (22, 24, &#039;2&#039;, &#039;20&#039;, &#039;2015-06-30&#039;,\n		&#039;-226.84&#039;, &#039;3&#039;, &#039;8&#039;, &#039;&#039;, &#039;&#039; )', '1', 'The bank transaction could not be inserted'),
('2296', 'REPLACE refs SET reference=&#039;20&#039;, type=&#039;22&#039;, id=&#039;24&#039;', '1', 'could not update reference entry'),
('2297', 'UPDATE sys_types SET next_reference=&#039;21&#039; WHERE type_id = &#039;22&#039;', '1', 'The next transaction ref for 22 could not be updated'),
('2298', 'COMMIT', '1', 'could not commit a transaction'),
('2299', 'BEGIN', '1', 'could not start a transaction'),
('2300', 'DELETE FROM supp_allocations\n		WHERE (trans_type_from=&#039;22&#039; AND trans_no_from=&#039;24&#039;)\n		OR (trans_type_to=&#039;22&#039; AND trans_no_to=&#039;24&#039;)', '1', 'could not void supp transactions for type=22 and trans_no=24'),
('2301', 'INSERT INTO supp_allocations (\n		amt, date_alloc,\n		trans_type_from, trans_no_from, trans_no_to, trans_type_to)\n		VALUES (&#039;226.84&#039;, &#039;2015-06-30&#039;, &#039;22&#039;, &#039;24&#039;, &#039;51&#039;, &#039;20&#039;)', '1', 'A supplier allocation could not be added to the database'),
('2302', 'COMMIT', '1', 'could not commit a transaction'),
('2303', 'BEGIN', '1', 'could not start a transaction'),
('2304', 'INSERT INTO supp_trans (trans_no, type, supplier_id, tran_date, due_date,\n		reference, supp_reference, ov_amount, ov_gst, rate, ov_discount, tax_included, fixed_access, cheque,reason ) VALUES (&#039;25&#039;, &#039;22&#039;, &#039;8&#039;, &#039;2015-01-31&#039;, &#039;2015-01-31&#039;,\n		&#039;21&#039;, &#039;&#039;, &#039;-174&#039;, &#039;0&#039;, &#039;1&#039;, &#039;0&#039;, &#039;0&#039;, &#039;0&#039;,&#039;CASH&#039; ,&#039;&#039;)', '1', 'Cannot insert a supplier transaction record'),
('2305', 'INSERT INTO audit_trail (type, trans_no, user, fiscal_year, gl_date, description, gl_seq)\n    			VALUES(&#039;22&#039;, &#039;25&#039;,1,2,&#039;2015-01-31&#039;,&#039;&#039;, 0)', '1', 'Cannot add audit info'),
('2306', 'UPDATE audit_trail SET gl_seq = NULL WHERE type=&#039;22&#039; AND trans_no=&#039;25&#039; AND id!=1087', '1', 'Cannot update audit gl_seq'),
('2307', 'INSERT INTO gl_trans ( type, type_no, tran_date,\n	account, dimension_id, dimension2_id, memo_, amount, gst, person_type_id, person_id) VALUES (&#039;22&#039;, &#039;25&#039;, &#039;2015-01-31&#039;,\n	&#039;2100&#039;, &#039;0&#039;, &#039;0&#039;, &#039;&#039;, &#039;174&#039;, &#039;&#039;, &#039;3&#039;, &#039;8&#039;) ', '1', 'The supplier GL transaction could not be inserted'),
('2308', 'INSERT INTO gl_trans ( type, type_no, tran_date,\n	account, dimension_id, dimension2_id, memo_, amount, gst, person_type_id, person_id) VALUES (&#039;22&#039;, &#039;25&#039;, &#039;2015-01-31&#039;,\n	&#039;1065&#039;, &#039;0&#039;, &#039;0&#039;, &#039;&#039;, &#039;-174&#039;, &#039;&#039;, &#039;3&#039;, &#039;8&#039;) ', '1', 'The GL transaction could not be inserted'),
('2309', 'INSERT INTO bank_trans (type, trans_no, bank_act, ref,\n		trans_date, amount, person_type_id, person_id, tax_inclusive, cheque) VALUES (22, 25, &#039;2&#039;, &#039;21&#039;, &#039;2015-01-31&#039;,\n		&#039;-174&#039;, &#039;3&#039;, &#039;8&#039;, &#039;&#039;, &#039;&#039; )', '1', 'The bank transaction could not be inserted'),
('2310', 'REPLACE refs SET reference=&#039;21&#039;, type=&#039;22&#039;, id=&#039;25&#039;', '1', 'could not update reference entry'),
('2311', 'UPDATE sys_types SET next_reference=&#039;22&#039; WHERE type_id = &#039;22&#039;', '1', 'The next transaction ref for 22 could not be updated'),
('2312', 'COMMIT', '1', 'could not commit a transaction'),
('2313', 'BEGIN', '1', 'could not start a transaction');
INSERT INTO `sql_trail` VALUES
('2314', 'DELETE FROM supp_allocations\n		WHERE (trans_type_from=&#039;22&#039; AND trans_no_from=&#039;25&#039;)\n		OR (trans_type_to=&#039;22&#039; AND trans_no_to=&#039;25&#039;)', '1', 'could not void supp transactions for type=22 and trans_no=25'),
('2315', 'INSERT INTO supp_allocations (\n		amt, date_alloc,\n		trans_type_from, trans_no_from, trans_no_to, trans_type_to)\n		VALUES (&#039;96&#039;, &#039;2015-01-31&#039;, &#039;22&#039;, &#039;25&#039;, &#039;131&#039;, &#039;20&#039;)', '1', 'A supplier allocation could not be added to the database'),
('2316', 'INSERT INTO supp_allocations (\n		amt, date_alloc,\n		trans_type_from, trans_no_from, trans_no_to, trans_type_to)\n		VALUES (&#039;78&#039;, &#039;2015-01-31&#039;, &#039;22&#039;, &#039;25&#039;, &#039;130&#039;, &#039;20&#039;)', '1', 'A supplier allocation could not be added to the database'),
('2317', 'COMMIT', '1', 'could not commit a transaction'),
('2318', 'BEGIN', '1', 'could not start a transaction'),
('2319', 'INSERT INTO supp_trans (trans_no, type, supplier_id, tran_date, due_date,\n		reference, supp_reference, ov_amount, ov_gst, rate, ov_discount, tax_included, fixed_access, cheque,reason ) VALUES (&#039;26&#039;, &#039;22&#039;, &#039;19&#039;, &#039;2015-04-30&#039;, &#039;2015-04-30&#039;,\n		&#039;22&#039;, &#039;&#039;, &#039;-100.7&#039;, &#039;0&#039;, &#039;1&#039;, &#039;0&#039;, &#039;0&#039;, &#039;0&#039;,&#039;CASH&#039; ,&#039;&#039;)', '1', 'Cannot insert a supplier transaction record'),
('2320', 'INSERT INTO audit_trail (type, trans_no, user, fiscal_year, gl_date, description, gl_seq)\n    			VALUES(&#039;22&#039;, &#039;26&#039;,1,2,&#039;2015-04-30&#039;,&#039;&#039;, 0)', '1', 'Cannot add audit info'),
('2321', 'UPDATE audit_trail SET gl_seq = NULL WHERE type=&#039;22&#039; AND trans_no=&#039;26&#039; AND id!=1088', '1', 'Cannot update audit gl_seq'),
('2322', 'INSERT INTO gl_trans ( type, type_no, tran_date,\n	account, dimension_id, dimension2_id, memo_, amount, gst, person_type_id, person_id) VALUES (&#039;22&#039;, &#039;26&#039;, &#039;2015-04-30&#039;,\n	&#039;2100&#039;, &#039;0&#039;, &#039;0&#039;, &#039;&#039;, &#039;100.7&#039;, &#039;&#039;, &#039;3&#039;, &#039;19&#039;) ', '1', 'The supplier GL transaction could not be inserted'),
('2323', 'INSERT INTO gl_trans ( type, type_no, tran_date,\n	account, dimension_id, dimension2_id, memo_, amount, gst, person_type_id, person_id) VALUES (&#039;22&#039;, &#039;26&#039;, &#039;2015-04-30&#039;,\n	&#039;1065&#039;, &#039;0&#039;, &#039;0&#039;, &#039;&#039;, &#039;-100.7&#039;, &#039;&#039;, &#039;3&#039;, &#039;19&#039;) ', '1', 'The GL transaction could not be inserted'),
('2324', 'INSERT INTO bank_trans (type, trans_no, bank_act, ref,\n		trans_date, amount, person_type_id, person_id, tax_inclusive, cheque) VALUES (22, 26, &#039;2&#039;, &#039;22&#039;, &#039;2015-04-30&#039;,\n		&#039;-100.7&#039;, &#039;3&#039;, &#039;19&#039;, &#039;&#039;, &#039;&#039; )', '1', 'The bank transaction could not be inserted'),
('2325', 'REPLACE refs SET reference=&#039;22&#039;, type=&#039;22&#039;, id=&#039;26&#039;', '1', 'could not update reference entry'),
('2326', 'UPDATE sys_types SET next_reference=&#039;23&#039; WHERE type_id = &#039;22&#039;', '1', 'The next transaction ref for 22 could not be updated'),
('2327', 'COMMIT', '1', 'could not commit a transaction'),
('2328', 'BEGIN', '1', 'could not start a transaction'),
('2329', 'DELETE FROM supp_allocations\n		WHERE (trans_type_from=&#039;22&#039; AND trans_no_from=&#039;26&#039;)\n		OR (trans_type_to=&#039;22&#039; AND trans_no_to=&#039;26&#039;)', '1', 'could not void supp transactions for type=22 and trans_no=26'),
('2330', 'INSERT INTO supp_allocations (\n		amt, date_alloc,\n		trans_type_from, trans_no_from, trans_no_to, trans_type_to)\n		VALUES (&#039;100.7&#039;, &#039;2015-04-30&#039;, &#039;22&#039;, &#039;26&#039;, &#039;6&#039;, &#039;20&#039;)', '1', 'A supplier allocation could not be added to the database'),
('2331', 'COMMIT', '1', 'could not commit a transaction'),
('2332', 'BEGIN', '1', 'could not start a transaction'),
('2333', 'INSERT INTO supp_trans (trans_no, type, supplier_id, tran_date, due_date,\n		reference, supp_reference, ov_amount, ov_gst, rate, ov_discount, tax_included, fixed_access, cheque,reason ) VALUES (&#039;27&#039;, &#039;22&#039;, &#039;2&#039;, &#039;2015-03-31&#039;, &#039;2015-03-31&#039;,\n		&#039;23&#039;, &#039;&#039;, &#039;-55&#039;, &#039;0&#039;, &#039;1&#039;, &#039;0&#039;, &#039;0&#039;, &#039;0&#039;,&#039;CASH&#039; ,&#039;&#039;)', '1', 'Cannot insert a supplier transaction record'),
('2334', 'INSERT INTO audit_trail (type, trans_no, user, fiscal_year, gl_date, description, gl_seq)\n    			VALUES(&#039;22&#039;, &#039;27&#039;,1,2,&#039;2015-03-31&#039;,&#039;&#039;, 0)', '1', 'Cannot add audit info'),
('2335', 'UPDATE audit_trail SET gl_seq = NULL WHERE type=&#039;22&#039; AND trans_no=&#039;27&#039; AND id!=1089', '1', 'Cannot update audit gl_seq'),
('2336', 'INSERT INTO gl_trans ( type, type_no, tran_date,\n	account, dimension_id, dimension2_id, memo_, amount, gst, person_type_id, person_id) VALUES (&#039;22&#039;, &#039;27&#039;, &#039;2015-03-31&#039;,\n	&#039;2100&#039;, &#039;0&#039;, &#039;0&#039;, &#039;&#039;, &#039;55&#039;, &#039;&#039;, &#039;3&#039;, &#039;2&#039;) ', '1', 'The supplier GL transaction could not be inserted'),
('2337', 'INSERT INTO gl_trans ( type, type_no, tran_date,\n	account, dimension_id, dimension2_id, memo_, amount, gst, person_type_id, person_id) VALUES (&#039;22&#039;, &#039;27&#039;, &#039;2015-03-31&#039;,\n	&#039;1065&#039;, &#039;0&#039;, &#039;0&#039;, &#039;&#039;, &#039;-55&#039;, &#039;&#039;, &#039;3&#039;, &#039;2&#039;) ', '1', 'The GL transaction could not be inserted'),
('2338', 'INSERT INTO bank_trans (type, trans_no, bank_act, ref,\n		trans_date, amount, person_type_id, person_id, tax_inclusive, cheque) VALUES (22, 27, &#039;2&#039;, &#039;23&#039;, &#039;2015-03-31&#039;,\n		&#039;-55&#039;, &#039;3&#039;, &#039;2&#039;, &#039;&#039;, &#039;&#039; )', '1', 'The bank transaction could not be inserted'),
('2339', 'REPLACE refs SET reference=&#039;23&#039;, type=&#039;22&#039;, id=&#039;27&#039;', '1', 'could not update reference entry'),
('2340', 'UPDATE sys_types SET next_reference=&#039;24&#039; WHERE type_id = &#039;22&#039;', '1', 'The next transaction ref for 22 could not be updated'),
('2341', 'COMMIT', '1', 'could not commit a transaction'),
('2342', 'BEGIN', '1', 'could not start a transaction'),
('2343', 'DELETE FROM supp_allocations\n		WHERE (trans_type_from=&#039;22&#039; AND trans_no_from=&#039;27&#039;)\n		OR (trans_type_to=&#039;22&#039; AND trans_no_to=&#039;27&#039;)', '1', 'could not void supp transactions for type=22 and trans_no=27'),
('2344', 'INSERT INTO supp_allocations (\n		amt, date_alloc,\n		trans_type_from, trans_no_from, trans_no_to, trans_type_to)\n		VALUES (&#039;55&#039;, &#039;2015-03-31&#039;, &#039;22&#039;, &#039;27&#039;, &#039;173&#039;, &#039;20&#039;)', '1', 'A supplier allocation could not be added to the database'),
('2345', 'COMMIT', '1', 'could not commit a transaction'),
('2346', 'BEGIN', '1', 'could not start a transaction'),
('2347', 'INSERT INTO supp_trans (trans_no, type, supplier_id, tran_date, due_date,\n		reference, supp_reference, ov_amount, ov_gst, rate, ov_discount, tax_included, fixed_access, cheque,reason ) VALUES (&#039;28&#039;, &#039;22&#039;, &#039;10&#039;, &#039;2015-06-30&#039;, &#039;2015-06-30&#039;,\n		&#039;24&#039;, &#039;&#039;, &#039;-1581.52&#039;, &#039;0&#039;, &#039;1&#039;, &#039;0&#039;, &#039;0&#039;, &#039;0&#039;,&#039;CASH&#039; ,&#039;&#039;)', '1', 'Cannot insert a supplier transaction record'),
('2348', 'INSERT INTO audit_trail (type, trans_no, user, fiscal_year, gl_date, description, gl_seq)\n    			VALUES(&#039;22&#039;, &#039;28&#039;,1,2,&#039;2015-06-30&#039;,&#039;&#039;, 0)', '1', 'Cannot add audit info'),
('2349', 'UPDATE audit_trail SET gl_seq = NULL WHERE type=&#039;22&#039; AND trans_no=&#039;28&#039; AND id!=1090', '1', 'Cannot update audit gl_seq'),
('2350', 'INSERT INTO gl_trans ( type, type_no, tran_date,\n	account, dimension_id, dimension2_id, memo_, amount, gst, person_type_id, person_id) VALUES (&#039;22&#039;, &#039;28&#039;, &#039;2015-06-30&#039;,\n	&#039;2100&#039;, &#039;0&#039;, &#039;0&#039;, &#039;&#039;, &#039;1581.52&#039;, &#039;&#039;, &#039;3&#039;, &#039;10&#039;) ', '1', 'The supplier GL transaction could not be inserted'),
('2351', 'INSERT INTO gl_trans ( type, type_no, tran_date,\n	account, dimension_id, dimension2_id, memo_, amount, gst, person_type_id, person_id) VALUES (&#039;22&#039;, &#039;28&#039;, &#039;2015-06-30&#039;,\n	&#039;1065&#039;, &#039;0&#039;, &#039;0&#039;, &#039;&#039;, &#039;-1581.52&#039;, &#039;&#039;, &#039;3&#039;, &#039;10&#039;) ', '1', 'The GL transaction could not be inserted'),
('2352', 'INSERT INTO bank_trans (type, trans_no, bank_act, ref,\n		trans_date, amount, person_type_id, person_id, tax_inclusive, cheque) VALUES (22, 28, &#039;2&#039;, &#039;24&#039;, &#039;2015-06-30&#039;,\n		&#039;-1581.52&#039;, &#039;3&#039;, &#039;10&#039;, &#039;&#039;, &#039;&#039; )', '1', 'The bank transaction could not be inserted'),
('2353', 'REPLACE refs SET reference=&#039;24&#039;, type=&#039;22&#039;, id=&#039;28&#039;', '1', 'could not update reference entry'),
('2354', 'UPDATE sys_types SET next_reference=&#039;25&#039; WHERE type_id = &#039;22&#039;', '1', 'The next transaction ref for 22 could not be updated'),
('2355', 'COMMIT', '1', 'could not commit a transaction'),
('2356', 'BEGIN', '1', 'could not start a transaction'),
('2357', 'DELETE FROM supp_allocations\n		WHERE (trans_type_from=&#039;22&#039; AND trans_no_from=&#039;28&#039;)\n		OR (trans_type_to=&#039;22&#039; AND trans_no_to=&#039;28&#039;)', '1', 'could not void supp transactions for type=22 and trans_no=28'),
('2358', 'INSERT INTO supp_allocations (\n		amt, date_alloc,\n		trans_type_from, trans_no_from, trans_no_to, trans_type_to)\n		VALUES (&#039;550.14&#039;, &#039;2015-06-30&#039;, &#039;22&#039;, &#039;28&#039;, &#039;186&#039;, &#039;20&#039;)', '1', 'A supplier allocation could not be added to the database'),
('2359', 'INSERT INTO supp_allocations (\n		amt, date_alloc,\n		trans_type_from, trans_no_from, trans_no_to, trans_type_to)\n		VALUES (&#039;491.84&#039;, &#039;2015-06-30&#039;, &#039;22&#039;, &#039;28&#039;, &#039;128&#039;, &#039;20&#039;)', '1', 'A supplier allocation could not be added to the database'),
('2360', 'INSERT INTO supp_allocations (\n		amt, date_alloc,\n		trans_type_from, trans_no_from, trans_no_to, trans_type_to)\n		VALUES (&#039;267.12&#039;, &#039;2015-06-30&#039;, &#039;22&#039;, &#039;28&#039;, &#039;127&#039;, &#039;20&#039;)', '1', 'A supplier allocation could not be added to the database'),
('2361', 'INSERT INTO supp_allocations (\n		amt, date_alloc,\n		trans_type_from, trans_no_from, trans_no_to, trans_type_to)\n		VALUES (&#039;272.42&#039;, &#039;2015-06-30&#039;, &#039;22&#039;, &#039;28&#039;, &#039;152&#039;, &#039;20&#039;)', '1', 'A supplier allocation could not be added to the database'),
('2362', 'COMMIT', '1', 'could not commit a transaction'),
('2363', 'BEGIN', '1', 'could not start a transaction'),
('2364', 'INSERT INTO supp_trans (trans_no, type, supplier_id, tran_date, due_date,\n		reference, supp_reference, ov_amount, ov_gst, rate, ov_discount, tax_included, fixed_access, cheque,reason ) VALUES (&#039;29&#039;, &#039;22&#039;, &#039;32&#039;, &#039;2015-07-31&#039;, &#039;2015-07-31&#039;,\n		&#039;25&#039;, &#039;&#039;, &#039;-1908&#039;, &#039;0&#039;, &#039;1&#039;, &#039;0&#039;, &#039;0&#039;, &#039;0&#039;,&#039;CASH&#039; ,&#039;&#039;)', '1', 'Cannot insert a supplier transaction record'),
('2365', 'INSERT INTO audit_trail (type, trans_no, user, fiscal_year, gl_date, description, gl_seq)\n    			VALUES(&#039;22&#039;, &#039;29&#039;,1,2,&#039;2015-07-31&#039;,&#039;&#039;, 0)', '1', 'Cannot add audit info'),
('2366', 'UPDATE audit_trail SET gl_seq = NULL WHERE type=&#039;22&#039; AND trans_no=&#039;29&#039; AND id!=1091', '1', 'Cannot update audit gl_seq'),
('2367', 'INSERT INTO gl_trans ( type, type_no, tran_date,\n	account, dimension_id, dimension2_id, memo_, amount, gst, person_type_id, person_id) VALUES (&#039;22&#039;, &#039;29&#039;, &#039;2015-07-31&#039;,\n	&#039;2100&#039;, &#039;0&#039;, &#039;0&#039;, &#039;&#039;, &#039;1908&#039;, &#039;&#039;, &#039;3&#039;, &#039;32&#039;) ', '1', 'The supplier GL transaction could not be inserted'),
('2368', 'INSERT INTO gl_trans ( type, type_no, tran_date,\n	account, dimension_id, dimension2_id, memo_, amount, gst, person_type_id, person_id) VALUES (&#039;22&#039;, &#039;29&#039;, &#039;2015-07-31&#039;,\n	&#039;1065&#039;, &#039;0&#039;, &#039;0&#039;, &#039;&#039;, &#039;-1908&#039;, &#039;&#039;, &#039;3&#039;, &#039;32&#039;) ', '1', 'The GL transaction could not be inserted'),
('2369', 'INSERT INTO bank_trans (type, trans_no, bank_act, ref,\n		trans_date, amount, person_type_id, person_id, tax_inclusive, cheque) VALUES (22, 29, &#039;2&#039;, &#039;25&#039;, &#039;2015-07-31&#039;,\n		&#039;-1908&#039;, &#039;3&#039;, &#039;32&#039;, &#039;&#039;, &#039;&#039; )', '1', 'The bank transaction could not be inserted'),
('2370', 'REPLACE refs SET reference=&#039;25&#039;, type=&#039;22&#039;, id=&#039;29&#039;', '1', 'could not update reference entry'),
('2371', 'UPDATE sys_types SET next_reference=&#039;26&#039; WHERE type_id = &#039;22&#039;', '1', 'The next transaction ref for 22 could not be updated'),
('2372', 'COMMIT', '1', 'could not commit a transaction'),
('2373', 'BEGIN', '1', 'could not start a transaction'),
('2374', 'DELETE FROM supp_allocations\n		WHERE (trans_type_from=&#039;22&#039; AND trans_no_from=&#039;29&#039;)\n		OR (trans_type_to=&#039;22&#039; AND trans_no_to=&#039;29&#039;)', '1', 'could not void supp transactions for type=22 and trans_no=29'),
('2375', 'INSERT INTO supp_allocations (\n		amt, date_alloc,\n		trans_type_from, trans_no_from, trans_no_to, trans_type_to)\n		VALUES (&#039;1908&#039;, &#039;2015-07-31&#039;, &#039;22&#039;, &#039;29&#039;, &#039;203&#039;, &#039;20&#039;)', '1', 'A supplier allocation could not be added to the database'),
('2376', 'COMMIT', '1', 'could not commit a transaction'),
('2377', 'BEGIN', '1', 'could not start a transaction'),
('2378', 'INSERT INTO supp_trans (trans_no, type, supplier_id, tran_date, due_date,\n		reference, supp_reference, ov_amount, ov_gst, rate, ov_discount, tax_included, fixed_access, cheque,reason ) VALUES (&#039;30&#039;, &#039;22&#039;, &#039;20&#039;, &#039;2015-07-31&#039;, &#039;2015-07-31&#039;,\n		&#039;26&#039;, &#039;&#039;, &#039;-227.9&#039;, &#039;0&#039;, &#039;1&#039;, &#039;0&#039;, &#039;0&#039;, &#039;0&#039;,&#039;CASH&#039; ,&#039;&#039;)', '1', 'Cannot insert a supplier transaction record'),
('2379', 'INSERT INTO audit_trail (type, trans_no, user, fiscal_year, gl_date, description, gl_seq)\n    			VALUES(&#039;22&#039;, &#039;30&#039;,1,2,&#039;2015-07-31&#039;,&#039;&#039;, 0)', '1', 'Cannot add audit info'),
('2380', 'UPDATE audit_trail SET gl_seq = NULL WHERE type=&#039;22&#039; AND trans_no=&#039;30&#039; AND id!=1092', '1', 'Cannot update audit gl_seq'),
('2381', 'INSERT INTO gl_trans ( type, type_no, tran_date,\n	account, dimension_id, dimension2_id, memo_, amount, gst, person_type_id, person_id) VALUES (&#039;22&#039;, &#039;30&#039;, &#039;2015-07-31&#039;,\n	&#039;2100&#039;, &#039;0&#039;, &#039;0&#039;, &#039;&#039;, &#039;227.9&#039;, &#039;&#039;, &#039;3&#039;, &#039;20&#039;) ', '1', 'The supplier GL transaction could not be inserted'),
('2382', 'INSERT INTO gl_trans ( type, type_no, tran_date,\n	account, dimension_id, dimension2_id, memo_, amount, gst, person_type_id, person_id) VALUES (&#039;22&#039;, &#039;30&#039;, &#039;2015-07-31&#039;,\n	&#039;1065&#039;, &#039;0&#039;, &#039;0&#039;, &#039;&#039;, &#039;-227.9&#039;, &#039;&#039;, &#039;3&#039;, &#039;20&#039;) ', '1', 'The GL transaction could not be inserted'),
('2383', 'INSERT INTO bank_trans (type, trans_no, bank_act, ref,\n		trans_date, amount, person_type_id, person_id, tax_inclusive, cheque) VALUES (22, 30, &#039;2&#039;, &#039;26&#039;, &#039;2015-07-31&#039;,\n		&#039;-227.9&#039;, &#039;3&#039;, &#039;20&#039;, &#039;&#039;, &#039;&#039; )', '1', 'The bank transaction could not be inserted'),
('2384', 'REPLACE refs SET reference=&#039;26&#039;, type=&#039;22&#039;, id=&#039;30&#039;', '1', 'could not update reference entry'),
('2385', 'UPDATE sys_types SET next_reference=&#039;27&#039; WHERE type_id = &#039;22&#039;', '1', 'The next transaction ref for 22 could not be updated'),
('2386', 'COMMIT', '1', 'could not commit a transaction'),
('2387', 'BEGIN', '1', 'could not start a transaction'),
('2388', 'DELETE FROM supp_allocations\n		WHERE (trans_type_from=&#039;22&#039; AND trans_no_from=&#039;30&#039;)\n		OR (trans_type_to=&#039;22&#039; AND trans_no_to=&#039;30&#039;)', '1', 'could not void supp transactions for type=22 and trans_no=30'),
('2389', 'INSERT INTO supp_allocations (\n		amt, date_alloc,\n		trans_type_from, trans_no_from, trans_no_to, trans_type_to)\n		VALUES (&#039;227.9&#039;, &#039;2015-07-31&#039;, &#039;22&#039;, &#039;30&#039;, &#039;202&#039;, &#039;20&#039;)', '1', 'A supplier allocation could not be added to the database'),
('2390', 'COMMIT', '1', 'could not commit a transaction'),
('2391', 'BEGIN', '1', 'could not start a transaction'),
('2392', 'INSERT INTO supp_trans (trans_no, type, supplier_id, tran_date, due_date,\n		reference, supp_reference, ov_amount, ov_gst, rate, ov_discount, tax_included, fixed_access, cheque,reason ) VALUES (&#039;31&#039;, &#039;22&#039;, &#039;18&#039;, &#039;2015-06-30&#039;, &#039;2015-06-30&#039;,\n		&#039;27&#039;, &#039;&#039;, &#039;-7844&#039;, &#039;0&#039;, &#039;1&#039;, &#039;0&#039;, &#039;0&#039;, &#039;0&#039;,&#039;CASH&#039; ,&#039;&#039;)', '1', 'Cannot insert a supplier transaction record'),
('2393', 'INSERT INTO audit_trail (type, trans_no, user, fiscal_year, gl_date, description, gl_seq)\n    			VALUES(&#039;22&#039;, &#039;31&#039;,1,2,&#039;2015-06-30&#039;,&#039;&#039;, 0)', '1', 'Cannot add audit info'),
('2394', 'UPDATE audit_trail SET gl_seq = NULL WHERE type=&#039;22&#039; AND trans_no=&#039;31&#039; AND id!=1093', '1', 'Cannot update audit gl_seq'),
('2395', 'INSERT INTO gl_trans ( type, type_no, tran_date,\n	account, dimension_id, dimension2_id, memo_, amount, gst, person_type_id, person_id) VALUES (&#039;22&#039;, &#039;31&#039;, &#039;2015-06-30&#039;,\n	&#039;2100&#039;, &#039;0&#039;, &#039;0&#039;, &#039;&#039;, &#039;7844&#039;, &#039;&#039;, &#039;3&#039;, &#039;18&#039;) ', '1', 'The supplier GL transaction could not be inserted'),
('2396', 'INSERT INTO gl_trans ( type, type_no, tran_date,\n	account, dimension_id, dimension2_id, memo_, amount, gst, person_type_id, person_id) VALUES (&#039;22&#039;, &#039;31&#039;, &#039;2015-06-30&#039;,\n	&#039;1065&#039;, &#039;0&#039;, &#039;0&#039;, &#039;&#039;, &#039;-7844&#039;, &#039;&#039;, &#039;3&#039;, &#039;18&#039;) ', '1', 'The GL transaction could not be inserted'),
('2397', 'INSERT INTO bank_trans (type, trans_no, bank_act, ref,\n		trans_date, amount, person_type_id, person_id, tax_inclusive, cheque) VALUES (22, 31, &#039;2&#039;, &#039;27&#039;, &#039;2015-06-30&#039;,\n		&#039;-7844&#039;, &#039;3&#039;, &#039;18&#039;, &#039;&#039;, &#039;&#039; )', '1', 'The bank transaction could not be inserted'),
('2398', 'REPLACE refs SET reference=&#039;27&#039;, type=&#039;22&#039;, id=&#039;31&#039;', '1', 'could not update reference entry'),
('2399', 'UPDATE sys_types SET next_reference=&#039;28&#039; WHERE type_id = &#039;22&#039;', '1', 'The next transaction ref for 22 could not be updated'),
('2400', 'COMMIT', '1', 'could not commit a transaction'),
('2401', 'BEGIN', '1', 'could not start a transaction'),
('2402', 'DELETE FROM supp_allocations\n		WHERE (trans_type_from=&#039;22&#039; AND trans_no_from=&#039;31&#039;)\n		OR (trans_type_to=&#039;22&#039; AND trans_no_to=&#039;31&#039;)', '1', 'could not void supp transactions for type=22 and trans_no=31'),
('2403', 'INSERT INTO supp_allocations (\n		amt, date_alloc,\n		trans_type_from, trans_no_from, trans_no_to, trans_type_to)\n		VALUES (&#039;7844&#039;, &#039;2015-06-30&#039;, &#039;22&#039;, &#039;31&#039;, &#039;189&#039;, &#039;20&#039;)', '1', 'A supplier allocation could not be added to the database'),
('2404', 'COMMIT', '1', 'could not commit a transaction'),
('2405', 'BEGIN', '1', 'could not start a transaction'),
('2406', 'INSERT INTO supp_trans (trans_no, type, supplier_id, tran_date, due_date,\n		reference, supp_reference, ov_amount, ov_gst, rate, ov_discount, tax_included, fixed_access, cheque,reason ) VALUES (&#039;32&#039;, &#039;22&#039;, &#039;9&#039;, &#039;2015-06-30&#039;, &#039;2015-06-30&#039;,\n		&#039;28&#039;, &#039;&#039;, &#039;-2192.38&#039;, &#039;0&#039;, &#039;1&#039;, &#039;0&#039;, &#039;0&#039;, &#039;0&#039;,&#039;CASH&#039; ,&#039;&#039;)', '1', 'Cannot insert a supplier transaction record'),
('2407', 'INSERT INTO audit_trail (type, trans_no, user, fiscal_year, gl_date, description, gl_seq)\n    			VALUES(&#039;22&#039;, &#039;32&#039;,1,2,&#039;2015-06-30&#039;,&#039;&#039;, 0)', '1', 'Cannot add audit info'),
('2408', 'UPDATE audit_trail SET gl_seq = NULL WHERE type=&#039;22&#039; AND trans_no=&#039;32&#039; AND id!=1094', '1', 'Cannot update audit gl_seq'),
('2409', 'INSERT INTO gl_trans ( type, type_no, tran_date,\n	account, dimension_id, dimension2_id, memo_, amount, gst, person_type_id, person_id) VALUES (&#039;22&#039;, &#039;32&#039;, &#039;2015-06-30&#039;,\n	&#039;2100&#039;, &#039;0&#039;, &#039;0&#039;, &#039;&#039;, &#039;2192.38&#039;, &#039;&#039;, &#039;3&#039;, &#039;9&#039;) ', '1', 'The supplier GL transaction could not be inserted'),
('2410', 'INSERT INTO gl_trans ( type, type_no, tran_date,\n	account, dimension_id, dimension2_id, memo_, amount, gst, person_type_id, person_id) VALUES (&#039;22&#039;, &#039;32&#039;, &#039;2015-06-30&#039;,\n	&#039;1065&#039;, &#039;0&#039;, &#039;0&#039;, &#039;&#039;, &#039;-2192.38&#039;, &#039;&#039;, &#039;3&#039;, &#039;9&#039;) ', '1', 'The GL transaction could not be inserted'),
('2411', 'INSERT INTO bank_trans (type, trans_no, bank_act, ref,\n		trans_date, amount, person_type_id, person_id, tax_inclusive, cheque) VALUES (22, 32, &#039;2&#039;, &#039;28&#039;, &#039;2015-06-30&#039;,\n		&#039;-2192.38&#039;, &#039;3&#039;, &#039;9&#039;, &#039;&#039;, &#039;&#039; )', '1', 'The bank transaction could not be inserted'),
('2412', 'REPLACE refs SET reference=&#039;28&#039;, type=&#039;22&#039;, id=&#039;32&#039;', '1', 'could not update reference entry'),
('2413', 'UPDATE sys_types SET next_reference=&#039;29&#039; WHERE type_id = &#039;22&#039;', '1', 'The next transaction ref for 22 could not be updated'),
('2414', 'COMMIT', '1', 'could not commit a transaction'),
('2415', 'BEGIN', '1', 'could not start a transaction'),
('2416', 'DELETE FROM supp_allocations\n		WHERE (trans_type_from=&#039;22&#039; AND trans_no_from=&#039;32&#039;)\n		OR (trans_type_to=&#039;22&#039; AND trans_no_to=&#039;32&#039;)', '1', 'could not void supp transactions for type=22 and trans_no=32'),
('2417', 'INSERT INTO supp_allocations (\n		amt, date_alloc,\n		trans_type_from, trans_no_from, trans_no_to, trans_type_to)\n		VALUES (&#039;281.2&#039;, &#039;2015-06-30&#039;, &#039;22&#039;, &#039;32&#039;, &#039;10&#039;, &#039;20&#039;)', '1', 'A supplier allocation could not be added to the database'),
('2418', 'INSERT INTO supp_allocations (\n		amt, date_alloc,\n		trans_type_from, trans_no_from, trans_no_to, trans_type_to)\n		VALUES (&#039;559.68&#039;, &#039;2015-06-30&#039;, &#039;22&#039;, &#039;32&#039;, &#039;9&#039;, &#039;20&#039;)', '1', 'A supplier allocation could not be added to the database'),
('2419', 'INSERT INTO supp_allocations (\n		amt, date_alloc,\n		trans_type_from, trans_no_from, trans_no_to, trans_type_to)\n		VALUES (&#039;466.4&#039;, &#039;2015-06-30&#039;, &#039;22&#039;, &#039;32&#039;, &#039;8&#039;, &#039;20&#039;)', '1', 'A supplier allocation could not be added to the database'),
('2420', 'INSERT INTO supp_allocations (\n		amt, date_alloc,\n		trans_type_from, trans_no_from, trans_no_to, trans_type_to)\n		VALUES (&#039;530&#039;, &#039;2015-06-30&#039;, &#039;22&#039;, &#039;32&#039;, &#039;7&#039;, &#039;20&#039;)', '1', 'A supplier allocation could not be added to the database'),
('2421', 'INSERT INTO supp_allocations (\n		amt, date_alloc,\n		trans_type_from, trans_no_from, trans_no_to, trans_type_to)\n		VALUES (&#039;275.6&#039;, &#039;2015-06-30&#039;, &#039;22&#039;, &#039;32&#039;, &#039;159&#039;, &#039;20&#039;)', '1', 'A supplier allocation could not be added to the database'),
('2422', 'INSERT INTO supp_allocations (\n		amt, date_alloc,\n		trans_type_from, trans_no_from, trans_no_to, trans_type_to)\n		VALUES (&#039;79.5&#039;, &#039;2015-06-30&#039;, &#039;22&#039;, &#039;32&#039;, &#039;135&#039;, &#039;20&#039;)', '1', 'A supplier allocation could not be added to the database'),
('2423', 'COMMIT', '1', 'could not commit a transaction'),
('2424', 'BEGIN', '1', 'could not start a transaction'),
('2425', 'INSERT INTO supp_trans (trans_no, type, supplier_id, tran_date, due_date,\n		reference, supp_reference, ov_amount, ov_gst, rate, ov_discount, tax_included, fixed_access, cheque,reason ) VALUES (&#039;33&#039;, &#039;22&#039;, &#039;33&#039;, &#039;2015-04-30&#039;, &#039;2015-04-30&#039;,\n		&#039;29&#039;, &#039;&#039;, &#039;-6630.3&#039;, &#039;0&#039;, &#039;1&#039;, &#039;0&#039;, &#039;0&#039;, &#039;0&#039;,&#039;cash&#039; ,&#039;&#039;)', '1', 'Cannot insert a supplier transaction record'),
('2426', 'INSERT INTO audit_trail (type, trans_no, user, fiscal_year, gl_date, description, gl_seq)\n    			VALUES(&#039;22&#039;, &#039;33&#039;,1,2,&#039;2015-04-30&#039;,&#039;&#039;, 0)', '1', 'Cannot add audit info'),
('2427', 'UPDATE audit_trail SET gl_seq = NULL WHERE type=&#039;22&#039; AND trans_no=&#039;33&#039; AND id!=1095', '1', 'Cannot update audit gl_seq'),
('2428', 'INSERT INTO gl_trans ( type, type_no, tran_date,\n	account, dimension_id, dimension2_id, memo_, amount, gst, person_type_id, person_id) VALUES (&#039;22&#039;, &#039;33&#039;, &#039;2015-04-30&#039;,\n	&#039;2100&#039;, &#039;0&#039;, &#039;0&#039;, &#039;&#039;, &#039;6630.3&#039;, &#039;&#039;, &#039;3&#039;, &#039;33&#039;) ', '1', 'The supplier GL transaction could not be inserted'),
('2429', 'INSERT INTO gl_trans ( type, type_no, tran_date,\n	account, dimension_id, dimension2_id, memo_, amount, gst, person_type_id, person_id) VALUES (&#039;22&#039;, &#039;33&#039;, &#039;2015-04-30&#039;,\n	&#039;1065&#039;, &#039;0&#039;, &#039;0&#039;, &#039;&#039;, &#039;-6630.3&#039;, &#039;&#039;, &#039;3&#039;, &#039;33&#039;) ', '1', 'The GL transaction could not be inserted'),
('2430', 'INSERT INTO bank_trans (type, trans_no, bank_act, ref,\n		trans_date, amount, person_type_id, person_id, tax_inclusive, cheque) VALUES (22, 33, &#039;2&#039;, &#039;29&#039;, &#039;2015-04-30&#039;,\n		&#039;-6630.3&#039;, &#039;3&#039;, &#039;33&#039;, &#039;&#039;, &#039;&#039; )', '1', 'The bank transaction could not be inserted'),
('2431', 'REPLACE refs SET reference=&#039;29&#039;, type=&#039;22&#039;, id=&#039;33&#039;', '1', 'could not update reference entry'),
('2432', 'UPDATE sys_types SET next_reference=&#039;30&#039; WHERE type_id = &#039;22&#039;', '1', 'The next transaction ref for 22 could not be updated'),
('2433', 'COMMIT', '1', 'could not commit a transaction'),
('2434', 'BEGIN', '1', 'could not start a transaction'),
('2435', 'DELETE FROM supp_allocations\n		WHERE (trans_type_from=&#039;22&#039; AND trans_no_from=&#039;33&#039;)\n		OR (trans_type_to=&#039;22&#039; AND trans_no_to=&#039;33&#039;)', '1', 'could not void supp transactions for type=22 and trans_no=33'),
('2436', 'INSERT INTO supp_allocations (\n		amt, date_alloc,\n		trans_type_from, trans_no_from, trans_no_to, trans_type_to)\n		VALUES (&#039;6630.3&#039;, &#039;2015-04-30&#039;, &#039;22&#039;, &#039;33&#039;, &#039;204&#039;, &#039;20&#039;)', '1', 'A supplier allocation could not be added to the database'),
('2437', 'COMMIT', '1', 'could not commit a transaction'),
('2438', 'BEGIN', '1', 'could not start a transaction'),
('2439', 'INSERT INTO supp_trans (trans_no, type, supplier_id, tran_date, due_date,\n		reference, supp_reference, ov_amount, ov_gst, rate, ov_discount, tax_included, fixed_access, cheque,reason ) VALUES (&#039;34&#039;, &#039;22&#039;, &#039;13&#039;, &#039;2015-03-31&#039;, &#039;2015-03-31&#039;,\n		&#039;30&#039;, &#039;&#039;, &#039;-24&#039;, &#039;0&#039;, &#039;1&#039;, &#039;0&#039;, &#039;0&#039;, &#039;0&#039;,&#039;CASH&#039; ,&#039;&#039;)', '1', 'Cannot insert a supplier transaction record'),
('2440', 'INSERT INTO audit_trail (type, trans_no, user, fiscal_year, gl_date, description, gl_seq)\n    			VALUES(&#039;22&#039;, &#039;34&#039;,1,2,&#039;2015-03-31&#039;,&#039;&#039;, 0)', '1', 'Cannot add audit info'),
('2441', 'UPDATE audit_trail SET gl_seq = NULL WHERE type=&#039;22&#039; AND trans_no=&#039;34&#039; AND id!=1096', '1', 'Cannot update audit gl_seq'),
('2442', 'INSERT INTO gl_trans ( type, type_no, tran_date,\n	account, dimension_id, dimension2_id, memo_, amount, gst, person_type_id, person_id) VALUES (&#039;22&#039;, &#039;34&#039;, &#039;2015-03-31&#039;,\n	&#039;2100&#039;, &#039;0&#039;, &#039;0&#039;, &#039;&#039;, &#039;24&#039;, &#039;&#039;, &#039;3&#039;, &#039;13&#039;) ', '1', 'The supplier GL transaction could not be inserted'),
('2443', 'INSERT INTO gl_trans ( type, type_no, tran_date,\n	account, dimension_id, dimension2_id, memo_, amount, gst, person_type_id, person_id) VALUES (&#039;22&#039;, &#039;34&#039;, &#039;2015-03-31&#039;,\n	&#039;1065&#039;, &#039;0&#039;, &#039;0&#039;, &#039;&#039;, &#039;-24&#039;, &#039;&#039;, &#039;3&#039;, &#039;13&#039;) ', '1', 'The GL transaction could not be inserted'),
('2444', 'INSERT INTO bank_trans (type, trans_no, bank_act, ref,\n		trans_date, amount, person_type_id, person_id, tax_inclusive, cheque) VALUES (22, 34, &#039;2&#039;, &#039;30&#039;, &#039;2015-03-31&#039;,\n		&#039;-24&#039;, &#039;3&#039;, &#039;13&#039;, &#039;&#039;, &#039;&#039; )', '1', 'The bank transaction could not be inserted'),
('2445', 'REPLACE refs SET reference=&#039;30&#039;, type=&#039;22&#039;, id=&#039;34&#039;', '1', 'could not update reference entry'),
('2446', 'UPDATE sys_types SET next_reference=&#039;31&#039; WHERE type_id = &#039;22&#039;', '1', 'The next transaction ref for 22 could not be updated'),
('2447', 'COMMIT', '1', 'could not commit a transaction'),
('2448', 'BEGIN', '1', 'could not start a transaction'),
('2449', 'DELETE FROM supp_allocations\n		WHERE (trans_type_from=&#039;22&#039; AND trans_no_from=&#039;34&#039;)\n		OR (trans_type_to=&#039;22&#039; AND trans_no_to=&#039;34&#039;)', '1', 'could not void supp transactions for type=22 and trans_no=34'),
('2450', 'INSERT INTO supp_allocations (\n		amt, date_alloc,\n		trans_type_from, trans_no_from, trans_no_to, trans_type_to)\n		VALUES (&#039;24&#039;, &#039;2015-03-31&#039;, &#039;22&#039;, &#039;34&#039;, &#039;174&#039;, &#039;20&#039;)', '1', 'A supplier allocation could not be added to the database'),
('2451', 'COMMIT', '1', 'could not commit a transaction'),
('2452', 'BEGIN', '1', 'could not start a transaction'),
('2453', 'INSERT INTO supp_trans (trans_no, type, supplier_id, tran_date, due_date,\n		reference, supp_reference, ov_amount, ov_gst, rate, ov_discount, tax_included, fixed_access, cheque,reason ) VALUES (&#039;35&#039;, &#039;22&#039;, &#039;5&#039;, &#039;2015-01-31&#039;, &#039;2015-01-31&#039;,\n		&#039;31&#039;, &#039;&#039;, &#039;-8598&#039;, &#039;0&#039;, &#039;1&#039;, &#039;0&#039;, &#039;0&#039;, &#039;0&#039;,&#039;CASH&#039; ,&#039;&#039;)', '1', 'Cannot insert a supplier transaction record'),
('2454', 'INSERT INTO audit_trail (type, trans_no, user, fiscal_year, gl_date, description, gl_seq)\n    			VALUES(&#039;22&#039;, &#039;35&#039;,1,2,&#039;2015-01-31&#039;,&#039;&#039;, 0)', '1', 'Cannot add audit info'),
('2455', 'UPDATE audit_trail SET gl_seq = NULL WHERE type=&#039;22&#039; AND trans_no=&#039;35&#039; AND id!=1097', '1', 'Cannot update audit gl_seq'),
('2456', 'INSERT INTO gl_trans ( type, type_no, tran_date,\n	account, dimension_id, dimension2_id, memo_, amount, gst, person_type_id, person_id) VALUES (&#039;22&#039;, &#039;35&#039;, &#039;2015-01-31&#039;,\n	&#039;2100&#039;, &#039;0&#039;, &#039;0&#039;, &#039;&#039;, &#039;8598&#039;, &#039;&#039;, &#039;3&#039;, &#039;5&#039;) ', '1', 'The supplier GL transaction could not be inserted'),
('2457', 'INSERT INTO gl_trans ( type, type_no, tran_date,\n	account, dimension_id, dimension2_id, memo_, amount, gst, person_type_id, person_id) VALUES (&#039;22&#039;, &#039;35&#039;, &#039;2015-01-31&#039;,\n	&#039;1065&#039;, &#039;0&#039;, &#039;0&#039;, &#039;&#039;, &#039;-8598&#039;, &#039;&#039;, &#039;3&#039;, &#039;5&#039;) ', '1', 'The GL transaction could not be inserted'),
('2458', 'INSERT INTO bank_trans (type, trans_no, bank_act, ref,\n		trans_date, amount, person_type_id, person_id, tax_inclusive, cheque) VALUES (22, 35, &#039;2&#039;, &#039;31&#039;, &#039;2015-01-31&#039;,\n		&#039;-8598&#039;, &#039;3&#039;, &#039;5&#039;, &#039;&#039;, &#039;&#039; )', '1', 'The bank transaction could not be inserted'),
('2459', 'REPLACE refs SET reference=&#039;31&#039;, type=&#039;22&#039;, id=&#039;35&#039;', '1', 'could not update reference entry'),
('2460', 'UPDATE sys_types SET next_reference=&#039;32&#039; WHERE type_id = &#039;22&#039;', '1', 'The next transaction ref for 22 could not be updated'),
('2461', 'COMMIT', '1', 'could not commit a transaction'),
('2462', 'BEGIN', '1', 'could not start a transaction'),
('2463', 'DELETE FROM supp_allocations\n		WHERE (trans_type_from=&#039;22&#039; AND trans_no_from=&#039;35&#039;)\n		OR (trans_type_to=&#039;22&#039; AND trans_no_to=&#039;35&#039;)', '1', 'could not void supp transactions for type=22 and trans_no=35'),
('2464', 'INSERT INTO supp_allocations (\n		amt, date_alloc,\n		trans_type_from, trans_no_from, trans_no_to, trans_type_to)\n		VALUES (&#039;868&#039;, &#039;2015-01-31&#039;, &#039;22&#039;, &#039;35&#039;, &#039;121&#039;, &#039;20&#039;)', '1', 'A supplier allocation could not be added to the database'),
('2465', 'INSERT INTO supp_allocations (\n		amt, date_alloc,\n		trans_type_from, trans_no_from, trans_no_to, trans_type_to)\n		VALUES (&#039;400&#039;, &#039;2015-01-31&#039;, &#039;22&#039;, &#039;35&#039;, &#039;119&#039;, &#039;20&#039;)', '1', 'A supplier allocation could not be added to the database'),
('2466', 'INSERT INTO supp_allocations (\n		amt, date_alloc,\n		trans_type_from, trans_no_from, trans_no_to, trans_type_to)\n		VALUES (&#039;442&#039;, &#039;2015-01-31&#039;, &#039;22&#039;, &#039;35&#039;, &#039;120&#039;, &#039;20&#039;)', '1', 'A supplier allocation could not be added to the database'),
('2467', 'INSERT INTO supp_allocations (\n		amt, date_alloc,\n		trans_type_from, trans_no_from, trans_no_to, trans_type_to)\n		VALUES (&#039;1736&#039;, &#039;2015-01-31&#039;, &#039;22&#039;, &#039;35&#039;, &#039;118&#039;, &#039;20&#039;)', '1', 'A supplier allocation could not be added to the database'),
('2468', 'INSERT INTO supp_allocations (\n		amt, date_alloc,\n		trans_type_from, trans_no_from, trans_no_to, trans_type_to)\n		VALUES (&#039;138&#039;, &#039;2015-01-31&#039;, &#039;22&#039;, &#039;35&#039;, &#039;117&#039;, &#039;20&#039;)', '1', 'A supplier allocation could not be added to the database'),
('2469', 'INSERT INTO supp_allocations (\n		amt, date_alloc,\n		trans_type_from, trans_no_from, trans_no_to, trans_type_to)\n		VALUES (&#039;702.5&#039;, &#039;2015-01-31&#039;, &#039;22&#039;, &#039;35&#039;, &#039;116&#039;, &#039;20&#039;)', '1', 'A supplier allocation could not be added to the database'),
('2470', 'INSERT INTO supp_allocations (\n		amt, date_alloc,\n		trans_type_from, trans_no_from, trans_no_to, trans_type_to)\n		VALUES (&#039;392&#039;, &#039;2015-01-31&#039;, &#039;22&#039;, &#039;35&#039;, &#039;115&#039;, &#039;20&#039;)', '1', 'A supplier allocation could not be added to the database'),
('2471', 'INSERT INTO supp_allocations (\n		amt, date_alloc,\n		trans_type_from, trans_no_from, trans_no_to, trans_type_to)\n		VALUES (&#039;395&#039;, &#039;2015-01-31&#039;, &#039;22&#039;, &#039;35&#039;, &#039;114&#039;, &#039;20&#039;)', '1', 'A supplier allocation could not be added to the database'),
('2472', 'INSERT INTO supp_allocations (\n		amt, date_alloc,\n		trans_type_from, trans_no_from, trans_no_to, trans_type_to)\n		VALUES (&#039;1464&#039;, &#039;2015-01-31&#039;, &#039;22&#039;, &#039;35&#039;, &#039;113&#039;, &#039;20&#039;)', '1', 'A supplier allocation could not be added to the database'),
('2473', 'INSERT INTO supp_allocations (\n		amt, date_alloc,\n		trans_type_from, trans_no_from, trans_no_to, trans_type_to)\n		VALUES (&#039;320&#039;, &#039;2015-01-31&#039;, &#039;22&#039;, &#039;35&#039;, &#039;112&#039;, &#039;20&#039;)', '1', 'A supplier allocation could not be added to the database'),
('2474', 'INSERT INTO supp_allocations (\n		amt, date_alloc,\n		trans_type_from, trans_no_from, trans_no_to, trans_type_to)\n		VALUES (&#039;520&#039;, &#039;2015-01-31&#039;, &#039;22&#039;, &#039;35&#039;, &#039;111&#039;, &#039;20&#039;)', '1', 'A supplier allocation could not be added to the database'),
('2475', 'INSERT INTO supp_allocations (\n		amt, date_alloc,\n		trans_type_from, trans_no_from, trans_no_to, trans_type_to)\n		VALUES (&#039;987.5&#039;, &#039;2015-01-31&#039;, &#039;22&#039;, &#039;35&#039;, &#039;110&#039;, &#039;20&#039;)', '1', 'A supplier allocation could not be added to the database'),
('2476', 'INSERT INTO supp_allocations (\n		amt, date_alloc,\n		trans_type_from, trans_no_from, trans_no_to, trans_type_to)\n		VALUES (&#039;233&#039;, &#039;2015-01-31&#039;, &#039;22&#039;, &#039;35&#039;, &#039;109&#039;, &#039;20&#039;)', '1', 'A supplier allocation could not be added to the database'),
('2477', 'COMMIT', '1', 'could not commit a transaction'),
('2478', 'BEGIN', '1', 'could not start a transaction'),
('2479', 'INSERT INTO supp_trans (trans_no, type, supplier_id, tran_date, due_date,\n		reference, supp_reference, ov_amount, ov_gst, rate, ov_discount, tax_included, fixed_access, cheque,reason ) VALUES (&#039;36&#039;, &#039;22&#039;, &#039;5&#039;, &#039;2015-02-28&#039;, &#039;2015-02-28&#039;,\n		&#039;32&#039;, &#039;&#039;, &#039;-6619.4&#039;, &#039;0&#039;, &#039;1&#039;, &#039;0&#039;, &#039;0&#039;, &#039;0&#039;,&#039;CASH&#039; ,&#039;&#039;)', '1', 'Cannot insert a supplier transaction record'),
('2480', 'INSERT INTO audit_trail (type, trans_no, user, fiscal_year, gl_date, description, gl_seq)\n    			VALUES(&#039;22&#039;, &#039;36&#039;,1,2,&#039;2015-02-28&#039;,&#039;&#039;, 0)', '1', 'Cannot add audit info'),
('2481', 'UPDATE audit_trail SET gl_seq = NULL WHERE type=&#039;22&#039; AND trans_no=&#039;36&#039; AND id!=1098', '1', 'Cannot update audit gl_seq'),
('2482', 'INSERT INTO gl_trans ( type, type_no, tran_date,\n	account, dimension_id, dimension2_id, memo_, amount, gst, person_type_id, person_id) VALUES (&#039;22&#039;, &#039;36&#039;, &#039;2015-02-28&#039;,\n	&#039;2100&#039;, &#039;0&#039;, &#039;0&#039;, &#039;&#039;, &#039;6619.4&#039;, &#039;&#039;, &#039;3&#039;, &#039;5&#039;) ', '1', 'The supplier GL transaction could not be inserted'),
('2483', 'INSERT INTO gl_trans ( type, type_no, tran_date,\n	account, dimension_id, dimension2_id, memo_, amount, gst, person_type_id, person_id) VALUES (&#039;22&#039;, &#039;36&#039;, &#039;2015-02-28&#039;,\n	&#039;1065&#039;, &#039;0&#039;, &#039;0&#039;, &#039;&#039;, &#039;-6619.4&#039;, &#039;&#039;, &#039;3&#039;, &#039;5&#039;) ', '1', 'The GL transaction could not be inserted'),
('2484', 'INSERT INTO bank_trans (type, trans_no, bank_act, ref,\n		trans_date, amount, person_type_id, person_id, tax_inclusive, cheque) VALUES (22, 36, &#039;2&#039;, &#039;32&#039;, &#039;2015-02-28&#039;,\n		&#039;-6619.4&#039;, &#039;3&#039;, &#039;5&#039;, &#039;&#039;, &#039;&#039; )', '1', 'The bank transaction could not be inserted'),
('2485', 'REPLACE refs SET reference=&#039;32&#039;, type=&#039;22&#039;, id=&#039;36&#039;', '1', 'could not update reference entry'),
('2486', 'UPDATE sys_types SET next_reference=&#039;33&#039; WHERE type_id = &#039;22&#039;', '1', 'The next transaction ref for 22 could not be updated'),
('2487', 'COMMIT', '1', 'could not commit a transaction'),
('2488', 'BEGIN', '1', 'could not start a transaction'),
('2489', 'DELETE FROM supp_allocations\n		WHERE (trans_type_from=&#039;22&#039; AND trans_no_from=&#039;36&#039;)\n		OR (trans_type_to=&#039;22&#039; AND trans_no_to=&#039;36&#039;)', '1', 'could not void supp transactions for type=22 and trans_no=36'),
('2490', 'INSERT INTO supp_allocations (\n		amt, date_alloc,\n		trans_type_from, trans_no_from, trans_no_to, trans_type_to)\n		VALUES (&#039;395&#039;, &#039;2015-02-28&#039;, &#039;22&#039;, &#039;36&#039;, &#039;107&#039;, &#039;20&#039;)', '1', 'A supplier allocation could not be added to the database'),
('2491', 'INSERT INTO supp_allocations (\n		amt, date_alloc,\n		trans_type_from, trans_no_from, trans_no_to, trans_type_to)\n		VALUES (&#039;628&#039;, &#039;2015-02-28&#039;, &#039;22&#039;, &#039;36&#039;, &#039;108&#039;, &#039;20&#039;)', '1', 'A supplier allocation could not be added to the database'),
('2492', 'INSERT INTO supp_allocations (\n		amt, date_alloc,\n		trans_type_from, trans_no_from, trans_no_to, trans_type_to)\n		VALUES (&#039;547.2&#039;, &#039;2015-02-28&#039;, &#039;22&#039;, &#039;36&#039;, &#039;105&#039;, &#039;20&#039;)', '1', 'A supplier allocation could not be added to the database'),
('2493', 'INSERT INTO supp_allocations (\n		amt, date_alloc,\n		trans_type_from, trans_no_from, trans_no_to, trans_type_to)\n		VALUES (&#039;552&#039;, &#039;2015-02-28&#039;, &#039;22&#039;, &#039;36&#039;, &#039;106&#039;, &#039;20&#039;)', '1', 'A supplier allocation could not be added to the database'),
('2494', 'INSERT INTO supp_allocations (\n		amt, date_alloc,\n		trans_type_from, trans_no_from, trans_no_to, trans_type_to)\n		VALUES (&#039;330&#039;, &#039;2015-02-28&#039;, &#039;22&#039;, &#039;36&#039;, &#039;104&#039;, &#039;20&#039;)', '1', 'A supplier allocation could not be added to the database'),
('2495', 'INSERT INTO supp_allocations (\n		amt, date_alloc,\n		trans_type_from, trans_no_from, trans_no_to, trans_type_to)\n		VALUES (&#039;440&#039;, &#039;2015-02-28&#039;, &#039;22&#039;, &#039;36&#039;, &#039;103&#039;, &#039;20&#039;)', '1', 'A supplier allocation could not be added to the database'),
('2496', 'INSERT INTO supp_allocations (\n		amt, date_alloc,\n		trans_type_from, trans_no_from, trans_no_to, trans_type_to)\n		VALUES (&#039;936&#039;, &#039;2015-02-28&#039;, &#039;22&#039;, &#039;36&#039;, &#039;101&#039;, &#039;20&#039;)', '1', 'A supplier allocation could not be added to the database'),
('2497', 'INSERT INTO supp_allocations (\n		amt, date_alloc,\n		trans_type_from, trans_no_from, trans_no_to, trans_type_to)\n		VALUES (&#039;150&#039;, &#039;2015-02-28&#039;, &#039;22&#039;, &#039;36&#039;, &#039;102&#039;, &#039;20&#039;)', '1', 'A supplier allocation could not be added to the database'),
('2498', 'INSERT INTO supp_allocations (\n		amt, date_alloc,\n		trans_type_from, trans_no_from, trans_no_to, trans_type_to)\n		VALUES (&#039;265&#039;, &#039;2015-02-28&#039;, &#039;22&#039;, &#039;36&#039;, &#039;100&#039;, &#039;20&#039;)', '1', 'A supplier allocation could not be added to the database'),
('2499', 'INSERT INTO supp_allocations (\n		amt, date_alloc,\n		trans_type_from, trans_no_from, trans_no_to, trans_type_to)\n		VALUES (&#039;547.2&#039;, &#039;2015-02-28&#039;, &#039;22&#039;, &#039;36&#039;, &#039;99&#039;, &#039;20&#039;)', '1', 'A supplier allocation could not be added to the database'),
('2500', 'INSERT INTO supp_allocations (\n		amt, date_alloc,\n		trans_type_from, trans_no_from, trans_no_to, trans_type_to)\n		VALUES (&#039;770&#039;, &#039;2015-02-28&#039;, &#039;22&#039;, &#039;36&#039;, &#039;98&#039;, &#039;20&#039;)', '1', 'A supplier allocation could not be added to the database'),
('2501', 'INSERT INTO supp_allocations (\n		amt, date_alloc,\n		trans_type_from, trans_no_from, trans_no_to, trans_type_to)\n		VALUES (&#039;457&#039;, &#039;2015-02-28&#039;, &#039;22&#039;, &#039;36&#039;, &#039;185&#039;, &#039;20&#039;)', '1', 'A supplier allocation could not be added to the database'),
('2502', 'INSERT INTO supp_allocations (\n		amt, date_alloc,\n		trans_type_from, trans_no_from, trans_no_to, trans_type_to)\n		VALUES (&#039;266&#039;, &#039;2015-02-28&#039;, &#039;22&#039;, &#039;36&#039;, &#039;96&#039;, &#039;20&#039;)', '1', 'A supplier allocation could not be added to the database'),
('2503', 'INSERT INTO supp_allocations (\n		amt, date_alloc,\n		trans_type_from, trans_no_from, trans_no_to, trans_type_to)\n		VALUES (&#039;336&#039;, &#039;2015-02-28&#039;, &#039;22&#039;, &#039;36&#039;, &#039;95&#039;, &#039;20&#039;)', '1', 'A supplier allocation could not be added to the database'),
('2504', 'COMMIT', '1', 'could not commit a transaction'),
('2505', 'BEGIN', '1', 'could not start a transaction'),
('2506', 'INSERT INTO supp_trans (trans_no, type, supplier_id, tran_date, due_date,\n		reference, supp_reference, ov_amount, ov_gst, rate, ov_discount, tax_included, fixed_access, cheque,reason ) VALUES (&#039;37&#039;, &#039;22&#039;, &#039;5&#039;, &#039;2015-03-31&#039;, &#039;2015-03-31&#039;,\n		&#039;33&#039;, &#039;&#039;, &#039;-7716.7&#039;, &#039;0&#039;, &#039;1&#039;, &#039;0&#039;, &#039;0&#039;, &#039;0&#039;,&#039;CASH&#039; ,&#039;&#039;)', '1', 'Cannot insert a supplier transaction record'),
('2507', 'INSERT INTO audit_trail (type, trans_no, user, fiscal_year, gl_date, description, gl_seq)\n    			VALUES(&#039;22&#039;, &#039;37&#039;,1,2,&#039;2015-03-31&#039;,&#039;&#039;, 0)', '1', 'Cannot add audit info'),
('2508', 'UPDATE audit_trail SET gl_seq = NULL WHERE type=&#039;22&#039; AND trans_no=&#039;37&#039; AND id!=1099', '1', 'Cannot update audit gl_seq'),
('2509', 'INSERT INTO gl_trans ( type, type_no, tran_date,\n	account, dimension_id, dimension2_id, memo_, amount, gst, person_type_id, person_id) VALUES (&#039;22&#039;, &#039;37&#039;, &#039;2015-03-31&#039;,\n	&#039;2100&#039;, &#039;0&#039;, &#039;0&#039;, &#039;&#039;, &#039;7716.7&#039;, &#039;&#039;, &#039;3&#039;, &#039;5&#039;) ', '1', 'The supplier GL transaction could not be inserted'),
('2510', 'INSERT INTO gl_trans ( type, type_no, tran_date,\n	account, dimension_id, dimension2_id, memo_, amount, gst, person_type_id, person_id) VALUES (&#039;22&#039;, &#039;37&#039;, &#039;2015-03-31&#039;,\n	&#039;1065&#039;, &#039;0&#039;, &#039;0&#039;, &#039;&#039;, &#039;-7716.7&#039;, &#039;&#039;, &#039;3&#039;, &#039;5&#039;) ', '1', 'The GL transaction could not be inserted'),
('2511', 'INSERT INTO bank_trans (type, trans_no, bank_act, ref,\n		trans_date, amount, person_type_id, person_id, tax_inclusive, cheque) VALUES (22, 37, &#039;2&#039;, &#039;33&#039;, &#039;2015-03-31&#039;,\n		&#039;-7716.7&#039;, &#039;3&#039;, &#039;5&#039;, &#039;&#039;, &#039;&#039; )', '1', 'The bank transaction could not be inserted'),
('2512', 'REPLACE refs SET reference=&#039;33&#039;, type=&#039;22&#039;, id=&#039;37&#039;', '1', 'could not update reference entry'),
('2513', 'UPDATE sys_types SET next_reference=&#039;34&#039; WHERE type_id = &#039;22&#039;', '1', 'The next transaction ref for 22 could not be updated'),
('2514', 'COMMIT', '1', 'could not commit a transaction'),
('2515', 'BEGIN', '1', 'could not start a transaction'),
('2516', 'DELETE FROM supp_allocations\n		WHERE (trans_type_from=&#039;22&#039; AND trans_no_from=&#039;37&#039;)\n		OR (trans_type_to=&#039;22&#039; AND trans_no_to=&#039;37&#039;)', '1', 'could not void supp transactions for type=22 and trans_no=37'),
('2517', 'INSERT INTO supp_allocations (\n		amt, date_alloc,\n		trans_type_from, trans_no_from, trans_no_to, trans_type_to)\n		VALUES (&#039;283&#039;, &#039;2015-03-31&#039;, &#039;22&#039;, &#039;37&#039;, &#039;94&#039;, &#039;20&#039;)', '1', 'A supplier allocation could not be added to the database'),
('2518', 'INSERT INTO supp_allocations (\n		amt, date_alloc,\n		trans_type_from, trans_no_from, trans_no_to, trans_type_to)\n		VALUES (&#039;480&#039;, &#039;2015-03-31&#039;, &#039;22&#039;, &#039;37&#039;, &#039;93&#039;, &#039;20&#039;)', '1', 'A supplier allocation could not be added to the database'),
('2519', 'INSERT INTO supp_allocations (\n		amt, date_alloc,\n		trans_type_from, trans_no_from, trans_no_to, trans_type_to)\n		VALUES (&#039;1299&#039;, &#039;2015-03-31&#039;, &#039;22&#039;, &#039;37&#039;, &#039;91&#039;, &#039;20&#039;)', '1', 'A supplier allocation could not be added to the database'),
('2520', 'INSERT INTO supp_allocations (\n		amt, date_alloc,\n		trans_type_from, trans_no_from, trans_no_to, trans_type_to)\n		VALUES (&#039;1020&#039;, &#039;2015-03-31&#039;, &#039;22&#039;, &#039;37&#039;, &#039;92&#039;, &#039;20&#039;)', '1', 'A supplier allocation could not be added to the database'),
('2521', 'INSERT INTO supp_allocations (\n		amt, date_alloc,\n		trans_type_from, trans_no_from, trans_no_to, trans_type_to)\n		VALUES (&#039;360&#039;, &#039;2015-03-31&#039;, &#039;22&#039;, &#039;37&#039;, &#039;90&#039;, &#039;20&#039;)', '1', 'A supplier allocation could not be added to the database'),
('2522', 'INSERT INTO supp_allocations (\n		amt, date_alloc,\n		trans_type_from, trans_no_from, trans_no_to, trans_type_to)\n		VALUES (&#039;240&#039;, &#039;2015-03-31&#039;, &#039;22&#039;, &#039;37&#039;, &#039;89&#039;, &#039;20&#039;)', '1', 'A supplier allocation could not be added to the database'),
('2523', 'INSERT INTO supp_allocations (\n		amt, date_alloc,\n		trans_type_from, trans_no_from, trans_no_to, trans_type_to)\n		VALUES (&#039;480&#039;, &#039;2015-03-31&#039;, &#039;22&#039;, &#039;37&#039;, &#039;88&#039;, &#039;20&#039;)', '1', 'A supplier allocation could not be added to the database');
INSERT INTO `sql_trail` VALUES
('2524', 'INSERT INTO supp_allocations (\n		amt, date_alloc,\n		trans_type_from, trans_no_from, trans_no_to, trans_type_to)\n		VALUES (&#039;498&#039;, &#039;2015-03-31&#039;, &#039;22&#039;, &#039;37&#039;, &#039;87&#039;, &#039;20&#039;)', '1', 'A supplier allocation could not be added to the database'),
('2525', 'INSERT INTO supp_allocations (\n		amt, date_alloc,\n		trans_type_from, trans_no_from, trans_no_to, trans_type_to)\n		VALUES (&#039;505&#039;, &#039;2015-03-31&#039;, &#039;22&#039;, &#039;37&#039;, &#039;86&#039;, &#039;20&#039;)', '1', 'A supplier allocation could not be added to the database'),
('2526', 'INSERT INTO supp_allocations (\n		amt, date_alloc,\n		trans_type_from, trans_no_from, trans_no_to, trans_type_to)\n		VALUES (&#039;618&#039;, &#039;2015-03-31&#039;, &#039;22&#039;, &#039;37&#039;, &#039;182&#039;, &#039;20&#039;)', '1', 'A supplier allocation could not be added to the database'),
('2527', 'INSERT INTO supp_allocations (\n		amt, date_alloc,\n		trans_type_from, trans_no_from, trans_no_to, trans_type_to)\n		VALUES (&#039;129&#039;, &#039;2015-03-31&#039;, &#039;22&#039;, &#039;37&#039;, &#039;183&#039;, &#039;20&#039;)', '1', 'A supplier allocation could not be added to the database'),
('2528', 'INSERT INTO supp_allocations (\n		amt, date_alloc,\n		trans_type_from, trans_no_from, trans_no_to, trans_type_to)\n		VALUES (&#039;1200&#039;, &#039;2015-03-31&#039;, &#039;22&#039;, &#039;37&#039;, &#039;83&#039;, &#039;20&#039;)', '1', 'A supplier allocation could not be added to the database'),
('2529', 'INSERT INTO supp_allocations (\n		amt, date_alloc,\n		trans_type_from, trans_no_from, trans_no_to, trans_type_to)\n		VALUES (&#039;604.7&#039;, &#039;2015-03-31&#039;, &#039;22&#039;, &#039;37&#039;, &#039;82&#039;, &#039;20&#039;)', '1', 'A supplier allocation could not be added to the database'),
('2530', 'COMMIT', '1', 'could not commit a transaction'),
('2531', 'BEGIN', '1', 'could not start a transaction'),
('2532', 'INSERT INTO supp_trans (trans_no, type, supplier_id, tran_date, due_date,\n		reference, supp_reference, ov_amount, ov_gst, rate, ov_discount, tax_included, fixed_access, cheque,reason ) VALUES (&#039;38&#039;, &#039;22&#039;, &#039;5&#039;, &#039;2015-04-30&#039;, &#039;2015-04-30&#039;,\n		&#039;34&#039;, &#039;&#039;, &#039;-12991.28&#039;, &#039;0&#039;, &#039;1&#039;, &#039;0&#039;, &#039;0&#039;, &#039;0&#039;,&#039;CASH&#039; ,&#039;&#039;)', '1', 'Cannot insert a supplier transaction record'),
('2533', 'INSERT INTO audit_trail (type, trans_no, user, fiscal_year, gl_date, description, gl_seq)\n    			VALUES(&#039;22&#039;, &#039;38&#039;,1,2,&#039;2015-04-30&#039;,&#039;&#039;, 0)', '1', 'Cannot add audit info'),
('2534', 'UPDATE audit_trail SET gl_seq = NULL WHERE type=&#039;22&#039; AND trans_no=&#039;38&#039; AND id!=1100', '1', 'Cannot update audit gl_seq'),
('2535', 'INSERT INTO gl_trans ( type, type_no, tran_date,\n	account, dimension_id, dimension2_id, memo_, amount, gst, person_type_id, person_id) VALUES (&#039;22&#039;, &#039;38&#039;, &#039;2015-04-30&#039;,\n	&#039;2100&#039;, &#039;0&#039;, &#039;0&#039;, &#039;&#039;, &#039;12991.28&#039;, &#039;&#039;, &#039;3&#039;, &#039;5&#039;) ', '1', 'The supplier GL transaction could not be inserted'),
('2536', 'INSERT INTO gl_trans ( type, type_no, tran_date,\n	account, dimension_id, dimension2_id, memo_, amount, gst, person_type_id, person_id) VALUES (&#039;22&#039;, &#039;38&#039;, &#039;2015-04-30&#039;,\n	&#039;1065&#039;, &#039;0&#039;, &#039;0&#039;, &#039;&#039;, &#039;-12991.28&#039;, &#039;&#039;, &#039;3&#039;, &#039;5&#039;) ', '1', 'The GL transaction could not be inserted'),
('2537', 'INSERT INTO bank_trans (type, trans_no, bank_act, ref,\n		trans_date, amount, person_type_id, person_id, tax_inclusive, cheque) VALUES (22, 38, &#039;2&#039;, &#039;34&#039;, &#039;2015-04-30&#039;,\n		&#039;-12991.28&#039;, &#039;3&#039;, &#039;5&#039;, &#039;&#039;, &#039;&#039; )', '1', 'The bank transaction could not be inserted'),
('2538', 'REPLACE refs SET reference=&#039;34&#039;, type=&#039;22&#039;, id=&#039;38&#039;', '1', 'could not update reference entry'),
('2539', 'UPDATE sys_types SET next_reference=&#039;35&#039; WHERE type_id = &#039;22&#039;', '1', 'The next transaction ref for 22 could not be updated'),
('2540', 'COMMIT', '1', 'could not commit a transaction'),
('2541', 'BEGIN', '1', 'could not start a transaction'),
('2542', 'DELETE FROM supp_allocations\n		WHERE (trans_type_from=&#039;22&#039; AND trans_no_from=&#039;38&#039;)\n		OR (trans_type_to=&#039;22&#039; AND trans_no_to=&#039;38&#039;)', '1', 'could not void supp transactions for type=22 and trans_no=38'),
('2543', 'INSERT INTO supp_allocations (\n		amt, date_alloc,\n		trans_type_from, trans_no_from, trans_no_to, trans_type_to)\n		VALUES (&#039;1321.29&#039;, &#039;2015-04-30&#039;, &#039;22&#039;, &#039;38&#039;, &#039;81&#039;, &#039;20&#039;)', '1', 'A supplier allocation could not be added to the database'),
('2544', 'INSERT INTO supp_allocations (\n		amt, date_alloc,\n		trans_type_from, trans_no_from, trans_no_to, trans_type_to)\n		VALUES (&#039;294.15&#039;, &#039;2015-04-30&#039;, &#039;22&#039;, &#039;38&#039;, &#039;80&#039;, &#039;20&#039;)', '1', 'A supplier allocation could not be added to the database'),
('2545', 'INSERT INTO supp_allocations (\n		amt, date_alloc,\n		trans_type_from, trans_no_from, trans_no_to, trans_type_to)\n		VALUES (&#039;674.15&#039;, &#039;2015-04-30&#039;, &#039;22&#039;, &#039;38&#039;, &#039;79&#039;, &#039;20&#039;)', '1', 'A supplier allocation could not be added to the database'),
('2546', 'INSERT INTO supp_allocations (\n		amt, date_alloc,\n		trans_type_from, trans_no_from, trans_no_to, trans_type_to)\n		VALUES (&#039;1400.25&#039;, &#039;2015-04-30&#039;, &#039;22&#039;, &#039;38&#039;, &#039;78&#039;, &#039;20&#039;)', '1', 'A supplier allocation could not be added to the database'),
('2547', 'INSERT INTO supp_allocations (\n		amt, date_alloc,\n		trans_type_from, trans_no_from, trans_no_to, trans_type_to)\n		VALUES (&#039;620.1&#039;, &#039;2015-04-30&#039;, &#039;22&#039;, &#039;38&#039;, &#039;77&#039;, &#039;20&#039;)', '1', 'A supplier allocation could not be added to the database'),
('2548', 'INSERT INTO supp_allocations (\n		amt, date_alloc,\n		trans_type_from, trans_no_from, trans_no_to, trans_type_to)\n		VALUES (&#039;442.55&#039;, &#039;2015-04-30&#039;, &#039;22&#039;, &#039;38&#039;, &#039;76&#039;, &#039;20&#039;)', '1', 'A supplier allocation could not be added to the database'),
('2549', 'INSERT INTO supp_allocations (\n		amt, date_alloc,\n		trans_type_from, trans_no_from, trans_no_to, trans_type_to)\n		VALUES (&#039;1616.25&#039;, &#039;2015-04-30&#039;, &#039;22&#039;, &#039;38&#039;, &#039;75&#039;, &#039;20&#039;)', '1', 'A supplier allocation could not be added to the database'),
('2550', 'INSERT INTO supp_allocations (\n		amt, date_alloc,\n		trans_type_from, trans_no_from, trans_no_to, trans_type_to)\n		VALUES (&#039;754.7&#039;, &#039;2015-04-30&#039;, &#039;22&#039;, &#039;38&#039;, &#039;74&#039;, &#039;20&#039;)', '1', 'A supplier allocation could not be added to the database'),
('2551', 'INSERT INTO supp_allocations (\n		amt, date_alloc,\n		trans_type_from, trans_no_from, trans_no_to, trans_type_to)\n		VALUES (&#039;1255.05&#039;, &#039;2015-04-30&#039;, &#039;22&#039;, &#039;38&#039;, &#039;72&#039;, &#039;20&#039;)', '1', 'A supplier allocation could not be added to the database'),
('2552', 'INSERT INTO supp_allocations (\n		amt, date_alloc,\n		trans_type_from, trans_no_from, trans_no_to, trans_type_to)\n		VALUES (&#039;190.8&#039;, &#039;2015-04-30&#039;, &#039;22&#039;, &#039;38&#039;, &#039;73&#039;, &#039;20&#039;)', '1', 'A supplier allocation could not be added to the database'),
('2553', 'INSERT INTO supp_allocations (\n		amt, date_alloc,\n		trans_type_from, trans_no_from, trans_no_to, trans_type_to)\n		VALUES (&#039;3.79&#039;, &#039;2015-04-30&#039;, &#039;22&#039;, &#039;38&#039;, &#039;70&#039;, &#039;20&#039;)', '1', 'A supplier allocation could not be added to the database'),
('2554', 'INSERT INTO supp_allocations (\n		amt, date_alloc,\n		trans_type_from, trans_no_from, trans_no_to, trans_type_to)\n		VALUES (&#039;1535&#039;, &#039;2015-04-30&#039;, &#039;22&#039;, &#039;38&#039;, &#039;71&#039;, &#039;20&#039;)', '1', 'A supplier allocation could not be added to the database'),
('2555', 'INSERT INTO supp_allocations (\n		amt, date_alloc,\n		trans_type_from, trans_no_from, trans_no_to, trans_type_to)\n		VALUES (&#039;445.2&#039;, &#039;2015-04-30&#039;, &#039;22&#039;, &#039;38&#039;, &#039;68&#039;, &#039;20&#039;)', '1', 'A supplier allocation could not be added to the database'),
('2556', 'INSERT INTO supp_allocations (\n		amt, date_alloc,\n		trans_type_from, trans_no_from, trans_no_to, trans_type_to)\n		VALUES (&#039;178.1&#039;, &#039;2015-04-30&#039;, &#039;22&#039;, &#039;38&#039;, &#039;69&#039;, &#039;20&#039;)', '1', 'A supplier allocation could not be added to the database'),
('2557', 'INSERT INTO supp_allocations (\n		amt, date_alloc,\n		trans_type_from, trans_no_from, trans_no_to, trans_type_to)\n		VALUES (&#039;2259.9&#039;, &#039;2015-04-30&#039;, &#039;22&#039;, &#039;38&#039;, &#039;67&#039;, &#039;20&#039;)', '1', 'A supplier allocation could not be added to the database'),
('2558', 'COMMIT', '1', 'could not commit a transaction'),
('2559', 'BEGIN', '1', 'could not start a transaction'),
('2560', 'INSERT INTO supp_trans (trans_no, type, supplier_id, tran_date, due_date,\n		reference, supp_reference, ov_amount, ov_gst, rate, ov_discount, tax_included, fixed_access, cheque,reason ) VALUES (&#039;39&#039;, &#039;22&#039;, &#039;5&#039;, &#039;2015-05-31&#039;, &#039;2015-05-31&#039;,\n		&#039;35&#039;, &#039;&#039;, &#039;-11725.9&#039;, &#039;0&#039;, &#039;1&#039;, &#039;0&#039;, &#039;0&#039;, &#039;0&#039;,&#039;CASH&#039; ,&#039;&#039;)', '1', 'Cannot insert a supplier transaction record'),
('2561', 'INSERT INTO audit_trail (type, trans_no, user, fiscal_year, gl_date, description, gl_seq)\n    			VALUES(&#039;22&#039;, &#039;39&#039;,1,2,&#039;2015-05-31&#039;,&#039;&#039;, 0)', '1', 'Cannot add audit info'),
('2562', 'UPDATE audit_trail SET gl_seq = NULL WHERE type=&#039;22&#039; AND trans_no=&#039;39&#039; AND id!=1101', '1', 'Cannot update audit gl_seq'),
('2563', 'INSERT INTO gl_trans ( type, type_no, tran_date,\n	account, dimension_id, dimension2_id, memo_, amount, gst, person_type_id, person_id) VALUES (&#039;22&#039;, &#039;39&#039;, &#039;2015-05-31&#039;,\n	&#039;2100&#039;, &#039;0&#039;, &#039;0&#039;, &#039;&#039;, &#039;11725.9&#039;, &#039;&#039;, &#039;3&#039;, &#039;5&#039;) ', '1', 'The supplier GL transaction could not be inserted'),
('2564', 'INSERT INTO gl_trans ( type, type_no, tran_date,\n	account, dimension_id, dimension2_id, memo_, amount, gst, person_type_id, person_id) VALUES (&#039;22&#039;, &#039;39&#039;, &#039;2015-05-31&#039;,\n	&#039;1065&#039;, &#039;0&#039;, &#039;0&#039;, &#039;&#039;, &#039;-11725.9&#039;, &#039;&#039;, &#039;3&#039;, &#039;5&#039;) ', '1', 'The GL transaction could not be inserted'),
('2565', 'INSERT INTO bank_trans (type, trans_no, bank_act, ref,\n		trans_date, amount, person_type_id, person_id, tax_inclusive, cheque) VALUES (22, 39, &#039;2&#039;, &#039;35&#039;, &#039;2015-05-31&#039;,\n		&#039;-11725.9&#039;, &#039;3&#039;, &#039;5&#039;, &#039;&#039;, &#039;&#039; )', '1', 'The bank transaction could not be inserted'),
('2566', 'REPLACE refs SET reference=&#039;35&#039;, type=&#039;22&#039;, id=&#039;39&#039;', '1', 'could not update reference entry'),
('2567', 'UPDATE sys_types SET next_reference=&#039;36&#039; WHERE type_id = &#039;22&#039;', '1', 'The next transaction ref for 22 could not be updated'),
('2568', 'COMMIT', '1', 'could not commit a transaction'),
('2569', 'BEGIN', '1', 'could not start a transaction'),
('2570', 'DELETE FROM supp_allocations\n		WHERE (trans_type_from=&#039;22&#039; AND trans_no_from=&#039;39&#039;)\n		OR (trans_type_to=&#039;22&#039; AND trans_no_to=&#039;39&#039;)', '1', 'could not void supp transactions for type=22 and trans_no=39'),
('2571', 'INSERT INTO supp_allocations (\n		amt, date_alloc,\n		trans_type_from, trans_no_from, trans_no_to, trans_type_to)\n		VALUES (&#039;148.4&#039;, &#039;2015-05-31&#039;, &#039;22&#039;, &#039;39&#039;, &#039;66&#039;, &#039;20&#039;)', '1', 'A supplier allocation could not be added to the database'),
('2572', 'INSERT INTO supp_allocations (\n		amt, date_alloc,\n		trans_type_from, trans_no_from, trans_no_to, trans_type_to)\n		VALUES (&#039;385.85&#039;, &#039;2015-05-31&#039;, &#039;22&#039;, &#039;39&#039;, &#039;65&#039;, &#039;20&#039;)', '1', 'A supplier allocation could not be added to the database'),
('2573', 'INSERT INTO supp_allocations (\n		amt, date_alloc,\n		trans_type_from, trans_no_from, trans_no_to, trans_type_to)\n		VALUES (&#039;2174.6&#039;, &#039;2015-05-31&#039;, &#039;22&#039;, &#039;39&#039;, &#039;64&#039;, &#039;20&#039;)', '1', 'A supplier allocation could not be added to the database'),
('2574', 'INSERT INTO supp_allocations (\n		amt, date_alloc,\n		trans_type_from, trans_no_from, trans_no_to, trans_type_to)\n		VALUES (&#039;540.6&#039;, &#039;2015-05-31&#039;, &#039;22&#039;, &#039;39&#039;, &#039;63&#039;, &#039;20&#039;)', '1', 'A supplier allocation could not be added to the database'),
('2575', 'INSERT INTO supp_allocations (\n		amt, date_alloc,\n		trans_type_from, trans_no_from, trans_no_to, trans_type_to)\n		VALUES (&#039;1698.65&#039;, &#039;2015-05-31&#039;, &#039;22&#039;, &#039;39&#039;, &#039;62&#039;, &#039;20&#039;)', '1', 'A supplier allocation could not be added to the database'),
('2576', 'INSERT INTO supp_allocations (\n		amt, date_alloc,\n		trans_type_from, trans_no_from, trans_no_to, trans_type_to)\n		VALUES (&#039;489.7&#039;, &#039;2015-05-31&#039;, &#039;22&#039;, &#039;39&#039;, &#039;61&#039;, &#039;20&#039;)', '1', 'A supplier allocation could not be added to the database'),
('2577', 'INSERT INTO supp_allocations (\n		amt, date_alloc,\n		trans_type_from, trans_no_from, trans_no_to, trans_type_to)\n		VALUES (&#039;1639.8&#039;, &#039;2015-05-31&#039;, &#039;22&#039;, &#039;39&#039;, &#039;60&#039;, &#039;20&#039;)', '1', 'A supplier allocation could not be added to the database'),
('2578', 'INSERT INTO supp_allocations (\n		amt, date_alloc,\n		trans_type_from, trans_no_from, trans_no_to, trans_type_to)\n		VALUES (&#039;199.8&#039;, &#039;2015-05-31&#039;, &#039;22&#039;, &#039;39&#039;, &#039;59&#039;, &#039;20&#039;)', '1', 'A supplier allocation could not be added to the database'),
('2579', 'INSERT INTO supp_allocations (\n		amt, date_alloc,\n		trans_type_from, trans_no_from, trans_no_to, trans_type_to)\n		VALUES (&#039;655.5&#039;, &#039;2015-05-31&#039;, &#039;22&#039;, &#039;39&#039;, &#039;58&#039;, &#039;20&#039;)', '1', 'A supplier allocation could not be added to the database'),
('2580', 'INSERT INTO supp_allocations (\n		amt, date_alloc,\n		trans_type_from, trans_no_from, trans_no_to, trans_type_to)\n		VALUES (&#039;318&#039;, &#039;2015-05-31&#039;, &#039;22&#039;, &#039;39&#039;, &#039;57&#039;, &#039;20&#039;)', '1', 'A supplier allocation could not be added to the database'),
('2581', 'INSERT INTO supp_allocations (\n		amt, date_alloc,\n		trans_type_from, trans_no_from, trans_no_to, trans_type_to)\n		VALUES (&#039;1127.85&#039;, &#039;2015-05-31&#039;, &#039;22&#039;, &#039;39&#039;, &#039;56&#039;, &#039;20&#039;)', '1', 'A supplier allocation could not be added to the database'),
('2582', 'INSERT INTO supp_allocations (\n		amt, date_alloc,\n		trans_type_from, trans_no_from, trans_no_to, trans_type_to)\n		VALUES (&#039;257.05&#039;, &#039;2015-05-31&#039;, &#039;22&#039;, &#039;39&#039;, &#039;55&#039;, &#039;20&#039;)', '1', 'A supplier allocation could not be added to the database'),
('2583', 'INSERT INTO supp_allocations (\n		amt, date_alloc,\n		trans_type_from, trans_no_from, trans_no_to, trans_type_to)\n		VALUES (&#039;169.6&#039;, &#039;2015-05-31&#039;, &#039;22&#039;, &#039;39&#039;, &#039;54&#039;, &#039;20&#039;)', '1', 'A supplier allocation could not be added to the database'),
('2584', 'INSERT INTO supp_allocations (\n		amt, date_alloc,\n		trans_type_from, trans_no_from, trans_no_to, trans_type_to)\n		VALUES (&#039;1788&#039;, &#039;2015-05-31&#039;, &#039;22&#039;, &#039;39&#039;, &#039;53&#039;, &#039;20&#039;)', '1', 'A supplier allocation could not be added to the database'),
('2585', 'INSERT INTO supp_allocations (\n		amt, date_alloc,\n		trans_type_from, trans_no_from, trans_no_to, trans_type_to)\n		VALUES (&#039;132.5&#039;, &#039;2015-05-31&#039;, &#039;22&#039;, &#039;39&#039;, &#039;52&#039;, &#039;20&#039;)', '1', 'A supplier allocation could not be added to the database'),
('2586', 'COMMIT', '1', 'could not commit a transaction'),
('2587', 'BEGIN', '1', 'could not start a transaction'),
('2588', 'INSERT INTO supp_trans (trans_no, type, supplier_id, tran_date, due_date,\n		reference, supp_reference, ov_amount, ov_gst, rate, ov_discount, tax_included, fixed_access, cheque,reason ) VALUES (&#039;40&#039;, &#039;22&#039;, &#039;5&#039;, &#039;2015-06-30&#039;, &#039;2015-06-30&#039;,\n		&#039;36&#039;, &#039;&#039;, &#039;-9251.74&#039;, &#039;0&#039;, &#039;1&#039;, &#039;0&#039;, &#039;0&#039;, &#039;0&#039;,&#039;CASH&#039; ,&#039;&#039;)', '1', 'Cannot insert a supplier transaction record'),
('2589', 'INSERT INTO audit_trail (type, trans_no, user, fiscal_year, gl_date, description, gl_seq)\n    			VALUES(&#039;22&#039;, &#039;40&#039;,1,2,&#039;2015-06-30&#039;,&#039;&#039;, 0)', '1', 'Cannot add audit info'),
('2590', 'UPDATE audit_trail SET gl_seq = NULL WHERE type=&#039;22&#039; AND trans_no=&#039;40&#039; AND id!=1102', '1', 'Cannot update audit gl_seq'),
('2591', 'INSERT INTO gl_trans ( type, type_no, tran_date,\n	account, dimension_id, dimension2_id, memo_, amount, gst, person_type_id, person_id) VALUES (&#039;22&#039;, &#039;40&#039;, &#039;2015-06-30&#039;,\n	&#039;2100&#039;, &#039;0&#039;, &#039;0&#039;, &#039;&#039;, &#039;9251.74&#039;, &#039;&#039;, &#039;3&#039;, &#039;5&#039;) ', '1', 'The supplier GL transaction could not be inserted'),
('2592', 'INSERT INTO gl_trans ( type, type_no, tran_date,\n	account, dimension_id, dimension2_id, memo_, amount, gst, person_type_id, person_id) VALUES (&#039;22&#039;, &#039;40&#039;, &#039;2015-06-30&#039;,\n	&#039;1065&#039;, &#039;0&#039;, &#039;0&#039;, &#039;&#039;, &#039;-9251.74&#039;, &#039;&#039;, &#039;3&#039;, &#039;5&#039;) ', '1', 'The GL transaction could not be inserted'),
('2593', 'INSERT INTO bank_trans (type, trans_no, bank_act, ref,\n		trans_date, amount, person_type_id, person_id, tax_inclusive, cheque) VALUES (22, 40, &#039;2&#039;, &#039;36&#039;, &#039;2015-06-30&#039;,\n		&#039;-9251.74&#039;, &#039;3&#039;, &#039;5&#039;, &#039;&#039;, &#039;&#039; )', '1', 'The bank transaction could not be inserted'),
('2594', 'REPLACE refs SET reference=&#039;36&#039;, type=&#039;22&#039;, id=&#039;40&#039;', '1', 'could not update reference entry'),
('2595', 'UPDATE sys_types SET next_reference=&#039;37&#039; WHERE type_id = &#039;22&#039;', '1', 'The next transaction ref for 22 could not be updated'),
('2596', 'COMMIT', '1', 'could not commit a transaction'),
('2597', 'BEGIN', '1', 'could not start a transaction'),
('2598', 'DELETE FROM supp_allocations\n		WHERE (trans_type_from=&#039;22&#039; AND trans_no_from=&#039;40&#039;)\n		OR (trans_type_to=&#039;22&#039; AND trans_no_to=&#039;40&#039;)', '1', 'could not void supp transactions for type=22 and trans_no=40'),
('2599', 'INSERT INTO supp_allocations (\n		amt, date_alloc,\n		trans_type_from, trans_no_from, trans_no_to, trans_type_to)\n		VALUES (&#039;47.15&#039;, &#039;2015-06-30&#039;, &#039;22&#039;, &#039;40&#039;, &#039;157&#039;, &#039;20&#039;)', '1', 'A supplier allocation could not be added to the database'),
('2600', 'INSERT INTO supp_allocations (\n		amt, date_alloc,\n		trans_type_from, trans_no_from, trans_no_to, trans_type_to)\n		VALUES (&#039;137.05&#039;, &#039;2015-06-30&#039;, &#039;22&#039;, &#039;40&#039;, &#039;158&#039;, &#039;20&#039;)', '1', 'A supplier allocation could not be added to the database'),
('2601', 'INSERT INTO supp_allocations (\n		amt, date_alloc,\n		trans_type_from, trans_no_from, trans_no_to, trans_type_to)\n		VALUES (&#039;887.75&#039;, &#039;2015-06-30&#039;, &#039;22&#039;, &#039;40&#039;, &#039;161&#039;, &#039;20&#039;)', '1', 'A supplier allocation could not be added to the database'),
('2602', 'INSERT INTO supp_allocations (\n		amt, date_alloc,\n		trans_type_from, trans_no_from, trans_no_to, trans_type_to)\n		VALUES (&#039;580.65&#039;, &#039;2015-06-30&#039;, &#039;22&#039;, &#039;40&#039;, &#039;154&#039;, &#039;20&#039;)', '1', 'A supplier allocation could not be added to the database'),
('2603', 'INSERT INTO supp_allocations (\n		amt, date_alloc,\n		trans_type_from, trans_no_from, trans_no_to, trans_type_to)\n		VALUES (&#039;1162.8&#039;, &#039;2015-06-30&#039;, &#039;22&#039;, &#039;40&#039;, &#039;155&#039;, &#039;20&#039;)', '1', 'A supplier allocation could not be added to the database'),
('2604', 'INSERT INTO supp_allocations (\n		amt, date_alloc,\n		trans_type_from, trans_no_from, trans_no_to, trans_type_to)\n		VALUES (&#039;1020.8&#039;, &#039;2015-06-30&#039;, &#039;22&#039;, &#039;40&#039;, &#039;147&#039;, &#039;20&#039;)', '1', 'A supplier allocation could not be added to the database'),
('2605', 'INSERT INTO supp_allocations (\n		amt, date_alloc,\n		trans_type_from, trans_no_from, trans_no_to, trans_type_to)\n		VALUES (&#039;143.1&#039;, &#039;2015-06-30&#039;, &#039;22&#039;, &#039;40&#039;, &#039;146&#039;, &#039;20&#039;)', '1', 'A supplier allocation could not be added to the database'),
('2606', 'INSERT INTO supp_allocations (\n		amt, date_alloc,\n		trans_type_from, trans_no_from, trans_no_to, trans_type_to)\n		VALUES (&#039;1415.1&#039;, &#039;2015-06-30&#039;, &#039;22&#039;, &#039;40&#039;, &#039;134&#039;, &#039;20&#039;)', '1', 'A supplier allocation could not be added to the database'),
('2607', 'INSERT INTO supp_allocations (\n		amt, date_alloc,\n		trans_type_from, trans_no_from, trans_no_to, trans_type_to)\n		VALUES (&#039;890.4&#039;, &#039;2015-06-30&#039;, &#039;22&#039;, &#039;40&#039;, &#039;143&#039;, &#039;20&#039;)', '1', 'A supplier allocation could not be added to the database'),
('2608', 'INSERT INTO supp_allocations (\n		amt, date_alloc,\n		trans_type_from, trans_no_from, trans_no_to, trans_type_to)\n		VALUES (&#039;20.15&#039;, &#039;2015-06-30&#039;, &#039;22&#039;, &#039;40&#039;, &#039;140&#039;, &#039;20&#039;)', '1', 'A supplier allocation could not be added to the database'),
('2609', 'INSERT INTO supp_allocations (\n		amt, date_alloc,\n		trans_type_from, trans_no_from, trans_no_to, trans_type_to)\n		VALUES (&#039;1008.05&#039;, &#039;2015-06-30&#039;, &#039;22&#039;, &#039;40&#039;, &#039;138&#039;, &#039;20&#039;)', '1', 'A supplier allocation could not be added to the database'),
('2610', 'INSERT INTO supp_allocations (\n		amt, date_alloc,\n		trans_type_from, trans_no_from, trans_no_to, trans_type_to)\n		VALUES (&#039;604.2&#039;, &#039;2015-06-30&#039;, &#039;22&#039;, &#039;40&#039;, &#039;139&#039;, &#039;20&#039;)', '1', 'A supplier allocation could not be added to the database'),
('2611', 'INSERT INTO supp_allocations (\n		amt, date_alloc,\n		trans_type_from, trans_no_from, trans_no_to, trans_type_to)\n		VALUES (&#039;1334.54&#039;, &#039;2015-06-30&#039;, &#039;22&#039;, &#039;40&#039;, &#039;137&#039;, &#039;20&#039;)', '1', 'A supplier allocation could not be added to the database'),
('2612', 'COMMIT', '1', 'could not commit a transaction'),
('2613', 'UPDATE users SET last_visit_date=&#039;2015-10-14 10:36:03&#039;\n		WHERE user_id=&#039;lonengineering&#039;', '1', 'could not update last visit date for user lonengineering'),
('2614', 'BEGIN', '1', 'could not start a transaction'),
('2615', 'INSERT INTO supp_trans (trans_no, type, supplier_id, tran_date, due_date,\n		reference, supp_reference, ov_amount, ov_gst, rate, ov_discount, tax_included, fixed_access, cheque,reason ) VALUES (&#039;41&#039;, &#039;22&#039;, &#039;4&#039;, &#039;2015-01-31&#039;, &#039;2015-01-31&#039;,\n		&#039;37&#039;, &#039;&#039;, &#039;-1326&#039;, &#039;0&#039;, &#039;1&#039;, &#039;0&#039;, &#039;0&#039;, &#039;0&#039;,&#039;&#039; ,&#039;&#039;)', '1', 'Cannot insert a supplier transaction record'),
('2616', 'INSERT INTO audit_trail (type, trans_no, user, fiscal_year, gl_date, description, gl_seq)\n    			VALUES(&#039;22&#039;, &#039;41&#039;,1,2,&#039;2015-01-31&#039;,&#039;&#039;, 0)', '1', 'Cannot add audit info'),
('2617', 'UPDATE audit_trail SET gl_seq = NULL WHERE type=&#039;22&#039; AND trans_no=&#039;41&#039; AND id!=1103', '1', 'Cannot update audit gl_seq'),
('2618', 'INSERT INTO gl_trans ( type, type_no, tran_date,\n	account, dimension_id, dimension2_id, memo_, amount, gst, person_type_id, person_id) VALUES (&#039;22&#039;, &#039;41&#039;, &#039;2015-01-31&#039;,\n	&#039;2100&#039;, &#039;0&#039;, &#039;0&#039;, &#039;&#039;, &#039;1326&#039;, &#039;&#039;, &#039;3&#039;, &#039;4&#039;) ', '1', 'The supplier GL transaction could not be inserted'),
('2619', 'INSERT INTO gl_trans ( type, type_no, tran_date,\n	account, dimension_id, dimension2_id, memo_, amount, gst, person_type_id, person_id) VALUES (&#039;22&#039;, &#039;41&#039;, &#039;2015-01-31&#039;,\n	&#039;1065&#039;, &#039;0&#039;, &#039;0&#039;, &#039;&#039;, &#039;-1326&#039;, &#039;&#039;, &#039;3&#039;, &#039;4&#039;) ', '1', 'The GL transaction could not be inserted'),
('2620', 'INSERT INTO bank_trans (type, trans_no, bank_act, ref,\n		trans_date, amount, person_type_id, person_id, tax_inclusive, cheque) VALUES (22, 41, &#039;2&#039;, &#039;37&#039;, &#039;2015-01-31&#039;,\n		&#039;-1326&#039;, &#039;3&#039;, &#039;4&#039;, &#039;&#039;, &#039;&#039; )', '1', 'The bank transaction could not be inserted'),
('2621', 'REPLACE refs SET reference=&#039;37&#039;, type=&#039;22&#039;, id=&#039;41&#039;', '1', 'could not update reference entry'),
('2622', 'UPDATE sys_types SET next_reference=&#039;38&#039; WHERE type_id = &#039;22&#039;', '1', 'The next transaction ref for 22 could not be updated'),
('2623', 'COMMIT', '1', 'could not commit a transaction'),
('2624', 'BEGIN', '1', 'could not start a transaction'),
('2625', 'DELETE FROM supp_allocations\n		WHERE (trans_type_from=&#039;22&#039; AND trans_no_from=&#039;41&#039;)\n		OR (trans_type_to=&#039;22&#039; AND trans_no_to=&#039;41&#039;)', '1', 'could not void supp transactions for type=22 and trans_no=41'),
('2626', 'INSERT INTO supp_allocations (\n		amt, date_alloc,\n		trans_type_from, trans_no_from, trans_no_to, trans_type_to)\n		VALUES (&#039;207&#039;, &#039;2015-01-31&#039;, &#039;22&#039;, &#039;41&#039;, &#039;50&#039;, &#039;20&#039;)', '1', 'A supplier allocation could not be added to the database'),
('2627', 'INSERT INTO supp_allocations (\n		amt, date_alloc,\n		trans_type_from, trans_no_from, trans_no_to, trans_type_to)\n		VALUES (&#039;190&#039;, &#039;2015-01-31&#039;, &#039;22&#039;, &#039;41&#039;, &#039;49&#039;, &#039;20&#039;)', '1', 'A supplier allocation could not be added to the database'),
('2628', 'INSERT INTO supp_allocations (\n		amt, date_alloc,\n		trans_type_from, trans_no_from, trans_no_to, trans_type_to)\n		VALUES (&#039;556.5&#039;, &#039;2015-01-31&#039;, &#039;22&#039;, &#039;41&#039;, &#039;48&#039;, &#039;20&#039;)', '1', 'A supplier allocation could not be added to the database'),
('2629', 'INSERT INTO supp_allocations (\n		amt, date_alloc,\n		trans_type_from, trans_no_from, trans_no_to, trans_type_to)\n		VALUES (&#039;100&#039;, &#039;2015-01-31&#039;, &#039;22&#039;, &#039;41&#039;, &#039;46&#039;, &#039;20&#039;)', '1', 'A supplier allocation could not be added to the database'),
('2630', 'INSERT INTO supp_allocations (\n		amt, date_alloc,\n		trans_type_from, trans_no_from, trans_no_to, trans_type_to)\n		VALUES (&#039;272.5&#039;, &#039;2015-01-31&#039;, &#039;22&#039;, &#039;41&#039;, &#039;47&#039;, &#039;20&#039;)', '1', 'A supplier allocation could not be added to the database'),
('2631', 'COMMIT', '1', 'could not commit a transaction'),
('2632', 'BEGIN', '1', 'could not start a transaction'),
('2633', 'INSERT INTO supp_trans (trans_no, type, supplier_id, tran_date, due_date,\n		reference, supp_reference, ov_amount, ov_gst, rate, ov_discount, tax_included, fixed_access, cheque,reason ) VALUES (&#039;42&#039;, &#039;22&#039;, &#039;4&#039;, &#039;2015-02-28&#039;, &#039;2015-02-28&#039;,\n		&#039;38&#039;, &#039;&#039;, &#039;-2124.8&#039;, &#039;0&#039;, &#039;1&#039;, &#039;0&#039;, &#039;0&#039;, &#039;0&#039;,&#039;CASH&#039; ,&#039;&#039;)', '1', 'Cannot insert a supplier transaction record'),
('2634', 'INSERT INTO audit_trail (type, trans_no, user, fiscal_year, gl_date, description, gl_seq)\n    			VALUES(&#039;22&#039;, &#039;42&#039;,1,2,&#039;2015-02-28&#039;,&#039;&#039;, 0)', '1', 'Cannot add audit info'),
('2635', 'UPDATE audit_trail SET gl_seq = NULL WHERE type=&#039;22&#039; AND trans_no=&#039;42&#039; AND id!=1104', '1', 'Cannot update audit gl_seq'),
('2636', 'INSERT INTO gl_trans ( type, type_no, tran_date,\n	account, dimension_id, dimension2_id, memo_, amount, gst, person_type_id, person_id) VALUES (&#039;22&#039;, &#039;42&#039;, &#039;2015-02-28&#039;,\n	&#039;2100&#039;, &#039;0&#039;, &#039;0&#039;, &#039;&#039;, &#039;2124.8&#039;, &#039;&#039;, &#039;3&#039;, &#039;4&#039;) ', '1', 'The supplier GL transaction could not be inserted'),
('2637', 'INSERT INTO gl_trans ( type, type_no, tran_date,\n	account, dimension_id, dimension2_id, memo_, amount, gst, person_type_id, person_id) VALUES (&#039;22&#039;, &#039;42&#039;, &#039;2015-02-28&#039;,\n	&#039;1065&#039;, &#039;0&#039;, &#039;0&#039;, &#039;&#039;, &#039;-2124.8&#039;, &#039;&#039;, &#039;3&#039;, &#039;4&#039;) ', '1', 'The GL transaction could not be inserted'),
('2638', 'INSERT INTO bank_trans (type, trans_no, bank_act, ref,\n		trans_date, amount, person_type_id, person_id, tax_inclusive, cheque) VALUES (22, 42, &#039;2&#039;, &#039;38&#039;, &#039;2015-02-28&#039;,\n		&#039;-2124.8&#039;, &#039;3&#039;, &#039;4&#039;, &#039;&#039;, &#039;&#039; )', '1', 'The bank transaction could not be inserted'),
('2639', 'REPLACE refs SET reference=&#039;38&#039;, type=&#039;22&#039;, id=&#039;42&#039;', '1', 'could not update reference entry'),
('2640', 'UPDATE sys_types SET next_reference=&#039;39&#039; WHERE type_id = &#039;22&#039;', '1', 'The next transaction ref for 22 could not be updated'),
('2641', 'COMMIT', '1', 'could not commit a transaction'),
('2642', 'BEGIN', '1', 'could not start a transaction'),
('2643', 'DELETE FROM supp_allocations\n		WHERE (trans_type_from=&#039;22&#039; AND trans_no_from=&#039;42&#039;)\n		OR (trans_type_to=&#039;22&#039; AND trans_no_to=&#039;42&#039;)', '1', 'could not void supp transactions for type=22 and trans_no=42'),
('2644', 'INSERT INTO supp_allocations (\n		amt, date_alloc,\n		trans_type_from, trans_no_from, trans_no_to, trans_type_to)\n		VALUES (&#039;269&#039;, &#039;2015-02-28&#039;, &#039;22&#039;, &#039;42&#039;, &#039;45&#039;, &#039;20&#039;)', '1', 'A supplier allocation could not be added to the database'),
('2645', 'INSERT INTO supp_allocations (\n		amt, date_alloc,\n		trans_type_from, trans_no_from, trans_no_to, trans_type_to)\n		VALUES (&#039;404.5&#039;, &#039;2015-02-28&#039;, &#039;22&#039;, &#039;42&#039;, &#039;44&#039;, &#039;20&#039;)', '1', 'A supplier allocation could not be added to the database'),
('2646', 'INSERT INTO supp_allocations (\n		amt, date_alloc,\n		trans_type_from, trans_no_from, trans_no_to, trans_type_to)\n		VALUES (&#039;196&#039;, &#039;2015-02-28&#039;, &#039;22&#039;, &#039;42&#039;, &#039;42&#039;, &#039;20&#039;)', '1', 'A supplier allocation could not be added to the database'),
('2647', 'INSERT INTO supp_allocations (\n		amt, date_alloc,\n		trans_type_from, trans_no_from, trans_no_to, trans_type_to)\n		VALUES (&#039;378.5&#039;, &#039;2015-02-28&#039;, &#039;22&#039;, &#039;42&#039;, &#039;41&#039;, &#039;20&#039;)', '1', 'A supplier allocation could not be added to the database'),
('2648', 'INSERT INTO supp_allocations (\n		amt, date_alloc,\n		trans_type_from, trans_no_from, trans_no_to, trans_type_to)\n		VALUES (&#039;565.8&#039;, &#039;2015-02-28&#039;, &#039;22&#039;, &#039;42&#039;, &#039;40&#039;, &#039;20&#039;)', '1', 'A supplier allocation could not be added to the database'),
('2649', 'INSERT INTO supp_allocations (\n		amt, date_alloc,\n		trans_type_from, trans_no_from, trans_no_to, trans_type_to)\n		VALUES (&#039;311&#039;, &#039;2015-02-28&#039;, &#039;22&#039;, &#039;42&#039;, &#039;43&#039;, &#039;20&#039;)', '1', 'A supplier allocation could not be added to the database'),
('2650', 'COMMIT', '1', 'could not commit a transaction'),
('2651', 'BEGIN', '1', 'could not start a transaction'),
('2652', 'INSERT INTO supp_trans (trans_no, type, supplier_id, tran_date, due_date,\n		reference, supp_reference, ov_amount, ov_gst, rate, ov_discount, tax_included, fixed_access, cheque,reason ) VALUES (&#039;43&#039;, &#039;22&#039;, &#039;4&#039;, &#039;2015-03-31&#039;, &#039;2015-03-31&#039;,\n		&#039;39&#039;, &#039;&#039;, &#039;-5068.3&#039;, &#039;0&#039;, &#039;1&#039;, &#039;0&#039;, &#039;0&#039;, &#039;0&#039;,&#039;CASH&#039; ,&#039;&#039;)', '1', 'Cannot insert a supplier transaction record'),
('2653', 'INSERT INTO audit_trail (type, trans_no, user, fiscal_year, gl_date, description, gl_seq)\n    			VALUES(&#039;22&#039;, &#039;43&#039;,1,2,&#039;2015-03-31&#039;,&#039;&#039;, 0)', '1', 'Cannot add audit info'),
('2654', 'UPDATE audit_trail SET gl_seq = NULL WHERE type=&#039;22&#039; AND trans_no=&#039;43&#039; AND id!=1105', '1', 'Cannot update audit gl_seq'),
('2655', 'INSERT INTO gl_trans ( type, type_no, tran_date,\n	account, dimension_id, dimension2_id, memo_, amount, gst, person_type_id, person_id) VALUES (&#039;22&#039;, &#039;43&#039;, &#039;2015-03-31&#039;,\n	&#039;2100&#039;, &#039;0&#039;, &#039;0&#039;, &#039;&#039;, &#039;5068.3&#039;, &#039;&#039;, &#039;3&#039;, &#039;4&#039;) ', '1', 'The supplier GL transaction could not be inserted'),
('2656', 'INSERT INTO gl_trans ( type, type_no, tran_date,\n	account, dimension_id, dimension2_id, memo_, amount, gst, person_type_id, person_id) VALUES (&#039;22&#039;, &#039;43&#039;, &#039;2015-03-31&#039;,\n	&#039;1065&#039;, &#039;0&#039;, &#039;0&#039;, &#039;&#039;, &#039;-5068.3&#039;, &#039;&#039;, &#039;3&#039;, &#039;4&#039;) ', '1', 'The GL transaction could not be inserted'),
('2657', 'INSERT INTO bank_trans (type, trans_no, bank_act, ref,\n		trans_date, amount, person_type_id, person_id, tax_inclusive, cheque) VALUES (22, 43, &#039;2&#039;, &#039;39&#039;, &#039;2015-03-31&#039;,\n		&#039;-5068.3&#039;, &#039;3&#039;, &#039;4&#039;, &#039;&#039;, &#039;&#039; )', '1', 'The bank transaction could not be inserted'),
('2658', 'REPLACE refs SET reference=&#039;39&#039;, type=&#039;22&#039;, id=&#039;43&#039;', '1', 'could not update reference entry'),
('2659', 'UPDATE sys_types SET next_reference=&#039;40&#039; WHERE type_id = &#039;22&#039;', '1', 'The next transaction ref for 22 could not be updated'),
('2660', 'COMMIT', '1', 'could not commit a transaction'),
('2661', 'BEGIN', '1', 'could not start a transaction'),
('2662', 'DELETE FROM supp_allocations\n		WHERE (trans_type_from=&#039;22&#039; AND trans_no_from=&#039;43&#039;)\n		OR (trans_type_to=&#039;22&#039; AND trans_no_to=&#039;43&#039;)', '1', 'could not void supp transactions for type=22 and trans_no=43'),
('2663', 'INSERT INTO supp_allocations (\n		amt, date_alloc,\n		trans_type_from, trans_no_from, trans_no_to, trans_type_to)\n		VALUES (&#039;743&#039;, &#039;2015-03-31&#039;, &#039;22&#039;, &#039;43&#039;, &#039;39&#039;, &#039;20&#039;)', '1', 'A supplier allocation could not be added to the database'),
('2664', 'INSERT INTO supp_allocations (\n		amt, date_alloc,\n		trans_type_from, trans_no_from, trans_no_to, trans_type_to)\n		VALUES (&#039;686&#039;, &#039;2015-03-31&#039;, &#039;22&#039;, &#039;43&#039;, &#039;38&#039;, &#039;20&#039;)', '1', 'A supplier allocation could not be added to the database'),
('2665', 'INSERT INTO supp_allocations (\n		amt, date_alloc,\n		trans_type_from, trans_no_from, trans_no_to, trans_type_to)\n		VALUES (&#039;1241&#039;, &#039;2015-03-31&#039;, &#039;22&#039;, &#039;43&#039;, &#039;37&#039;, &#039;20&#039;)', '1', 'A supplier allocation could not be added to the database'),
('2666', 'INSERT INTO supp_allocations (\n		amt, date_alloc,\n		trans_type_from, trans_no_from, trans_no_to, trans_type_to)\n		VALUES (&#039;175&#039;, &#039;2015-03-31&#039;, &#039;22&#039;, &#039;43&#039;, &#039;36&#039;, &#039;20&#039;)', '1', 'A supplier allocation could not be added to the database'),
('2667', 'INSERT INTO supp_allocations (\n		amt, date_alloc,\n		trans_type_from, trans_no_from, trans_no_to, trans_type_to)\n		VALUES (&#039;250.5&#039;, &#039;2015-03-31&#039;, &#039;22&#039;, &#039;43&#039;, &#039;35&#039;, &#039;20&#039;)', '1', 'A supplier allocation could not be added to the database'),
('2668', 'INSERT INTO supp_allocations (\n		amt, date_alloc,\n		trans_type_from, trans_no_from, trans_no_to, trans_type_to)\n		VALUES (&#039;65.8&#039;, &#039;2015-03-31&#039;, &#039;22&#039;, &#039;43&#039;, &#039;34&#039;, &#039;20&#039;)', '1', 'A supplier allocation could not be added to the database'),
('2669', 'INSERT INTO supp_allocations (\n		amt, date_alloc,\n		trans_type_from, trans_no_from, trans_no_to, trans_type_to)\n		VALUES (&#039;453.5&#039;, &#039;2015-03-31&#039;, &#039;22&#039;, &#039;43&#039;, &#039;33&#039;, &#039;20&#039;)', '1', 'A supplier allocation could not be added to the database'),
('2670', 'INSERT INTO supp_allocations (\n		amt, date_alloc,\n		trans_type_from, trans_no_from, trans_no_to, trans_type_to)\n		VALUES (&#039;153&#039;, &#039;2015-03-31&#039;, &#039;22&#039;, &#039;43&#039;, &#039;31&#039;, &#039;20&#039;)', '1', 'A supplier allocation could not be added to the database'),
('2671', 'INSERT INTO supp_allocations (\n		amt, date_alloc,\n		trans_type_from, trans_no_from, trans_no_to, trans_type_to)\n		VALUES (&#039;35&#039;, &#039;2015-03-31&#039;, &#039;22&#039;, &#039;43&#039;, &#039;32&#039;, &#039;20&#039;)', '1', 'A supplier allocation could not be added to the database'),
('2672', 'INSERT INTO supp_allocations (\n		amt, date_alloc,\n		trans_type_from, trans_no_from, trans_no_to, trans_type_to)\n		VALUES (&#039;861&#039;, &#039;2015-03-31&#039;, &#039;22&#039;, &#039;43&#039;, &#039;30&#039;, &#039;20&#039;)', '1', 'A supplier allocation could not be added to the database'),
('2673', 'INSERT INTO supp_allocations (\n		amt, date_alloc,\n		trans_type_from, trans_no_from, trans_no_to, trans_type_to)\n		VALUES (&#039;190&#039;, &#039;2015-03-31&#039;, &#039;22&#039;, &#039;43&#039;, &#039;28&#039;, &#039;20&#039;)', '1', 'A supplier allocation could not be added to the database'),
('2674', 'INSERT INTO supp_allocations (\n		amt, date_alloc,\n		trans_type_from, trans_no_from, trans_no_to, trans_type_to)\n		VALUES (&#039;214.5&#039;, &#039;2015-03-31&#039;, &#039;22&#039;, &#039;43&#039;, &#039;29&#039;, &#039;20&#039;)', '1', 'A supplier allocation could not be added to the database'),
('2675', 'COMMIT', '1', 'could not commit a transaction'),
('2676', 'BEGIN', '1', 'could not start a transaction'),
('2677', 'INSERT INTO supp_trans (trans_no, type, supplier_id, tran_date, due_date,\n		reference, supp_reference, ov_amount, ov_gst, rate, ov_discount, tax_included, fixed_access, cheque,reason ) VALUES (&#039;44&#039;, &#039;22&#039;, &#039;4&#039;, &#039;2015-04-30&#039;, &#039;2015-04-30&#039;,\n		&#039;40&#039;, &#039;&#039;, &#039;-2297.55&#039;, &#039;0&#039;, &#039;1&#039;, &#039;0&#039;, &#039;0&#039;, &#039;0&#039;,&#039;CASH&#039; ,&#039;&#039;)', '1', 'Cannot insert a supplier transaction record'),
('2678', 'INSERT INTO audit_trail (type, trans_no, user, fiscal_year, gl_date, description, gl_seq)\n    			VALUES(&#039;22&#039;, &#039;44&#039;,1,2,&#039;2015-04-30&#039;,&#039;&#039;, 0)', '1', 'Cannot add audit info'),
('2679', 'UPDATE audit_trail SET gl_seq = NULL WHERE type=&#039;22&#039; AND trans_no=&#039;44&#039; AND id!=1106', '1', 'Cannot update audit gl_seq'),
('2680', 'INSERT INTO gl_trans ( type, type_no, tran_date,\n	account, dimension_id, dimension2_id, memo_, amount, gst, person_type_id, person_id) VALUES (&#039;22&#039;, &#039;44&#039;, &#039;2015-04-30&#039;,\n	&#039;2100&#039;, &#039;0&#039;, &#039;0&#039;, &#039;&#039;, &#039;2297.55&#039;, &#039;&#039;, &#039;3&#039;, &#039;4&#039;) ', '1', 'The supplier GL transaction could not be inserted'),
('2681', 'INSERT INTO gl_trans ( type, type_no, tran_date,\n	account, dimension_id, dimension2_id, memo_, amount, gst, person_type_id, person_id) VALUES (&#039;22&#039;, &#039;44&#039;, &#039;2015-04-30&#039;,\n	&#039;1065&#039;, &#039;0&#039;, &#039;0&#039;, &#039;&#039;, &#039;-2297.55&#039;, &#039;&#039;, &#039;3&#039;, &#039;4&#039;) ', '1', 'The GL transaction could not be inserted'),
('2682', 'INSERT INTO bank_trans (type, trans_no, bank_act, ref,\n		trans_date, amount, person_type_id, person_id, tax_inclusive, cheque) VALUES (22, 44, &#039;2&#039;, &#039;40&#039;, &#039;2015-04-30&#039;,\n		&#039;-2297.55&#039;, &#039;3&#039;, &#039;4&#039;, &#039;&#039;, &#039;&#039; )', '1', 'The bank transaction could not be inserted'),
('2683', 'REPLACE refs SET reference=&#039;40&#039;, type=&#039;22&#039;, id=&#039;44&#039;', '1', 'could not update reference entry'),
('2684', 'UPDATE sys_types SET next_reference=&#039;41&#039; WHERE type_id = &#039;22&#039;', '1', 'The next transaction ref for 22 could not be updated'),
('2685', 'COMMIT', '1', 'could not commit a transaction'),
('2686', 'BEGIN', '1', 'could not start a transaction'),
('2687', 'DELETE FROM supp_allocations\n		WHERE (trans_type_from=&#039;22&#039; AND trans_no_from=&#039;44&#039;)\n		OR (trans_type_to=&#039;22&#039; AND trans_no_to=&#039;44&#039;)', '1', 'could not void supp transactions for type=22 and trans_no=44'),
('2688', 'INSERT INTO supp_allocations (\n		amt, date_alloc,\n		trans_type_from, trans_no_from, trans_no_to, trans_type_to)\n		VALUES (&#039;111.3&#039;, &#039;2015-04-30&#039;, &#039;22&#039;, &#039;44&#039;, &#039;27&#039;, &#039;20&#039;)', '1', 'A supplier allocation could not be added to the database'),
('2689', 'INSERT INTO supp_allocations (\n		amt, date_alloc,\n		trans_type_from, trans_no_from, trans_no_to, trans_type_to)\n		VALUES (&#039;268.71&#039;, &#039;2015-04-30&#039;, &#039;22&#039;, &#039;44&#039;, &#039;26&#039;, &#039;20&#039;)', '1', 'A supplier allocation could not be added to the database'),
('2690', 'INSERT INTO supp_allocations (\n		amt, date_alloc,\n		trans_type_from, trans_no_from, trans_no_to, trans_type_to)\n		VALUES (&#039;469.58&#039;, &#039;2015-04-30&#039;, &#039;22&#039;, &#039;44&#039;, &#039;25&#039;, &#039;20&#039;)', '1', 'A supplier allocation could not be added to the database'),
('2691', 'INSERT INTO supp_allocations (\n		amt, date_alloc,\n		trans_type_from, trans_no_from, trans_no_to, trans_type_to)\n		VALUES (&#039;228.96&#039;, &#039;2015-04-30&#039;, &#039;22&#039;, &#039;44&#039;, &#039;24&#039;, &#039;20&#039;)', '1', 'A supplier allocation could not be added to the database'),
('2692', 'INSERT INTO supp_allocations (\n		amt, date_alloc,\n		trans_type_from, trans_no_from, trans_no_to, trans_type_to)\n		VALUES (&#039;53&#039;, &#039;2015-04-30&#039;, &#039;22&#039;, &#039;44&#039;, &#039;23&#039;, &#039;20&#039;)', '1', 'A supplier allocation could not be added to the database'),
('2693', 'INSERT INTO supp_allocations (\n		amt, date_alloc,\n		trans_type_from, trans_no_from, trans_no_to, trans_type_to)\n		VALUES (&#039;1166&#039;, &#039;2015-04-30&#039;, &#039;22&#039;, &#039;44&#039;, &#039;22&#039;, &#039;20&#039;)', '1', 'A supplier allocation could not be added to the database'),
('2694', 'COMMIT', '1', 'could not commit a transaction'),
('2695', 'BEGIN', '1', 'could not start a transaction'),
('2696', 'INSERT INTO supp_trans (trans_no, type, supplier_id, tran_date, due_date,\n		reference, supp_reference, ov_amount, ov_gst, rate, ov_discount, tax_included, fixed_access, cheque,reason ) VALUES (&#039;45&#039;, &#039;22&#039;, &#039;4&#039;, &#039;2015-05-31&#039;, &#039;2015-05-31&#039;,\n		&#039;41&#039;, &#039;&#039;, &#039;-1464.39&#039;, &#039;0&#039;, &#039;1&#039;, &#039;0&#039;, &#039;0&#039;, &#039;0&#039;,&#039;CASH&#039; ,&#039;&#039;)', '1', 'Cannot insert a supplier transaction record'),
('2697', 'INSERT INTO audit_trail (type, trans_no, user, fiscal_year, gl_date, description, gl_seq)\n    			VALUES(&#039;22&#039;, &#039;45&#039;,1,2,&#039;2015-05-31&#039;,&#039;&#039;, 0)', '1', 'Cannot add audit info'),
('2698', 'UPDATE audit_trail SET gl_seq = NULL WHERE type=&#039;22&#039; AND trans_no=&#039;45&#039; AND id!=1107', '1', 'Cannot update audit gl_seq'),
('2699', 'INSERT INTO gl_trans ( type, type_no, tran_date,\n	account, dimension_id, dimension2_id, memo_, amount, gst, person_type_id, person_id) VALUES (&#039;22&#039;, &#039;45&#039;, &#039;2015-05-31&#039;,\n	&#039;2100&#039;, &#039;0&#039;, &#039;0&#039;, &#039;&#039;, &#039;1464.39&#039;, &#039;&#039;, &#039;3&#039;, &#039;4&#039;) ', '1', 'The supplier GL transaction could not be inserted'),
('2700', 'INSERT INTO gl_trans ( type, type_no, tran_date,\n	account, dimension_id, dimension2_id, memo_, amount, gst, person_type_id, person_id) VALUES (&#039;22&#039;, &#039;45&#039;, &#039;2015-05-31&#039;,\n	&#039;1065&#039;, &#039;0&#039;, &#039;0&#039;, &#039;&#039;, &#039;-1464.39&#039;, &#039;&#039;, &#039;3&#039;, &#039;4&#039;) ', '1', 'The GL transaction could not be inserted'),
('2701', 'INSERT INTO bank_trans (type, trans_no, bank_act, ref,\n		trans_date, amount, person_type_id, person_id, tax_inclusive, cheque) VALUES (22, 45, &#039;2&#039;, &#039;41&#039;, &#039;2015-05-31&#039;,\n		&#039;-1464.39&#039;, &#039;3&#039;, &#039;4&#039;, &#039;&#039;, &#039;&#039; )', '1', 'The bank transaction could not be inserted'),
('2702', 'REPLACE refs SET reference=&#039;41&#039;, type=&#039;22&#039;, id=&#039;45&#039;', '1', 'could not update reference entry'),
('2703', 'UPDATE sys_types SET next_reference=&#039;42&#039; WHERE type_id = &#039;22&#039;', '1', 'The next transaction ref for 22 could not be updated'),
('2704', 'COMMIT', '1', 'could not commit a transaction'),
('2705', 'BEGIN', '1', 'could not start a transaction'),
('2706', 'DELETE FROM supp_allocations\n		WHERE (trans_type_from=&#039;22&#039; AND trans_no_from=&#039;45&#039;)\n		OR (trans_type_to=&#039;22&#039; AND trans_no_to=&#039;45&#039;)', '1', 'could not void supp transactions for type=22 and trans_no=45'),
('2707', 'INSERT INTO supp_allocations (\n		amt, date_alloc,\n		trans_type_from, trans_no_from, trans_no_to, trans_type_to)\n		VALUES (&#039;243.8&#039;, &#039;2015-05-31&#039;, &#039;22&#039;, &#039;45&#039;, &#039;21&#039;, &#039;20&#039;)', '1', 'A supplier allocation could not be added to the database'),
('2708', 'INSERT INTO supp_allocations (\n		amt, date_alloc,\n		trans_type_from, trans_no_from, trans_no_to, trans_type_to)\n		VALUES (&#039;25.44&#039;, &#039;2015-05-31&#039;, &#039;22&#039;, &#039;45&#039;, &#039;20&#039;, &#039;20&#039;)', '1', 'A supplier allocation could not be added to the database'),
('2709', 'INSERT INTO supp_allocations (\n		amt, date_alloc,\n		trans_type_from, trans_no_from, trans_no_to, trans_type_to)\n		VALUES (&#039;127.2&#039;, &#039;2015-05-31&#039;, &#039;22&#039;, &#039;45&#039;, &#039;19&#039;, &#039;20&#039;)', '1', 'A supplier allocation could not be added to the database'),
('2710', 'INSERT INTO supp_allocations (\n		amt, date_alloc,\n		trans_type_from, trans_no_from, trans_no_to, trans_type_to)\n		VALUES (&#039;54.59&#039;, &#039;2015-05-31&#039;, &#039;22&#039;, &#039;45&#039;, &#039;18&#039;, &#039;20&#039;)', '1', 'A supplier allocation could not be added to the database'),
('2711', 'INSERT INTO supp_allocations (\n		amt, date_alloc,\n		trans_type_from, trans_no_from, trans_no_to, trans_type_to)\n		VALUES (&#039;167.48&#039;, &#039;2015-05-31&#039;, &#039;22&#039;, &#039;45&#039;, &#039;17&#039;, &#039;20&#039;)', '1', 'A supplier allocation could not be added to the database'),
('2712', 'INSERT INTO supp_allocations (\n		amt, date_alloc,\n		trans_type_from, trans_no_from, trans_no_to, trans_type_to)\n		VALUES (&#039;205.11&#039;, &#039;2015-05-31&#039;, &#039;22&#039;, &#039;45&#039;, &#039;16&#039;, &#039;20&#039;)', '1', 'A supplier allocation could not be added to the database'),
('2713', 'INSERT INTO supp_allocations (\n		amt, date_alloc,\n		trans_type_from, trans_no_from, trans_no_to, trans_type_to)\n		VALUES (&#039;93.28&#039;, &#039;2015-05-31&#039;, &#039;22&#039;, &#039;45&#039;, &#039;15&#039;, &#039;20&#039;)', '1', 'A supplier allocation could not be added to the database'),
('2714', 'INSERT INTO supp_allocations (\n		amt, date_alloc,\n		trans_type_from, trans_no_from, trans_no_to, trans_type_to)\n		VALUES (&#039;199.81&#039;, &#039;2015-05-31&#039;, &#039;22&#039;, &#039;45&#039;, &#039;14&#039;, &#039;20&#039;)', '1', 'A supplier allocation could not be added to the database'),
('2715', 'INSERT INTO supp_allocations (\n		amt, date_alloc,\n		trans_type_from, trans_no_from, trans_no_to, trans_type_to)\n		VALUES (&#039;331.78&#039;, &#039;2015-05-31&#039;, &#039;22&#039;, &#039;45&#039;, &#039;12&#039;, &#039;20&#039;)', '1', 'A supplier allocation could not be added to the database'),
('2716', 'INSERT INTO supp_allocations (\n		amt, date_alloc,\n		trans_type_from, trans_no_from, trans_no_to, trans_type_to)\n		VALUES (&#039;15.9&#039;, &#039;2015-05-31&#039;, &#039;22&#039;, &#039;45&#039;, &#039;13&#039;, &#039;20&#039;)', '1', 'A supplier allocation could not be added to the database'),
('2717', 'COMMIT', '1', 'could not commit a transaction'),
('2718', 'BEGIN', '1', 'could not start a transaction');
INSERT INTO `sql_trail` VALUES
('2719', 'INSERT INTO supp_trans (trans_no, type, supplier_id, tran_date, due_date,\n		reference, supp_reference, ov_amount, ov_gst, rate, ov_discount, tax_included, fixed_access, cheque,reason ) VALUES (&#039;46&#039;, &#039;22&#039;, &#039;4&#039;, &#039;2015-06-30&#039;, &#039;2015-06-30&#039;,\n		&#039;42&#039;, &#039;&#039;, &#039;-2592.34&#039;, &#039;0&#039;, &#039;1&#039;, &#039;0&#039;, &#039;0&#039;, &#039;0&#039;,&#039;CASH&#039; ,&#039;&#039;)', '1', 'Cannot insert a supplier transaction record'),
('2720', 'INSERT INTO audit_trail (type, trans_no, user, fiscal_year, gl_date, description, gl_seq)\n    			VALUES(&#039;22&#039;, &#039;46&#039;,1,2,&#039;2015-06-30&#039;,&#039;&#039;, 0)', '1', 'Cannot add audit info'),
('2721', 'UPDATE audit_trail SET gl_seq = NULL WHERE type=&#039;22&#039; AND trans_no=&#039;46&#039; AND id!=1108', '1', 'Cannot update audit gl_seq'),
('2722', 'INSERT INTO gl_trans ( type, type_no, tran_date,\n	account, dimension_id, dimension2_id, memo_, amount, gst, person_type_id, person_id) VALUES (&#039;22&#039;, &#039;46&#039;, &#039;2015-06-30&#039;,\n	&#039;2100&#039;, &#039;0&#039;, &#039;0&#039;, &#039;&#039;, &#039;2592.34&#039;, &#039;&#039;, &#039;3&#039;, &#039;4&#039;) ', '1', 'The supplier GL transaction could not be inserted'),
('2723', 'INSERT INTO gl_trans ( type, type_no, tran_date,\n	account, dimension_id, dimension2_id, memo_, amount, gst, person_type_id, person_id) VALUES (&#039;22&#039;, &#039;46&#039;, &#039;2015-06-30&#039;,\n	&#039;1065&#039;, &#039;0&#039;, &#039;0&#039;, &#039;&#039;, &#039;-2592.34&#039;, &#039;&#039;, &#039;3&#039;, &#039;4&#039;) ', '1', 'The GL transaction could not be inserted'),
('2724', 'INSERT INTO bank_trans (type, trans_no, bank_act, ref,\n		trans_date, amount, person_type_id, person_id, tax_inclusive, cheque) VALUES (22, 46, &#039;2&#039;, &#039;42&#039;, &#039;2015-06-30&#039;,\n		&#039;-2592.34&#039;, &#039;3&#039;, &#039;4&#039;, &#039;&#039;, &#039;&#039; )', '1', 'The bank transaction could not be inserted'),
('2725', 'REPLACE refs SET reference=&#039;42&#039;, type=&#039;22&#039;, id=&#039;46&#039;', '1', 'could not update reference entry'),
('2726', 'UPDATE sys_types SET next_reference=&#039;43&#039; WHERE type_id = &#039;22&#039;', '1', 'The next transaction ref for 22 could not be updated'),
('2727', 'COMMIT', '1', 'could not commit a transaction'),
('2728', 'BEGIN', '1', 'could not start a transaction'),
('2729', 'DELETE FROM supp_allocations\n		WHERE (trans_type_from=&#039;22&#039; AND trans_no_from=&#039;46&#039;)\n		OR (trans_type_to=&#039;22&#039; AND trans_no_to=&#039;46&#039;)', '1', 'could not void supp transactions for type=22 and trans_no=46'),
('2730', 'INSERT INTO supp_allocations (\n		amt, date_alloc,\n		trans_type_from, trans_no_from, trans_no_to, trans_type_to)\n		VALUES (&#039;1000.64&#039;, &#039;2015-06-30&#039;, &#039;22&#039;, &#039;46&#039;, &#039;153&#039;, &#039;20&#039;)', '1', 'A supplier allocation could not be added to the database'),
('2731', 'INSERT INTO supp_allocations (\n		amt, date_alloc,\n		trans_type_from, trans_no_from, trans_no_to, trans_type_to)\n		VALUES (&#039;195.04&#039;, &#039;2015-06-30&#039;, &#039;22&#039;, &#039;46&#039;, &#039;160&#039;, &#039;20&#039;)', '1', 'A supplier allocation could not be added to the database'),
('2732', 'INSERT INTO supp_allocations (\n		amt, date_alloc,\n		trans_type_from, trans_no_from, trans_no_to, trans_type_to)\n		VALUES (&#039;114.48&#039;, &#039;2015-06-30&#039;, &#039;22&#039;, &#039;46&#039;, &#039;11&#039;, &#039;20&#039;)', '1', 'A supplier allocation could not be added to the database'),
('2733', 'INSERT INTO supp_allocations (\n		amt, date_alloc,\n		trans_type_from, trans_no_from, trans_no_to, trans_type_to)\n		VALUES (&#039;394.43&#039;, &#039;2015-06-30&#039;, &#039;22&#039;, &#039;46&#039;, &#039;156&#039;, &#039;20&#039;)', '1', 'A supplier allocation could not be added to the database'),
('2734', 'INSERT INTO supp_allocations (\n		amt, date_alloc,\n		trans_type_from, trans_no_from, trans_no_to, trans_type_to)\n		VALUES (&#039;420.82&#039;, &#039;2015-06-30&#039;, &#039;22&#039;, &#039;46&#039;, &#039;151&#039;, &#039;20&#039;)', '1', 'A supplier allocation could not be added to the database'),
('2735', 'INSERT INTO supp_allocations (\n		amt, date_alloc,\n		trans_type_from, trans_no_from, trans_no_to, trans_type_to)\n		VALUES (&#039;168.54&#039;, &#039;2015-06-30&#039;, &#039;22&#039;, &#039;46&#039;, &#039;149&#039;, &#039;20&#039;)', '1', 'A supplier allocation could not be added to the database'),
('2736', 'INSERT INTO supp_allocations (\n		amt, date_alloc,\n		trans_type_from, trans_no_from, trans_no_to, trans_type_to)\n		VALUES (&#039;45.58&#039;, &#039;2015-06-30&#039;, &#039;22&#039;, &#039;46&#039;, &#039;150&#039;, &#039;20&#039;)', '1', 'A supplier allocation could not be added to the database'),
('2737', 'INSERT INTO supp_allocations (\n		amt, date_alloc,\n		trans_type_from, trans_no_from, trans_no_to, trans_type_to)\n		VALUES (&#039;38.16&#039;, &#039;2015-06-30&#039;, &#039;22&#039;, &#039;46&#039;, &#039;148&#039;, &#039;20&#039;)', '1', 'A supplier allocation could not be added to the database'),
('2738', 'INSERT INTO supp_allocations (\n		amt, date_alloc,\n		trans_type_from, trans_no_from, trans_no_to, trans_type_to)\n		VALUES (&#039;42.4&#039;, &#039;2015-06-30&#039;, &#039;22&#039;, &#039;46&#039;, &#039;133&#039;, &#039;20&#039;)', '1', 'A supplier allocation could not be added to the database'),
('2739', 'INSERT INTO supp_allocations (\n		amt, date_alloc,\n		trans_type_from, trans_no_from, trans_no_to, trans_type_to)\n		VALUES (&#039;68.9&#039;, &#039;2015-06-30&#039;, &#039;22&#039;, &#039;46&#039;, &#039;144&#039;, &#039;20&#039;)', '1', 'A supplier allocation could not be added to the database'),
('2740', 'INSERT INTO supp_allocations (\n		amt, date_alloc,\n		trans_type_from, trans_no_from, trans_no_to, trans_type_to)\n		VALUES (&#039;103.35&#039;, &#039;2015-06-30&#039;, &#039;22&#039;, &#039;46&#039;, &#039;136&#039;, &#039;20&#039;)', '1', 'A supplier allocation could not be added to the database'),
('2741', 'COMMIT', '1', 'could not commit a transaction'),
('2742', 'BEGIN', '1', 'could not start a transaction'),
('2743', 'INSERT INTO gl_trans ( type, type_no, tran_date,\n	account, dimension_id, dimension2_id, memo_, amount, gst) VALUES (&#039;0&#039;, &#039;3&#039;, &#039;2015-04-16&#039;,\n	&#039;1510&#039;, &#039;0&#039;, &#039;0&#039;, &#039;ADJ OF INVENTORY AND PURCHASES - REF COMPACT METAL&#039;, &#039;-100&#039;, &#039;&#039;) ', '1', 'The GL transaction could not be inserted'),
('2744', 'INSERT INTO gl_trans ( type, type_no, tran_date,\n	account, dimension_id, dimension2_id, memo_, amount, gst) VALUES (&#039;0&#039;, &#039;3&#039;, &#039;2015-04-16&#039;,\n	&#039;5010&#039;, &#039;0&#039;, &#039;0&#039;, &#039;ADJ OF INVENTORY AND PURCHASES - REF COMPACT METAL&#039;, &#039;100&#039;, &#039;&#039;) ', '1', 'The GL transaction could not be inserted'),
('2745', 'REPLACE refs SET reference=&#039;GJ00002&#039;, type=&#039;0&#039;, id=&#039;3&#039;', '1', 'could not update reference entry'),
('2746', 'UPDATE sys_types SET next_reference=&#039;GJ00003&#039; WHERE type_id = &#039;0&#039;', '1', 'The next transaction ref for 0 could not be updated'),
('2747', 'INSERT INTO comments (type, id, date_, memo_)\n    		VALUES (&#039;0&#039;, &#039;3&#039;, &#039;2015-04-16&#039;, &#039;ADJ OF INVENTORY AND PURCHASES - REF COMPACT METAL&#039;)', '1', 'could not add comments transaction entry'),
('2748', 'INSERT INTO audit_trail (type, trans_no, user, fiscal_year, gl_date, description, gl_seq)\n    			VALUES(&#039;0&#039;, &#039;3&#039;,1,2,&#039;2015-04-16&#039;,&#039;&#039;, 0)', '1', 'Cannot add audit info'),
('2749', 'UPDATE audit_trail SET gl_seq = NULL WHERE type=&#039;0&#039; AND trans_no=&#039;3&#039; AND id!=1109', '1', 'Cannot update audit gl_seq'),
('2750', 'COMMIT', '1', 'could not commit a transaction'),
('2751', 'BEGIN', '1', 'could not start a transaction'),
('2752', 'INSERT INTO gl_trans ( type, type_no, tran_date,\n	account, dimension_id, dimension2_id, memo_, amount, gst) VALUES (&#039;0&#039;, &#039;4&#039;, &#039;2015-05-13&#039;,\n	&#039;1510&#039;, &#039;0&#039;, &#039;0&#039;, &#039;ADJ OF INVENTORY AND PURCHASES - REF BH JAYA&#039;, &#039;-54&#039;, &#039;&#039;) ', '1', 'The GL transaction could not be inserted'),
('2753', 'INSERT INTO gl_trans ( type, type_no, tran_date,\n	account, dimension_id, dimension2_id, memo_, amount, gst) VALUES (&#039;0&#039;, &#039;4&#039;, &#039;2015-05-13&#039;,\n	&#039;5010&#039;, &#039;0&#039;, &#039;0&#039;, &#039;ADJ OF INVENTORY AND PURCHASES - REF BH JAYA&#039;, &#039;54&#039;, &#039;&#039;) ', '1', 'The GL transaction could not be inserted'),
('2754', 'REPLACE refs SET reference=&#039;GJ00003&#039;, type=&#039;0&#039;, id=&#039;4&#039;', '1', 'could not update reference entry'),
('2755', 'UPDATE sys_types SET next_reference=&#039;GJ00004&#039; WHERE type_id = &#039;0&#039;', '1', 'The next transaction ref for 0 could not be updated'),
('2756', 'INSERT INTO comments (type, id, date_, memo_)\n    		VALUES (&#039;0&#039;, &#039;4&#039;, &#039;2015-05-13&#039;, &#039;ADJ OF INVENTORY AND PURCHASES - REF BH JAYA&#039;)', '1', 'could not add comments transaction entry'),
('2757', 'INSERT INTO audit_trail (type, trans_no, user, fiscal_year, gl_date, description, gl_seq)\n    			VALUES(&#039;0&#039;, &#039;4&#039;,1,2,&#039;2015-05-13&#039;,&#039;&#039;, 0)', '1', 'Cannot add audit info'),
('2758', 'UPDATE audit_trail SET gl_seq = NULL WHERE type=&#039;0&#039; AND trans_no=&#039;4&#039; AND id!=1110', '1', 'Cannot update audit gl_seq'),
('2759', 'COMMIT', '1', 'could not commit a transaction'),
('2760', 'BEGIN', '1', 'could not start a transaction'),
('2761', 'INSERT INTO gl_trans ( type, type_no, tran_date,\n	account, dimension_id, dimension2_id, memo_, amount, gst) VALUES (&#039;0&#039;, &#039;5&#039;, &#039;2015-07-22&#039;,\n	&#039;1510&#039;, &#039;0&#039;, &#039;0&#039;, &#039;ADJ OF INVENTORY AND PURCHASES - REF PT GLOBAL &#039;, &#039;-1800&#039;, &#039;&#039;) ', '1', 'The GL transaction could not be inserted'),
('2762', 'INSERT INTO gl_trans ( type, type_no, tran_date,\n	account, dimension_id, dimension2_id, memo_, amount, gst) VALUES (&#039;0&#039;, &#039;5&#039;, &#039;2015-07-22&#039;,\n	&#039;5010&#039;, &#039;0&#039;, &#039;0&#039;, &#039;ADJ OF INVENTORY AND PURCHASES - REF BH JAYA&#039;, &#039;1800&#039;, &#039;&#039;) ', '1', 'The GL transaction could not be inserted'),
('2763', 'REPLACE refs SET reference=&#039;GJ00004&#039;, type=&#039;0&#039;, id=&#039;5&#039;', '1', 'could not update reference entry'),
('2764', 'UPDATE sys_types SET next_reference=&#039;GJ00005&#039; WHERE type_id = &#039;0&#039;', '1', 'The next transaction ref for 0 could not be updated'),
('2765', 'INSERT INTO comments (type, id, date_, memo_)\n    		VALUES (&#039;0&#039;, &#039;5&#039;, &#039;2015-07-22&#039;, &#039;ADJ OF INVENTORY AND PURCHASES - REF BH JAYA&#039;)', '1', 'could not add comments transaction entry'),
('2766', 'INSERT INTO audit_trail (type, trans_no, user, fiscal_year, gl_date, description, gl_seq)\n    			VALUES(&#039;0&#039;, &#039;5&#039;,1,2,&#039;2015-07-22&#039;,&#039;&#039;, 0)', '1', 'Cannot add audit info'),
('2767', 'UPDATE audit_trail SET gl_seq = NULL WHERE type=&#039;0&#039; AND trans_no=&#039;5&#039; AND id!=1111', '1', 'Cannot update audit gl_seq'),
('2768', 'COMMIT', '1', 'could not commit a transaction'),
('2769', 'UPDATE users SET last_visit_date=&#039;2015-10-14 11:23:53&#039;\n		WHERE user_id=&#039;lonengineering&#039;', '1', 'could not update last visit date for user lonengineering'),
('2770', 'INSERT INTO chart_master (account_code, account_code2, account_name, account_type)\n		VALUES (&#039;1301&#039;, &#039;&#039;, &#039;GST Payment&#039;, &#039;1&#039;)', '1', ''),
('2771', 'BEGIN', '1', 'could not start a transaction'),
('2772', 'INSERT INTO gl_trans ( type, type_no, tran_date,\n	account, dimension_id, dimension2_id, memo_, amount, gst, person_type_id, person_id) VALUES (&#039;1&#039;, &#039;114&#039;, &#039;2015-07-21&#039;,\n	&#039;1301&#039;, &#039;0&#039;, &#039;0&#039;, &#039;GST PAYMENT APR TO MAY&#039;, &#039;98.9&#039;, &#039;20&#039;, &#039;0&#039;, &#039;&#039;) ', '1', 'The GL transaction could not be inserted'),
('2773', 'INSERT INTO gl_trans ( type, type_no, tran_date,\n	account, dimension_id, dimension2_id, memo_, amount, gst, person_type_id, person_id) VALUES (&#039;1&#039;, &#039;114&#039;, &#039;2015-07-21&#039;,\n	&#039;1300&#039;, &#039;0&#039;, &#039;0&#039;, &#039;&#039;, &#039;0&#039;, &#039;&#039;, &#039;0&#039;, &#039;&#039;) ', '1', 'The GL transaction could not be inserted'),
('2774', 'INSERT INTO bank_trans (type, trans_no, bank_act, ref,\n		trans_date, amount, person_type_id, person_id, tax_inclusive, cheque) VALUES (1, 114, &#039;2&#039;, &#039;PV00019&#039;, &#039;2015-07-21&#039;,\n		&#039;-98.9&#039;, &#039;0&#039;, &#039;&#039;, &#039;0&#039;, &#039;CASH&#039; )', '1', 'Cannot insert a source bank transaction'),
('2775', 'INSERT INTO gl_trans ( type, type_no, tran_date,\n	account, dimension_id, dimension2_id, memo_, amount, gst, person_type_id, person_id) VALUES (&#039;1&#039;, &#039;114&#039;, &#039;2015-07-21&#039;,\n	&#039;1065&#039;, &#039;0&#039;, &#039;0&#039;, &#039;GST PAYMENT APR TO MAY&#039;, &#039;-98.9&#039;, &#039;0&#039;, &#039;0&#039;, &#039;&#039;) ', '1', 'The GL transaction could not be inserted'),
('2776', 'INSERT INTO comments (type, id, date_, memo_)\n    		VALUES (&#039;1&#039;, &#039;114&#039;, &#039;2015-07-21&#039;, &#039;GST PAYMENT APR TO MAY&#039;)', '1', 'could not add comments transaction entry'),
('2777', 'REPLACE refs SET reference=&#039;PV00019&#039;, type=&#039;1&#039;, id=&#039;114&#039;', '1', 'could not update reference entry'),
('2778', 'UPDATE sys_types SET next_reference=&#039;PV00020&#039; WHERE type_id = &#039;1&#039;', '1', 'The next transaction ref for 1 could not be updated'),
('2779', 'INSERT INTO audit_trail (type, trans_no, user, fiscal_year, gl_date, description, gl_seq)\n    			VALUES(&#039;1&#039;, &#039;114&#039;,1,2,&#039;2015-07-21&#039;,&#039;&#039;, 0)', '1', 'Cannot add audit info'),
('2780', 'UPDATE audit_trail SET gl_seq = NULL WHERE type=&#039;1&#039; AND trans_no=&#039;114&#039; AND id!=1112', '1', 'Cannot update audit gl_seq'),
('2781', 'COMMIT', '1', 'could not commit a transaction'),
('2782', 'UPDATE users SET last_visit_date=&#039;2015-10-14 11:29:30&#039;\n		WHERE user_id=&#039;lonengineering&#039;', '1', 'could not update last visit date for user lonengineering'),
('2783', 'BEGIN', '1', 'could not start a transaction'),
('2784', 'INSERT INTO gl_trans ( type, type_no, tran_date,\n	account, dimension_id, dimension2_id, memo_, amount, gst, person_type_id, person_id) VALUES (&#039;1&#039;, &#039;115&#039;, &#039;2015-09-30&#039;,\n	&#039;1301&#039;, &#039;0&#039;, &#039;0&#039;, &#039;GST PAYMENT JUN TO AUG&#039;, &#039;10040.53&#039;, &#039;20&#039;, &#039;0&#039;, &#039;&#039;) ', '1', 'The GL transaction could not be inserted'),
('2785', 'INSERT INTO gl_trans ( type, type_no, tran_date,\n	account, dimension_id, dimension2_id, memo_, amount, gst, person_type_id, person_id) VALUES (&#039;1&#039;, &#039;115&#039;, &#039;2015-09-30&#039;,\n	&#039;1300&#039;, &#039;0&#039;, &#039;0&#039;, &#039;&#039;, &#039;0&#039;, &#039;&#039;, &#039;0&#039;, &#039;&#039;) ', '1', 'The GL transaction could not be inserted'),
('2786', 'INSERT INTO bank_trans (type, trans_no, bank_act, ref,\n		trans_date, amount, person_type_id, person_id, tax_inclusive, cheque) VALUES (1, 115, &#039;2&#039;, &#039;PV00020&#039;, &#039;2015-09-30&#039;,\n		&#039;-10040.53&#039;, &#039;0&#039;, &#039;&#039;, &#039;0&#039;, &#039;CASH&#039; )', '1', 'Cannot insert a source bank transaction'),
('2787', 'INSERT INTO gl_trans ( type, type_no, tran_date,\n	account, dimension_id, dimension2_id, memo_, amount, gst, person_type_id, person_id) VALUES (&#039;1&#039;, &#039;115&#039;, &#039;2015-09-30&#039;,\n	&#039;1065&#039;, &#039;0&#039;, &#039;0&#039;, &#039;GST PAYMENT JUN TO AUG&#039;, &#039;-10040.53&#039;, &#039;0&#039;, &#039;0&#039;, &#039;&#039;) ', '1', 'The GL transaction could not be inserted'),
('2788', 'INSERT INTO comments (type, id, date_, memo_)\n    		VALUES (&#039;1&#039;, &#039;115&#039;, &#039;2015-09-30&#039;, &#039;GST PAYMENT JUN TO AUG&#039;)', '1', 'could not add comments transaction entry'),
('2789', 'REPLACE refs SET reference=&#039;PV00020&#039;, type=&#039;1&#039;, id=&#039;115&#039;', '1', 'could not update reference entry'),
('2790', 'UPDATE sys_types SET next_reference=&#039;PV00021&#039; WHERE type_id = &#039;1&#039;', '1', 'The next transaction ref for 1 could not be updated'),
('2791', 'INSERT INTO audit_trail (type, trans_no, user, fiscal_year, gl_date, description, gl_seq)\n    			VALUES(&#039;1&#039;, &#039;115&#039;,1,2,&#039;2015-09-30&#039;,&#039;&#039;, 0)', '1', 'Cannot add audit info'),
('2792', 'UPDATE audit_trail SET gl_seq = NULL WHERE type=&#039;1&#039; AND trans_no=&#039;115&#039; AND id!=1113', '1', 'Cannot update audit gl_seq'),
('2793', 'COMMIT', '1', 'could not commit a transaction'),
('2794', 'UPDATE chart_master SET account_name=&#039;GST PAYMENT&#039;,account_type=&#039;1&#039;, account_code2=&#039;&#039; WHERE account_code = &#039;1301&#039;', '1', ''),
('2795', 'UPDATE chart_master SET inactive = 0 WHERE account_code=&#039;1301&#039;', '1', 'Can&#039;t update record status'),
('2796', 'UPDATE users SET last_visit_date=&#039;2015-11-01 17:05:45&#039;\n		WHERE user_id=&#039;lonengineering&#039;', '1', 'could not update last visit date for user lonengineering');

### Structure of table `stock_category` ###

DROP TABLE IF EXISTS `stock_category`;

CREATE TABLE `stock_category` (
  `category_id` int(11) NOT NULL AUTO_INCREMENT,
  `description` varchar(60) COLLATE utf8_unicode_ci NOT NULL DEFAULT '',
  `dflt_tax_type` int(11) NOT NULL DEFAULT '1',
  `dflt_units` varchar(20) COLLATE utf8_unicode_ci NOT NULL DEFAULT 'each',
  `dflt_mb_flag` char(1) COLLATE utf8_unicode_ci NOT NULL DEFAULT 'B',
  `dflt_sales_act` varchar(15) COLLATE utf8_unicode_ci NOT NULL DEFAULT '',
  `dflt_cogs_act` varchar(15) COLLATE utf8_unicode_ci NOT NULL DEFAULT '',
  `dflt_inventory_act` varchar(15) COLLATE utf8_unicode_ci NOT NULL DEFAULT '',
  `dflt_adjustment_act` varchar(15) COLLATE utf8_unicode_ci NOT NULL DEFAULT '',
  `dflt_assembly_act` varchar(15) COLLATE utf8_unicode_ci NOT NULL DEFAULT '',
  `dflt_dim1` int(11) DEFAULT NULL,
  `dflt_dim2` int(11) DEFAULT NULL,
  `inactive` tinyint(1) NOT NULL DEFAULT '0',
  `dflt_no_sale` tinyint(1) NOT NULL DEFAULT '0',
  PRIMARY KEY (`category_id`),
  UNIQUE KEY `description` (`description`)
) ENGINE=MyISAM AUTO_INCREMENT=3 DEFAULT CHARSET=utf8 COLLATE=utf8_unicode_ci ;

### Data of table `stock_category` ###

INSERT INTO `stock_category` VALUES
('1', 'PROJECT SALES', '1', 'each', 'D', '4010', '5010', '1510', '5040', '1530', '0', '0', '0', '0'),
('2', 'PURCHASES', '1', 'each', 'D', '4010', '5010', '1510', '5040', '1530', '0', '0', '0', '0');

### Structure of table `stock_master` ###

DROP TABLE IF EXISTS `stock_master`;

CREATE TABLE `stock_master` (
  `stock_id` varchar(20) COLLATE utf8_unicode_ci NOT NULL DEFAULT '',
  `category_id` int(11) NOT NULL DEFAULT '0',
  `tax_type_id` int(11) NOT NULL DEFAULT '0',
  `description` varchar(200) COLLATE utf8_unicode_ci NOT NULL DEFAULT '',
  `long_description` tinytext COLLATE utf8_unicode_ci NOT NULL,
  `units` varchar(20) COLLATE utf8_unicode_ci NOT NULL DEFAULT 'each',
  `mb_flag` char(1) COLLATE utf8_unicode_ci NOT NULL DEFAULT 'B',
  `sales_account` varchar(15) COLLATE utf8_unicode_ci NOT NULL DEFAULT '',
  `cogs_account` varchar(15) COLLATE utf8_unicode_ci NOT NULL DEFAULT '',
  `inventory_account` varchar(15) COLLATE utf8_unicode_ci NOT NULL DEFAULT '',
  `adjustment_account` varchar(15) COLLATE utf8_unicode_ci NOT NULL DEFAULT '',
  `assembly_account` varchar(15) COLLATE utf8_unicode_ci NOT NULL DEFAULT '',
  `dimension_id` int(11) DEFAULT NULL,
  `dimension2_id` int(11) DEFAULT NULL,
  `actual_cost` double NOT NULL DEFAULT '0',
  `last_cost` double NOT NULL DEFAULT '0',
  `material_cost` double NOT NULL DEFAULT '0',
  `labour_cost` double NOT NULL DEFAULT '0',
  `overhead_cost` double NOT NULL DEFAULT '0',
  `inactive` tinyint(1) NOT NULL DEFAULT '0',
  `no_sale` tinyint(1) NOT NULL DEFAULT '0',
  `editable` tinyint(1) NOT NULL DEFAULT '0',
  `sales_gst_type` int(11) NOT NULL,
  `purchase_gst_type` int(11) NOT NULL,
  PRIMARY KEY (`stock_id`)
) ENGINE=InnoDB DEFAULT CHARSET=utf8 COLLATE=utf8_unicode_ci ;

### Data of table `stock_master` ###

INSERT INTO `stock_master` VALUES
('BCS_DAMANSARA', '1', '0', 'BUILDING CONTROL SYSTEM DAMANSARA CITY PHASE 2', 'BUILDING CONTROL SYSTEM DAMANSARA CITY PHASE 2', 'each', 'B', '4010', '5010', '1510', '5040', '1530', '0', '0', '0', '455.99', '455.99', '0', '0', '0', '0', '0', '26', '12'),
('BCS_SALES', '1', '0', 'BCS DAMANSARA', '', 'each', 'D', '4010', '5010', '1510', '5040', '1530', '0', '0', '0', '0', '0', '0', '0', '0', '0', '0', '26', '12'),
('BMS_ION', '1', '0', 'BUILDING MANAGEMENT SYSTEM IOI CITY MALL', 'BUILDING MANAGEMENT SYSTEM IOI CITY MALL', 'each', 'B', '4010', '5010', '1510', '5040', '1530', '0', '0', '0', '0', '0', '0', '0', '0', '0', '0', '26', '12'),
('IPH', '1', '0', 'IMPERIA PUTERI HARBOUR', 'IMPERIA PUTERI HARBOUR', 'each', 'B', '4010', '5010', '1510', '5040', '1530', '0', '0', '0', '0', '0', '0', '0', '0', '0', '0', '26', '12'),
('IPHJ', '1', '0', 'IPHJ-IMPERIAL PUTERI HARBOUR JOHOR', '', 'each', 'D', '4010', '5010', '1510', '5040', '1530', '0', '0', '0', '0', '0', '0', '0', '0', '0', '0', '26', '12'),
('KL_SENTRAL', '1', '0', 'KL SENTRAL LOT B', 'KL SENTRAL LOT B', 'each', 'B', '4010', '5010', '1510', '5040', '1530', '0', '0', '0', '0', '0', '0', '0', '0', '0', '0', '26', '12'),
('KLS', '1', '0', 'KLS-KL SENTRAL LOT B PROJECT', '', 'each', 'D', '4010', '5010', '1510', '5040', '1530', '0', '0', '0', '0', '0', '0', '0', '0', '0', '0', '26', '12'),
('MATRADE', '1', '0', 'PUSUT PAMERAN MATRADE', 'PUSUT PAMERAN MATRADE,KUALA LUMPUR', 'each', 'B', '4010', '5010', '1510', '5040', '1530', '0', '0', '0', '0', '0', '0', '0', '0', '0', '0', '26', '12'),
('MKL', '1', '0', 'MKL-MATRADE KUALA LUMPUR', '', 'each', 'D', '4010', '5010', '1510', '5040', '1530', '0', '0', '0', '0', '0', '0', '0', '0', '0', '0', '26', '12'),
('PHTP', '1', '0', 'PHTP-PUTERI HARBOUR TEEGA PROJECT', '', 'each', 'D', '4010', '5010', '1510', '5040', '1530', '0', '0', '0', '0', '0', '0', '0', '0', '0', '0', '26', '12'),
('PURCHASES', '2', '0', 'PURCHASES - HARDWARE', 'PURCHASES - HARDWARE', 'each', 'B', '', '5010', '5010', '5010', '1530', '0', '0', '0', '0', '1160.7903682721', '0', '0', '0', '0', '0', '26', '12'),
('R1', '1', '0', 'RETENTION FUND - KL SENTRAL LOT B', 'RETENTION FUND - KL SENTRAL LOT B', 'each', 'D', '1210', '5010', '1510', '5040', '1530', '0', '0', '0', '0', '0', '0', '0', '0', '0', '0', '26', '12'),
('R2', '1', '0', 'RETENTION FUND - IOI CITY MALL', 'RETENTION FUND - IOI CITY MALL', 'each', 'D', '1210', '5010', '1510', '5040', '1530', '0', '0', '0', '0', '0', '0', '0', '0', '0', '0', '26', '12'),
('R3', '1', '0', 'RETENTION FUND - DAMANSARA CITY PHASE 2', 'RENTENTION FUND - DAMANSARA CITY PHASE 2', 'each', 'D', '1210', '5010', '1510', '5040', '1530', '0', '0', '0', '0', '0', '0', '0', '0', '0', '0', '26', '12'),
('R4', '1', '0', 'RETENTION FUND - TEEGA PUTERI HARBOUR', 'RETENTION FUND - TEEGA PUTERI HARBOUR', 'each', 'D', '1210', '5010', '1510', '5040', '1530', '0', '0', '0', '0', '0', '0', '0', '0', '0', '0', '26', '12'),
('RETENTION', '1', '0', 'RETENTION FUND - MATRADE', 'RETENTION FUND - MATRADE', 'each', 'D', '1210', '5010', '1510', '5040', '1530', '0', '0', '0', '0', '0', '0', '0', '0', '0', '0', '26', '12'),
('SL', '2', '0', 'SUB LABOUR', 'SUB LABOUR', 'each', 'B', '4010', '5020', '5020', '5040', '1530', '0', '0', '0', '0', '1800', '0', '0', '0', '0', '0', '31', '20'),
('TESTING', '2', '0', 'TESTING &amp; COMMISSIONING', 'TESTING &amp; COMMISSIONING', 'each', 'D', '4010', '5040', '1510', '5040', '1530', '0', '0', '0', '0', '0', '0', '0', '0', '0', '0', '26', '12'),
('TPH', '1', '0', 'TEEGA PUTERI HARBOUR', 'TEEGA PUTERI HARBOUR', 'each', 'B', '4010', '5010', '1510', '5040', '1530', '0', '0', '0', '0', '0', '0', '0', '0', '0', '0', '26', '12');

### Structure of table `stock_moves` ###

DROP TABLE IF EXISTS `stock_moves`;

CREATE TABLE `stock_moves` (
  `trans_id` int(11) NOT NULL AUTO_INCREMENT,
  `trans_no` int(11) NOT NULL DEFAULT '0',
  `stock_id` char(20) COLLATE utf8_unicode_ci NOT NULL DEFAULT '',
  `type` smallint(6) NOT NULL DEFAULT '0',
  `loc_code` char(5) COLLATE utf8_unicode_ci NOT NULL DEFAULT '',
  `tran_date` date NOT NULL DEFAULT '0000-00-00',
  `person_id` int(11) DEFAULT NULL,
  `price` double NOT NULL DEFAULT '0',
  `reference` char(40) COLLATE utf8_unicode_ci NOT NULL DEFAULT '',
  `qty` double NOT NULL DEFAULT '1',
  `discount_percent` double NOT NULL DEFAULT '0',
  `standard_cost` double NOT NULL DEFAULT '0',
  `visible` tinyint(1) NOT NULL DEFAULT '1',
  PRIMARY KEY (`trans_id`),
  KEY `type` (`type`,`trans_no`),
  KEY `Move` (`stock_id`,`loc_code`,`tran_date`)
) ENGINE=InnoDB AUTO_INCREMENT=490 DEFAULT CHARSET=utf8 COLLATE=utf8_unicode_ci ;

### Data of table `stock_moves` ###

INSERT INTO `stock_moves` VALUES
('471', '0', 'MATRADE', '0', '', '2017-12-31', NULL, '0', 'Open Balance', '-4', '0', '0', '1'),
('472', '0', 'R4', '0', '', '2017-12-31', NULL, '0', 'Open Balance', '-2', '0', '0', '1'),
('473', '0', 'RETENTION', '0', '', '2017-12-31', NULL, '0', 'Open Balance', '-2', '0', '0', '1'),
('474', '0', 'TPH', '0', '', '2017-12-31', NULL, '0', 'Open Balance', '-4', '0', '0', '1'),
('475', '0', 'BCS_SALES', '0', 'DEF', '2017-12-31', NULL, '0', 'Open Balance', '-3', '0', '0', '1'),
('476', '0', 'IPH', '0', 'DEF', '2017-12-31', NULL, '0', 'Open Balance', '-1', '0', '0', '1'),
('477', '0', 'IPHJ', '0', 'DEF', '2017-12-31', NULL, '0', 'Open Balance', '-1', '0', '0', '1'),
('478', '0', 'KL_SENTRAL', '0', 'DEF', '2017-12-31', NULL, '0', 'Open Balance', '-6', '0', '0', '1'),
('479', '0', 'KLS', '0', 'DEF', '2017-12-31', NULL, '0', 'Open Balance', '-1', '0', '0', '1'),
('480', '0', 'MATRADE', '0', 'DEF', '2017-12-31', NULL, '0', 'Open Balance', '-5', '0', '0', '1'),
('481', '0', 'MKL', '0', 'DEF', '2017-12-31', NULL, '0', 'Open Balance', '-4', '0', '0', '1'),
('482', '0', 'PHTP', '0', 'DEF', '2017-12-31', NULL, '0', 'Open Balance', '-5', '0', '0', '1'),
('483', '0', 'PURCHASES', '0', 'DEF', '2017-12-31', NULL, '0', 'Open Balance', '353', '0', '775.76', '1'),
('484', '0', 'R4', '0', 'DEF', '2017-12-31', NULL, '0', 'Open Balance', '-3', '0', '0', '1'),
('485', '0', 'RETENTION', '0', 'DEF', '2017-12-31', NULL, '0', 'Open Balance', '-4', '0', '0', '1'),
('486', '0', 'SL', '0', 'DEF', '2017-12-31', NULL, '0', 'Open Balance', '1', '0', '1800', '1'),
('487', '0', 'TESTING', '0', 'DEF', '2017-12-31', NULL, '0', 'Open Balance', '2', '0', '0', '1'),
('488', '0', 'TPH', '0', 'DEF', '2017-12-31', NULL, '0', 'Open Balance', '-3', '0', '0', '1');

### Structure of table `supp_allocations` ###

DROP TABLE IF EXISTS `supp_allocations`;

CREATE TABLE `supp_allocations` (
  `id` int(11) NOT NULL AUTO_INCREMENT,
  `amt` double unsigned DEFAULT NULL,
  `date_alloc` date NOT NULL DEFAULT '0000-00-00',
  `trans_no_from` int(11) DEFAULT NULL,
  `trans_type_from` int(11) DEFAULT NULL,
  `trans_no_to` int(11) DEFAULT NULL,
  `trans_type_to` int(11) DEFAULT NULL,
  PRIMARY KEY (`id`),
  KEY `From` (`trans_type_from`,`trans_no_from`),
  KEY `To` (`trans_type_to`,`trans_no_to`)
) ENGINE=InnoDB AUTO_INCREMENT=201 DEFAULT CHARSET=utf8 COLLATE=utf8_unicode_ci ;

### Data of table `supp_allocations` ###

INSERT INTO `supp_allocations` VALUES
('11', '11643.199999999999', '2015-07-13', '6', '21', '195', '20'),
('32', '483.35', '2015-06-30', '21', '22', '237', '20'),
('33', '483.35', '2015-06-30', '21', '22', '238', '20'),
('34', '483.35', '2015-06-30', '21', '22', '239', '20'),
('52', '281.2', '2015-06-30', '32', '22', '10', '20'),
('53', '559.68', '2015-06-30', '32', '22', '9', '20'),
('54', '466.4', '2015-06-30', '32', '22', '8', '20'),
('55', '530', '2015-06-30', '32', '22', '7', '20'),
('56', '275.6', '2015-06-30', '32', '22', '159', '20'),
('57', '79.5', '2015-06-30', '32', '22', '135', '20'),
('115', '148.4', '2015-05-31', '39', '22', '66', '20'),
('116', '385.85', '2015-05-31', '39', '22', '65', '20'),
('117', '2174.6', '2015-05-31', '39', '22', '64', '20'),
('118', '540.6', '2015-05-31', '39', '22', '63', '20'),
('119', '1698.65', '2015-05-31', '39', '22', '62', '20'),
('120', '489.7', '2015-05-31', '39', '22', '61', '20'),
('121', '1639.8', '2015-05-31', '39', '22', '60', '20'),
('122', '199.8', '2015-05-31', '39', '22', '59', '20'),
('123', '655.5', '2015-05-31', '39', '22', '58', '20'),
('124', '318', '2015-05-31', '39', '22', '57', '20'),
('125', '1127.85', '2015-05-31', '39', '22', '56', '20'),
('126', '257.05', '2015-05-31', '39', '22', '55', '20'),
('127', '169.6', '2015-05-31', '39', '22', '54', '20'),
('128', '1788', '2015-05-31', '39', '22', '53', '20'),
('129', '132.5', '2015-05-31', '39', '22', '52', '20'),
('130', '47.15', '2015-06-30', '40', '22', '157', '20'),
('131', '137.05', '2015-06-30', '40', '22', '158', '20'),
('132', '887.75', '2015-06-30', '40', '22', '161', '20'),
('133', '580.65', '2015-06-30', '40', '22', '154', '20'),
('134', '1162.8', '2015-06-30', '40', '22', '155', '20'),
('135', '1020.8', '2015-06-30', '40', '22', '147', '20'),
('136', '143.1', '2015-06-30', '40', '22', '146', '20'),
('137', '1415.1', '2015-06-30', '40', '22', '134', '20'),
('138', '890.4', '2015-06-30', '40', '22', '143', '20'),
('139', '20.15', '2015-06-30', '40', '22', '140', '20'),
('140', '1008.05', '2015-06-30', '40', '22', '138', '20'),
('141', '604.2', '2015-06-30', '40', '22', '139', '20'),
('142', '1334.54', '2015-06-30', '40', '22', '137', '20');

### Structure of table `supp_invoice_items` ###

DROP TABLE IF EXISTS `supp_invoice_items`;

CREATE TABLE `supp_invoice_items` (
  `id` int(11) NOT NULL AUTO_INCREMENT,
  `supp_trans_no` int(11) DEFAULT NULL,
  `supp_trans_type` int(11) DEFAULT NULL,
  `gl_code` varchar(15) COLLATE utf8_unicode_ci NOT NULL DEFAULT '',
  `grn_item_id` int(11) DEFAULT NULL,
  `po_detail_item_id` int(11) DEFAULT NULL,
  `stock_id` varchar(20) COLLATE utf8_unicode_ci NOT NULL DEFAULT '',
  `description` tinytext COLLATE utf8_unicode_ci,
  `quantity` double NOT NULL DEFAULT '0',
  `unit_price` double NOT NULL DEFAULT '0',
  `unit_tax` double NOT NULL DEFAULT '0',
  `memo_` tinytext COLLATE utf8_unicode_ci,
  `tax_type_id` int(11) DEFAULT NULL,
  PRIMARY KEY (`id`),
  KEY `Transaction` (`supp_trans_type`,`supp_trans_no`,`stock_id`)
) ENGINE=InnoDB AUTO_INCREMENT=403 DEFAULT CHARSET=utf8 COLLATE=utf8_unicode_ci ;

### Data of table `supp_invoice_items` ###

INSERT INTO `supp_invoice_items` VALUES
('61', '61', '20', '0', '61', '61', 'PURCHASES', 'PURCHASES - HARDWARE', '1', '461.98', '0', NULL, '12'),
('64', '64', '20', '0', '64', '64', 'PURCHASES', 'PURCHASES - HARDWARE', '1', '2051.51', '0', NULL, '12'),
('65', '65', '20', '0', '65', '65', 'PURCHASES', 'PURCHASES - HARDWARE', '1', '364.01', '0', NULL, '12'),
('69', '69', '20', '0', '69', '69', 'PURCHASES', 'PURCHASES - HARDWARE', '1', '168.02', '0', NULL, '12'),
('122', '122', '20', '0', '122', '122', 'PURCHASES', 'PURCHASES - HARDWARE', '1', '939.5', '0', NULL, '16'),
('123', '123', '20', '0', '123', '123', 'PURCHASES', 'PURCHASES - HARDWARE', '1', '437', '0', NULL, '16'),
('124', '124', '20', '0', '124', '124', 'PURCHASES', 'PURCHASES - HARDWARE', '1', '724', '0', NULL, '16'),
('125', '125', '20', '0', '125', '125', 'PURCHASES', 'PURCHASES - HARDWARE', '1', '195.5', '0', NULL, '16'),
('126', '126', '20', '0', '126', '126', 'PURCHASES', 'PURCHASES - HARDWARE', '1', '1792.1', '0', NULL, '16'),
('140', '140', '20', '0', '140', '140', 'PURCHASES', 'PURCHASES - HARDWARE', '1', '19.01', '0', NULL, '12'),
('158', '158', '20', '0', '158', '158', 'PURCHASES', 'PURCHASES - HARDWARE', '1', '129.29', '0', NULL, '12'),
('186', '187', '20', '0', '186', '186', 'PURCHASES', 'PURCHASES - HARDWARE', '1', '2729', '0', NULL, '16'),
('189', '190', '20', '0', '189', '189', 'PURCHASES', 'PURCHASES - HARDWARE', '1', '2123', '0', NULL, '12'),
('190', '191', '20', '0', '190', '190', 'PURCHASES', 'PURCHASES - HARDWARE', '1', '5005', '0', NULL, '12'),
('191', '192', '20', '0', '191', '191', 'PURCHASES', 'PURCHASES - HARDWARE', '1', '42460', '0', NULL, '12'),
('192', '193', '20', '0', '192', '192', 'PURCHASES', 'PURCHASES - HARDWARE', '1', '10240.71', '0', NULL, '12'),
('195', '196', '20', '0', '195', '195', 'PURCHASES', 'PURCHASES - HARDWARE', '1', '2384.36', '0', NULL, '12'),
('197', '198', '20', '0', '197', '197', 'PURCHASES', 'PURCHASES - HARDWARE', '1', '4537.5', '0', NULL, '17'),
('198', '199', '20', '0', '198', '198', 'PURCHASES', 'PURCHASES - HARDWARE', '1', '6050', '0', NULL, '17'),
('200', '201', '20', '0', '201', '201', 'PURCHASES', 'PURCHASES - HARDWARE', '1', '612', '0', NULL, '12'),
('203', '204', '20', '0', '204', '204', 'PURCHASES', 'PURCHASES - HARDWARE', '1', '6255', '0', NULL, '12'),
('204', '205', '20', '5010', '0', '0', '', NULL, '0', '1912.35', '0', NULL, '16'),
('205', '206', '20', '5010', '0', '0', '', NULL, '0', '5608.5', '0', NULL, '16'),
('206', '207', '20', '5010', '0', '0', '', NULL, '0', '1154.35', '0', NULL, '16'),
('208', '209', '20', '5010', '0', '0', '', NULL, '0', '6377.25', '0', NULL, '16'),
('209', '210', '20', '5010', '0', '0', '', NULL, '0', '3958.6', '0', NULL, '16'),
('210', '211', '20', '5010', '0', '0', '', NULL, '0', '3066.7', '0', NULL, '16'),
('212', '213', '20', '5010', '0', '0', '', NULL, '0', '22495', '0', NULL, '16'),
('214', '215', '20', '5010', '0', '0', '', NULL, '0', '10718.85', '0', NULL, '16'),
('215', '216', '20', '5010', '0', '0', '', NULL, '0', '6039', '0', NULL, '16'),
('216', '217', '20', '5010', '0', '0', '', NULL, '0', '5641.15', '0', NULL, '16'),
('218', '219', '20', '5010', '0', '0', '', NULL, '0', '12126.4', '0', NULL, '12'),
('219', '220', '20', '5010', '0', '0', '', NULL, '0', '8520', '0', NULL, '12'),
('222', '223', '20', '5010', '0', '0', '', NULL, '0', '6400', '0', NULL, '12'),
('223', '224', '20', '5010', '0', '0', '', NULL, '0', '2670', '0', NULL, '12'),
('228', '233', '20', '0', '209', '209', 'PURCHASES', 'PURCHASES - HARDWARE', '1', '2133', '0', NULL, '12'),
('229', '234', '20', '0', '210', '210', 'PURCHASES', 'PURCHASES - HARDWARE', '1', '33495', '0', NULL, '12'),
('235', '6', '21', '2130', '0', '0', '', NULL, '0', '-11643.2', '0', 'CONTRA PAYMENT WITH 13-7-15', '20'),
('240', '235', '20', '0', '211', '211', 'PURCHASES', 'PURCHASES - HARDWARE', '1', '7491', '0', NULL, '12'),
('242', '237', '20', '0', '213', '213', 'PURCHASES', 'PURCHASES - HARDWARE', '1', '455.99', '0', NULL, '12'),
('243', '238', '20', '0', '214', '214', 'PURCHASES', 'PURCHASES - HARDWARE', '1', '455.99', '0', NULL, '12'),
('244', '239', '20', '0', '215', '215', 'PURCHASES', 'PURCHASES - HARDWARE', '1', '455.99', '0', NULL, '12'),
('246', '241', '20', '0', '217', '217', 'PURCHASES', 'PURCHASES - HARDWARE', '1', '7876', '0', NULL, '12'),
('247', '242', '20', '0', '218', '218', 'PURCHASES', 'PURCHASES - HARDWARE', '1', '80', '0', NULL, '12'),
('248', '243', '20', '0', '219', '219', 'PURCHASES', 'PURCHASES - HARDWARE', '1', '2102', '0', NULL, '12'),
('249', '244', '20', '0', '220', '220', 'PURCHASES', 'PURCHASES - HARDWARE', '1', '315', '0', NULL, '12'),
('250', '245', '20', '0', '221', '221', 'PURCHASES', 'PURCHASES - HARDWARE', '1', '13', '0', NULL, '12'),
('251', '246', '20', '0', '222', '222', 'PURCHASES', 'PURCHASES - HARDWARE', '1', '1074', '0', NULL, '12'),
('252', '247', '20', '0', '223', '223', 'PURCHASES', 'PURCHASES - HARDWARE', '1', '2587', '0', NULL, '12'),
('253', '248', '20', '0', '224', '224', 'PURCHASES', 'PURCHASES - HARDWARE', '1', '91.5', '0', NULL, '12'),
('254', '249', '20', '0', '225', '225', 'PURCHASES', 'PURCHASES - HARDWARE', '1', '952.5', '0', NULL, '12'),
('255', '250', '20', '0', '226', '226', 'PURCHASES', 'PURCHASES - HARDWARE', '1', '1160', '0', NULL, '12'),
('256', '251', '20', '0', '227', '227', 'PURCHASES', 'PURCHASES - HARDWARE', '1', '168', '0', NULL, '12'),
('257', '252', '20', '0', '228', '228', 'PURCHASES', 'PURCHASES - HARDWARE', '1', '467.4', '0', NULL, '12'),
('258', '253', '20', '0', '229', '229', 'PURCHASES', 'PURCHASES - HARDWARE', '1', '35', '0', NULL, '12'),
('259', '254', '20', '0', '230', '230', 'PURCHASES', 'PURCHASES - HARDWARE', '1', '239', '0', NULL, '12'),
('260', '255', '20', '0', '231', '231', 'PURCHASES', 'PURCHASES - HARDWARE', '1', '75', '0', NULL, '12'),
('261', '256', '20', '0', '232', '232', 'PURCHASES', 'PURCHASES - HARDWARE', '1', '2900', '0', NULL, '12'),
('262', '257', '20', '0', '233', '233', 'PURCHASES', 'PURCHASES - HARDWARE', '1', '565', '0', NULL, '12'),
('264', '259', '20', '0', '235', '235', 'PURCHASES', 'PURCHASES - HARDWARE', '1', '60', '0', NULL, '12'),
('265', '260', '20', '0', '236', '236', 'PURCHASES', 'PURCHASES - HARDWARE', '1', '84.39', '0', NULL, '12'),
('266', '261', '20', '0', '237', '237', 'PURCHASES', 'PURCHASES - HARDWARE', '1', '25', '0', NULL, '12'),
('267', '262', '20', '0', '238', '238', 'PURCHASES', 'PURCHASES - HARDWARE', '1', '34', '0', NULL, '12'),
('268', '263', '20', '0', '239', '239', 'PURCHASES', 'PURCHASES - HARDWARE', '1', '75', '0', NULL, '12'),
('269', '264', '20', '0', '240', '240', 'PURCHASES', 'PURCHASES - HARDWARE', '1', '618.16', '0', NULL, '12'),
('270', '265', '20', '0', '241', '241', 'PURCHASES', 'PURCHASES - HARDWARE', '1', '305', '0', NULL, '12'),
('271', '266', '20', '0', '242', '242', 'PURCHASES', 'PURCHASES - HARDWARE', '1', '520', '0', NULL, '12'),
('272', '267', '20', '0', '243', '243', 'PURCHASES', 'PURCHASES - HARDWARE', '1', '297.2', '0', NULL, '12'),
('273', '268', '20', '0', '244', '244', 'PURCHASES', 'PURCHASES - HARDWARE', '1', '828.02', '0', NULL, '12'),
('274', '269', '20', '0', '245', '245', 'PURCHASES', 'PURCHASES - HARDWARE', '1', '6.3', '0', NULL, '16'),
('275', '270', '20', '0', '246', '246', 'PURCHASES', 'PURCHASES - HARDWARE', '1', '49', '0', NULL, '12'),
('276', '271', '20', '0', '247', '247', 'PURCHASES', 'PURCHASES - HARDWARE', '1', '1172', '0', NULL, '12'),
('277', '272', '20', '0', '248', '248', 'PURCHASES', 'PURCHASES - HARDWARE', '1', '202', '0', NULL, '12'),
('278', '273', '20', '0', '249', '249', 'PURCHASES', 'PURCHASES - HARDWARE', '1', '160', '0', NULL, '12'),
('279', '274', '20', '0', '250', '250', 'PURCHASES', 'PURCHASES - HARDWARE', '1', '2635.75', '0', NULL, '12'),
('280', '275', '20', '0', '251', '251', 'PURCHASES', 'PURCHASES - HARDWARE', '1', '456.5', '0', NULL, '12'),
('281', '276', '20', '0', '252', '252', 'PURCHASES', 'PURCHASES - HARDWARE', '1', '1107.78', '0', NULL, '12'),
('282', '277', '20', '0', '253', '253', 'PURCHASES', 'PURCHASES - HARDWARE', '1', '625', '0', NULL, '12'),
('283', '278', '20', '0', '254', '254', 'PURCHASES', 'PURCHASES - HARDWARE', '1', '15', '0', NULL, '12'),
('284', '279', '20', '0', '255', '255', 'PURCHASES', 'PURCHASES - HARDWARE', '1', '380', '0', NULL, '12'),
('285', '280', '20', '0', '256', '256', 'PURCHASES', 'PURCHASES - HARDWARE', '1', '30', '0', NULL, '12'),
('286', '281', '20', '0', '257', '257', 'PURCHASES', 'PURCHASES - HARDWARE', '1', '216', '0', NULL, '12'),
('287', '282', '20', '0', '258', '258', 'PURCHASES', 'PURCHASES - HARDWARE', '1', '1360', '0', NULL, '12'),
('288', '283', '20', '0', '259', '259', 'PURCHASES', 'PURCHASES - HARDWARE', '1', '265', '0', NULL, '12'),
('289', '284', '20', '0', '260', '260', 'PURCHASES', 'PURCHASES - HARDWARE', '1', '59.88', '0', NULL, '12'),
('290', '285', '20', '0', '261', '261', 'PURCHASES', 'PURCHASES - HARDWARE', '1', '13.49', '0', NULL, '12'),
('291', '286', '20', '0', '262', '262', 'PURCHASES', 'PURCHASES - HARDWARE', '1', '57.5', '0', NULL, '12'),
('292', '287', '20', '0', '263', '263', 'PURCHASES', 'PURCHASES - HARDWARE', '1', '250', '0', NULL, '12'),
('293', '288', '20', '0', '264', '264', 'PURCHASES', 'PURCHASES - HARDWARE', '1', '525', '0', NULL, '12'),
('294', '289', '20', '0', '265', '265', 'PURCHASES', 'PURCHASES - HARDWARE', '1', '19', '0', NULL, '12'),
('295', '290', '20', '0', '266', '266', 'PURCHASES', 'PURCHASES - HARDWARE', '1', '930', '0', NULL, '12'),
('296', '291', '20', '0', '267', '267', 'PURCHASES', 'PURCHASES - HARDWARE', '1', '2781.98', '0', NULL, '12'),
('297', '292', '20', '0', '268', '268', 'PURCHASES', 'PURCHASES - HARDWARE', '1', '900', '0', NULL, '12'),
('298', '293', '20', '0', '269', '269', 'PURCHASES', 'PURCHASES - HARDWARE', '1', '150', '0', NULL, '12'),
('299', '294', '20', '0', '270', '270', 'PURCHASES', 'PURCHASES - HARDWARE', '1', '1661.98', '0', NULL, '12'),
('300', '295', '20', '0', '271', '271', 'PURCHASES', 'PURCHASES - HARDWARE', '1', '535', '0', NULL, '12'),
('301', '296', '20', '0', '272', '272', 'PURCHASES', 'PURCHASES - HARDWARE', '1', '1185.6', '0', NULL, '12'),
('302', '297', '20', '0', '273', '273', 'PURCHASES', 'PURCHASES - HARDWARE', '1', '408', '0', NULL, '12'),
('303', '298', '20', '0', '274', '274', 'PURCHASES', 'PURCHASES - HARDWARE', '1', '1745', '0', NULL, '12'),
('304', '299', '20', '0', '275', '275', 'PURCHASES', 'PURCHASES - HARDWARE', '1', '597.41', '0', NULL, '12'),
('305', '300', '20', '0', '276', '276', 'PURCHASES', 'PURCHASES - HARDWARE', '1', '1071.6', '0', NULL, '12'),
('306', '301', '20', '0', '277', '277', 'PURCHASES', 'PURCHASES - HARDWARE', '1', '218.5', '0', NULL, '12'),
('307', '302', '20', '0', '278', '278', 'PURCHASES', 'PURCHASES - HARDWARE', '1', '235.85', '0', NULL, '12'),
('308', '303', '20', '0', '279', '279', 'PURCHASES', 'PURCHASES - HARDWARE', '1', '239.5', '0', NULL, '12'),
('309', '304', '20', '0', '280', '280', 'PURCHASES', 'PURCHASES - HARDWARE', '1', '141', '0', NULL, '12'),
('310', '305', '20', '0', '281', '281', 'PURCHASES', 'PURCHASES - HARDWARE', '1', '350', '0', NULL, '12'),
('311', '306', '20', '0', '282', '282', 'PURCHASES', 'PURCHASES - HARDWARE', '1', '2390.38', '0', NULL, '12'),
('313', '308', '20', '0', '284', '284', 'PURCHASES', 'PURCHASES - HARDWARE', '1', '514.5', '0', NULL, '12'),
('314', '309', '20', '0', '285', '285', 'PURCHASES', 'PURCHASES - HARDWARE', '1', '195', '0', NULL, '12'),
('315', '310', '20', '0', '286', '286', 'PURCHASES', 'PURCHASES - HARDWARE', '1', '135', '0', NULL, '12'),
('316', '311', '20', '0', '287', '287', 'PURCHASES', 'PURCHASES - HARDWARE', '1', '75.8', '0', NULL, '12'),
('317', '312', '20', '0', '288', '288', 'PURCHASES', 'PURCHASES - HARDWARE', '1', '1425.99', '0', NULL, '12'),
('318', '313', '20', '0', '289', '289', 'PURCHASES', 'PURCHASES - HARDWARE', '1', '120', '0', NULL, '12'),
('319', '314', '20', '0', '290', '290', 'PURCHASES', 'PURCHASES - HARDWARE', '1', '1270', '0', NULL, '12'),
('320', '315', '20', '0', '291', '291', 'PURCHASES', 'PURCHASES - HARDWARE', '1', '170', '0', NULL, '12'),
('321', '316', '20', '0', '292', '292', 'PURCHASES', 'PURCHASES - HARDWARE', '1', '586.7', '0', NULL, '12'),
('322', '317', '20', '0', '293', '293', 'PURCHASES', 'PURCHASES - HARDWARE', '1', '359', '0', NULL, '12'),
('323', '318', '20', '0', '294', '294', 'PURCHASES', 'PURCHASES - HARDWARE', '1', '400', '0', NULL, '12'),
('324', '319', '20', '0', '295', '295', 'PURCHASES', 'PURCHASES - HARDWARE', '1', '2195.99', '0', NULL, '12'),
('325', '320', '20', '0', '296', '296', 'PURCHASES', 'PURCHASES - HARDWARE', '1', '175', '0', NULL, '12'),
('326', '321', '20', '0', '297', '297', 'PURCHASES', 'PURCHASES - HARDWARE', '1', '478.02', '0', NULL, '12'),
('327', '322', '20', '0', '298', '298', 'PURCHASES', 'PURCHASES - HARDWARE', '1', '10.9', '0', NULL, '16'),
('328', '323', '20', '0', '299', '299', 'PURCHASES', 'PURCHASES - HARDWARE', '1', '1441.51', '0', NULL, '12'),
('329', '324', '20', '0', '300', '300', 'PURCHASES', 'PURCHASES - HARDWARE', '1', '271.5', '0', NULL, '12'),
('330', '325', '20', '0', '301', '301', 'PURCHASES', 'PURCHASES - HARDWARE', '1', '260', '0', NULL, '12'),
('331', '326', '20', '0', '302', '302', 'PURCHASES', 'PURCHASES - HARDWARE', '1', '1100', '0', NULL, '12'),
('332', '327', '20', '0', '303', '303', 'PURCHASES', 'PURCHASES - HARDWARE', '1', '425', '0', NULL, '12'),
('333', '328', '20', '0', '304', '304', 'PURCHASES', 'PURCHASES - HARDWARE', '1', '660', '0', NULL, '12'),
('334', '329', '20', '0', '305', '305', 'PURCHASES', 'PURCHASES - HARDWARE', '1', '18.02', '0', NULL, '12'),
('335', '330', '20', '0', '306', '306', 'PURCHASES', 'PURCHASES - HARDWARE', '1', '107.5', '0', NULL, '12'),
('336', '331', '20', '0', '307', '307', 'PURCHASES', 'PURCHASES - HARDWARE', '1', '168.2', '0', NULL, '12'),
('337', '332', '20', '0', '308', '308', 'PURCHASES', 'PURCHASES - HARDWARE', '1', '2085', '0', NULL, '12'),
('338', '333', '20', '0', '309', '309', 'PURCHASES', 'PURCHASES - HARDWARE', '1', '20.52', '0', NULL, '12'),
('339', '334', '20', '0', '310', '310', 'PURCHASES', 'PURCHASES - HARDWARE', '1', '760', '0', NULL, '12'),
('340', '335', '20', '0', '311', '311', 'PURCHASES', 'PURCHASES - HARDWARE', '1', '85', '0', NULL, '12'),
('341', '336', '20', '0', '312', '312', 'PURCHASES', 'PURCHASES - HARDWARE', '1', '12', '0', NULL, '16'),
('342', '337', '20', '0', '313', '313', 'PURCHASES', 'PURCHASES - HARDWARE', '1', '721', '0', NULL, '12'),
('343', '338', '20', '0', '314', '314', 'PURCHASES', 'PURCHASES - HARDWARE', '1', '20', '0', NULL, '16'),
('344', '339', '20', '0', '315', '315', 'PURCHASES', 'PURCHASES - HARDWARE', '1', '701.5', '0', NULL, '12'),
('345', '340', '20', '0', '316', '316', 'PURCHASES', 'PURCHASES - HARDWARE', '1', '1495', '0', NULL, '12'),
('346', '341', '20', '0', '317', '317', 'PURCHASES', 'PURCHASES - HARDWARE', '1', '10', '0', NULL, '12'),
('347', '342', '20', '0', '318', '318', 'PURCHASES', 'PURCHASES - HARDWARE', '1', '148', '0', NULL, '12'),
('348', '343', '20', '0', '319', '319', 'PURCHASES', 'PURCHASES - HARDWARE', '1', '130.52', '0', NULL, '12'),
('349', '344', '20', '0', '320', '320', 'PURCHASES', 'PURCHASES - HARDWARE', '1', '13', '0', NULL, '16'),
('350', '345', '20', '0', '321', '321', 'PURCHASES', 'PURCHASES - HARDWARE', '1', '41.98', '0', NULL, '12'),
('351', '346', '20', '0', '322', '322', 'PURCHASES', 'PURCHASES - HARDWARE', '1', '50', '0', NULL, '12'),
('352', '347', '20', '0', '323', '323', 'PURCHASES', 'PURCHASES - HARDWARE', '1', '46.5', '0', NULL, '12'),
('353', '348', '20', '0', '324', '324', 'PURCHASES', 'PURCHASES - HARDWARE', '1', '230', '0', NULL, '12'),
('354', '349', '20', '0', '325', '325', 'PURCHASES', 'PURCHASES - HARDWARE', '1', '720', '0', NULL, '12'),
('355', '350', '20', '0', '326', '326', 'PURCHASES', 'PURCHASES - HARDWARE', '1', '848.5', '0', NULL, '12'),
('356', '351', '20', '0', '327', '327', 'PURCHASES', 'PURCHASES - HARDWARE', '1', '7.2', '0', NULL, '16'),
('357', '352', '20', '0', '328', '328', 'PURCHASES', 'PURCHASES - HARDWARE', '1', '11495', '0', NULL, '12'),
('358', '353', '20', '0', '329', '329', 'PURCHASES', 'PURCHASES - HARDWARE', '1', '3858.3', '0', NULL, '12'),
('359', '354', '20', '0', '330', '330', 'PURCHASES', 'PURCHASES - HARDWARE', '1', '8405.15', '0', NULL, '12'),
('360', '355', '20', '0', '331', '331', 'PURCHASES', 'PURCHASES - HARDWARE', '1', '9168', '0', NULL, '12'),
('361', '356', '20', '0', '332', '332', 'PURCHASES', 'PURCHASES - HARDWARE', '1', '2640', '0', NULL, '12'),
('362', '357', '20', '0', '333', '333', 'PURCHASES', 'PURCHASES - HARDWARE', '1', '5600.65', '0', NULL, '12'),
('363', '358', '20', '0', '334', '334', 'PURCHASES', 'PURCHASES - HARDWARE', '1', '13375.4', '0', NULL, '12'),
('364', '359', '20', '5010', '0', '0', '', NULL, '0', '2992', '0', 'PROJECT: MATRADE (J13538)', '12'),
('365', '360', '20', '5010', '0', '0', '', NULL, '0', '4830', '0', 'PROJECT: MATRADE (J13538)', '12'),
('366', '361', '20', '5010', '0', '0', '', NULL, '0', '2880.5', '0', 'PROJECT: MATRADE (J13538)', '12'),
('367', '362', '20', '5010', '0', '0', '', NULL, '0', '16170', '0', 'PROJECT: PARADIGM MALL JB (J15560)', '12'),
('368', '363', '20', '5010', '0', '0', '', NULL, '0', '5162', '0', 'PROJECT: PARADIGM MALL JB (J15560)', '12'),
('369', '364', '20', '0', '335', '335', 'PURCHASES', 'PURCHASES - HARDWARE', '1', '400', '0', NULL, '12'),
('370', '365', '20', '0', '336', '336', 'PURCHASES', 'PURCHASES - HARDWARE', '1', '509.01', '0', NULL, '12'),
('371', '366', '20', '0', '337', '337', 'PURCHASES', 'PURCHASES - HARDWARE', '1', '237.5', '0', NULL, '12'),
('372', '367', '20', '0', '338', '338', 'PURCHASES', 'PURCHASES - HARDWARE', '1', '6677', '0', NULL, '12'),
('373', '368', '20', '0', '339', '339', 'PURCHASES', 'PURCHASES - HARDWARE', '1', '86', '0', NULL, '12'),
('374', '369', '20', '0', '340', '340', 'PURCHASES', 'PURCHASES - HARDWARE', '1', '1315', '0', NULL, '12'),
('375', '370', '20', '0', '341', '341', 'PURCHASES', 'PURCHASES - HARDWARE', '1', '640', '0', NULL, '12'),
('376', '371', '20', '0', '342', '342', 'PURCHASES', 'PURCHASES - HARDWARE', '1', '1729.62', '0', NULL, '12'),
('377', '372', '20', '0', '343', '343', 'PURCHASES', 'PURCHASES - HARDWARE', '1', '375', '0', NULL, '12'),
('378', '373', '20', '0', '344', '344', 'PURCHASES', 'PURCHASES - HARDWARE', '1', '60.99', '0', NULL, '12'),
('379', '374', '20', '0', '345', '345', 'PURCHASES', 'PURCHASES - HARDWARE', '1', '3600', '0', NULL, '12'),
('380', '375', '20', '0', '346', '346', 'PURCHASES', 'PURCHASES - HARDWARE', '1', '135', '0', NULL, '12'),
('381', '376', '20', '0', '347', '347', 'PURCHASES', 'PURCHASES - HARDWARE', '1', '65', '0', NULL, '12'),
('382', '377', '20', '0', '348', '348', 'PURCHASES', 'PURCHASES - HARDWARE', '1', '389.5', '0', NULL, '12'),
('383', '378', '20', '0', '349', '349', 'PURCHASES', 'PURCHASES - HARDWARE', '1', '1375', '0', NULL, '12'),
('384', '379', '20', '0', '350', '350', 'PURCHASES', 'PURCHASES - HARDWARE', '1', '825', '0', NULL, '12'),
('385', '380', '20', '0', '351', '351', 'PURCHASES', 'PURCHASES - HARDWARE', '1', '160', '0', NULL, '12'),
('386', '381', '20', '0', '352', '352', 'PURCHASES', 'PURCHASES - HARDWARE', '1', '1290', '0', NULL, '12'),
('387', '382', '20', '0', '353', '353', 'PURCHASES', 'PURCHASES - HARDWARE', '1', '479.5', '0', NULL, '12'),
('388', '383', '20', '0', '354', '354', 'PURCHASES', 'PURCHASES - HARDWARE', '1', '40', '0', NULL, '12'),
('389', '384', '20', '0', '355', '355', 'PURCHASES', 'PURCHASES - HARDWARE', '1', '125', '0', NULL, '12'),
('390', '385', '20', '0', '356', '356', 'PURCHASES', 'PURCHASES - HARDWARE', '1', '305.3', '0', NULL, '12'),
('391', '386', '20', '0', '357', '357', 'PURCHASES', 'PURCHASES - HARDWARE', '1', '95.85', '0', NULL, '12'),
('392', '387', '20', '0', '358', '358', 'PURCHASES', 'PURCHASES - HARDWARE', '1', '8', '0', NULL, '12'),
('393', '388', '20', '0', '359', '359', 'PURCHASES', 'PURCHASES - HARDWARE', '1', '32', '0', NULL, '12'),
('394', '389', '20', '0', '360', '360', 'PURCHASES', 'PURCHASES - HARDWARE', '1', '203.49', '0', NULL, '12'),
('395', '390', '20', '0', '361', '361', 'PURCHASES', 'PURCHASES - HARDWARE', '1', '3', '0', NULL, '17'),
('396', '391', '20', '0', '362', '362', 'PURCHASES', 'PURCHASES - HARDWARE', '1', '170', '0', NULL, '12'),
('397', '392', '20', '0', '363', '363', 'PURCHASES', 'PURCHASES - HARDWARE', '1', '2520', '0', NULL, '12'),
('398', '393', '20', '0', '364', '364', 'PURCHASES', 'PURCHASES - HARDWARE', '1', '163', '0', NULL, '12'),
('399', '394', '20', '0', '365', '365', 'PURCHASES', 'PURCHASES - HARDWARE', '1', '97.2', '0', NULL, '12'),
('400', '395', '20', '0', '366', '366', 'PURCHASES', 'PURCHASES - HARDWARE', '1', '1580', '0', NULL, '12'),
('401', '396', '20', '0', '367', '367', 'PURCHASES', 'PURCHASES - HARDWARE', '1', '312', '0', NULL, '12'),
('402', '397', '20', '0', '368', '368', 'PURCHASES', 'PURCHASES - HARDWARE', '1', '75', '0', NULL, '12');

### Structure of table `supp_trans` ###

DROP TABLE IF EXISTS `supp_trans`;

CREATE TABLE `supp_trans` (
  `trans_no` int(11) unsigned NOT NULL DEFAULT '0',
  `type` smallint(6) unsigned NOT NULL DEFAULT '0',
  `supplier_id` int(11) unsigned DEFAULT NULL,
  `reference` tinytext COLLATE utf8_unicode_ci NOT NULL,
  `supp_reference` varchar(60) COLLATE utf8_unicode_ci NOT NULL DEFAULT '',
  `tran_date` date NOT NULL DEFAULT '0000-00-00',
  `due_date` date NOT NULL DEFAULT '0000-00-00',
  `ov_amount` double NOT NULL DEFAULT '0',
  `ov_discount` double NOT NULL DEFAULT '0',
  `ov_gst` double NOT NULL DEFAULT '0',
  `rate` double NOT NULL DEFAULT '1',
  `alloc` double NOT NULL DEFAULT '0',
  `tax_included` tinyint(1) NOT NULL DEFAULT '0',
  `fixed_access` tinyint(1) NOT NULL DEFAULT '0',
  `tpe` varchar(255) COLLATE utf8_unicode_ci NOT NULL,
  `cheque` varchar(50) COLLATE utf8_unicode_ci DEFAULT NULL,
  `reason` varchar(255) COLLATE utf8_unicode_ci DEFAULT NULL,
  `imported_goods` tinyint(1) DEFAULT '0',
  `paid_tax` tinyint(1) DEFAULT '0',
  `permit` varchar(100) COLLATE utf8_unicode_ci DEFAULT NULL,
  PRIMARY KEY (`type`,`trans_no`),
  KEY `supplier_id` (`supplier_id`),
  KEY `SupplierID_2` (`supplier_id`,`supp_reference`),
  KEY `type` (`type`),
  KEY `tran_date` (`tran_date`)
) ENGINE=InnoDB DEFAULT CHARSET=utf8 COLLATE=utf8_unicode_ci ;

### Data of table `supp_trans` ###

INSERT INTO `supp_trans` VALUES
('61', '20', '5', '0515-0608', '0515-0608', '2015-05-14', '2015-05-14', '461.98', '0', '27.72', '1', '489.7', '0', '0', '', NULL, NULL, '0', '0', NULL),
('64', '20', '5', '0515-0122', '0515-0122', '2015-05-05', '2015-05-05', '2051.51', '0', '123.09', '1', '2174.6', '0', '0', '', NULL, NULL, '0', '0', NULL),
('65', '20', '5', '0515-0065', '0515-0065', '2015-05-04', '2015-05-04', '364.01', '0', '21.84', '1', '385.85', '0', '0', '', NULL, NULL, '0', '0', NULL),
('69', '20', '5', '0415-1346', '0415-1346', '2015-04-28', '2015-04-28', '168.02', '0', '10.08', '1', '178.1', '0', '0', '', NULL, NULL, '0', '0', NULL),
('122', '20', '7', '44918', '44918', '2015-03-09', '2015-03-09', '939.5', '0', '0', '1', '0', '0', '0', '', NULL, NULL, '0', '0', NULL),
('123', '20', '7', '44983', '44983', '2015-03-16', '2015-03-16', '437', '0', '0', '1', '0', '0', '0', '', NULL, NULL, '0', '0', NULL),
('124', '20', '7', '44653', '44653', '2015-02-06', '2015-02-06', '724', '0', '0', '1', '0', '0', '0', '', NULL, NULL, '0', '0', NULL),
('125', '20', '7', '44538', '44538', '2015-01-28', '2015-01-28', '195.5', '0', '0', '1', '0', '0', '0', '', NULL, NULL, '0', '0', NULL),
('126', '20', '7', '44223', '44223', '2015-01-06', '2015-01-06', '1792.1', '0', '0', '1', '0', '0', '0', '', NULL, NULL, '0', '0', NULL),
('140', '20', '5', '0615-1174', '0615-1174', '2015-06-24', '2015-06-24', '19.01', '0', '1.14', '1', '20.15', '0', '0', '', NULL, NULL, '0', '0', NULL),
('158', '20', '5', '0615-0086', '0615-0086', '2015-06-02', '2015-06-02', '129.29', '0', '7.76', '1', '137.05', '0', '0', '', NULL, NULL, '0', '0', NULL),
('181', '20', '21', 'YR 2014', '', '2014-12-31', '2014-12-31', '15332.7', '0', '0', '0', '0', '0', '0', '1', NULL, NULL, '0', '0', NULL),
('187', '20', '8', '31-01-2015', '31-01-2015', '2015-01-31', '2015-01-31', '2729', '0', '0', '1', '0', '0', '0', '', NULL, NULL, '0', '0', NULL),
('190', '20', '31', 'B15031', 'B15031', '2015-04-28', '2015-04-28', '2123', '0', '127.38', '1', '0', '0', '0', '', NULL, NULL, '0', '0', NULL),
('191', '20', '31', 'B15022', 'B15022', '2015-04-30', '2015-04-30', '5005', '0', '300.3', '1', '0', '0', '0', '', NULL, NULL, '0', '0', NULL),
('192', '20', '31', 'B15026', 'B15026', '2015-04-30', '2015-04-30', '42460', '0', '2547.6', '1', '6180.95', '0', '0', '', NULL, NULL, '0', '0', NULL),
('193', '20', '31', 'B15029', 'B15029', '2015-04-30', '2015-04-30', '10240.71', '0', '614.44', '1', '0', '0', '0', '', NULL, NULL, '0', '0', NULL),
('196', '20', '31', 'B15033-1', 'B15033-1', '2015-05-15', '2015-05-15', '2384.36', '0', '143.06', '1', '0', '0', '0', '', NULL, NULL, '0', '0', NULL),
('198', '20', '31', 'B15013', 'ME/DN/055/2015', '2015-04-30', '2015-04-30', '4537.5', '0', '0', '1', '0', '0', '0', '', NULL, NULL, '0', '0', NULL),
('199', '20', '31', 'B15017', 'ME/DN/050/2015', '2015-04-30', '2015-04-30', '6050', '0', '0', '1', '0', '0', '0', '', NULL, NULL, '0', '0', NULL),
('201', '20', '8', 'CIN00004647', 'CIN00004647', '2015-07-07', '2015-07-07', '612', '0', '36.72', '1', '0', '0', '0', '', NULL, NULL, '0', '0', NULL),
('204', '20', '33', '101094', '101094', '2015-08-01', '2015-08-01', '6255', '0', '375.3', '1', '0', '0', '0', '', NULL, NULL, '0', '0', NULL),
('205', '20', '31', 'B15005', 'ME/DN/003/2015', '2015-01-31', '2015-01-31', '1912.35', '0', '0', '1', '0', '0', '0', '', NULL, NULL, '0', '0', NULL),
('206', '20', '31', 'B15002', 'ME/DN/004/2015', '2015-01-31', '2015-01-31', '5608.5', '0', '0', '1', '0', '0', '0', '', NULL, NULL, '0', '0', NULL),
('207', '20', '31', 'B15002-1', 'ME/DN/013/2015', '2015-02-28', '2015-02-28', '1154.35', '0', '0', '1', '0', '0', '0', '', NULL, NULL, '0', '0', NULL),
('209', '20', '31', 'B15016', 'ME/DN/015/2015', '2015-02-28', '2015-02-28', '6377.25', '0', '0', '1', '0', '0', '0', '', NULL, NULL, '0', '0', NULL),
('210', '20', '31', 'B15017-1', 'ME/DN/016/2015', '2015-02-28', '2015-02-28', '3958.6', '0', '0', '1', '0', '0', '0', '', NULL, NULL, '0', '0', NULL),
('211', '20', '31', 'B15012', 'ME/DN/021/2015', '2015-02-28', '2015-02-28', '3066.7', '0', '0', '1', '0', '0', '0', '', NULL, NULL, '0', '0', NULL),
('213', '20', '31', 'B15003', 'ME/DN/033/2015', '2015-03-31', '2015-03-31', '22495', '0', '0', '1', '0', '0', '0', '', NULL, NULL, '0', '0', NULL),
('215', '20', '31', 'B15018', 'ME/DN/035/2015', '2015-03-31', '2015-03-31', '10718.85', '0', '0', '1', '0', '0', '0', '', NULL, NULL, '0', '0', NULL),
('216', '20', '31', 'B15021', 'ME/DN/036/2015', '2015-03-31', '2015-03-31', '6039', '0', '0', '1', '0', '0', '0', '', NULL, NULL, '0', '0', NULL),
('217', '20', '31', 'B15022-1', 'ME/DN/037/2015', '2015-03-31', '2015-03-31', '5641.15', '0', '0', '1', '0', '0', '0', '', NULL, NULL, '0', '0', NULL),
('219', '20', '31', 'B15047', 'ME/DN/085/2015', '2015-06-16', '2015-06-16', '12126.4', '0', '727.584', '1', '12853.98', '0', '0', '', NULL, NULL, '0', '0', NULL),
('220', '20', '31', 'B15057', 'ME/DN/091/2015', '2015-07-22', '2015-07-22', '8520', '0', '511.2', '1', '0', '0', '0', '', NULL, NULL, '0', '0', NULL),
('223', '20', '31', 'B15053', 'ME/DN/093/2015', '2015-07-15', '2015-07-15', '6400', '0', '384', '1', '0', '0', '0', '', NULL, NULL, '0', '0', NULL),
('224', '20', '31', 'B15054', 'ME/DN/094/2015', '2015-07-31', '2015-07-31', '2670', '0', '160.2', '1', '0', '0', '0', '', NULL, NULL, '0', '0', NULL),
('225', '20', '6', 'YR2014', '', '2014-12-31', '2014-12-31', '9058.5', '0', '0', '0', '0', '0', '0', '1', NULL, NULL, '0', '0', NULL),
('226', '20', '8', 'YR2014', '', '2014-12-31', '2014-12-31', '10234.6', '0', '0', '0', '0', '0', '0', '1', NULL, NULL, '0', '0', NULL),
('227', '20', '7', 'YR2014', '', '2014-12-31', '2014-12-31', '87501', '0', '0', '0', '20000', '0', '0', '1', NULL, NULL, '0', '0', NULL),
('228', '20', '22', 'YR2014', '', '2014-12-31', '2014-12-31', '171882', '0', '0', '0', '0', '0', '0', '1', NULL, NULL, '0', '0', NULL),
('233', '20', '8', '201', 'CIN00004297', '2015-06-01', '2015-07-01', '2133', '0', '127.98', '1', '0', '0', '0', '', NULL, NULL, '0', '0', NULL),
('234', '20', '31', 'ME/DN092/2015', 'B15048', '2015-07-15', '2015-07-15', '33495', '0', '2009.7', '1', '0', '0', '0', '', NULL, NULL, '0', '0', NULL),
('235', '20', '31', 'B15060', 'ME/DN/108/2015', '2015-08-24', '2015-08-24', '7491', '0', '449.46', '1', '0', '0', '0', '', NULL, NULL, '0', '0', NULL),
('237', '20', '1', '1420383982', '1420383982', '2015-04-02', '2015-04-02', '455.99', '0', '27.3594', '1', '483.35', '0', '0', '', NULL, NULL, '0', '0', NULL),
('238', '20', '1', '1420394829', '1420394829', '2015-06-23', '2015-06-23', '455.99', '0', '27.3594', '1', '483.35', '0', '0', '', NULL, NULL, '0', '0', NULL),
('239', '20', '1', '1420395392', '1420395392', '2015-06-26', '2015-06-26', '455.99', '0', '27.3594', '1', '483.35', '0', '0', '', NULL, NULL, '0', '0', NULL),
('241', '20', '31', '20', 'ME/DN099/2015', '2015-08-14', '2015-08-14', '7876', '0', '472.56', '1', '0', '0', '0', '', NULL, NULL, '0', '0', NULL),
('242', '20', '19', 'CBKL150800365', 'CBKL150800365', '2015-09-01', '2015-09-02', '80', '0', '4.8', '1', '0', '0', '0', '', NULL, NULL, '0', '0', '0'),
('243', '20', '4', '253373', '253373', '2015-09-01', '2015-09-01', '2102', '0', '126.12', '1', '0', '0', '0', '', NULL, NULL, '0', '0', '0'),
('244', '20', '5', '0915-0074', '0915-0074', '2015-09-02', '2015-09-02', '315', '0', '18.9', '1', '0', '0', '0', '', NULL, NULL, '0', '0', '0'),
('245', '20', '4', '253813', '253813', '2015-09-03', '2015-09-03', '13', '0', '0.78', '1', '0', '0', '0', '', NULL, NULL, '0', '0', '0'),
('246', '20', '9', 'CS321155', 'CS321155', '2015-09-03', '2015-09-03', '1074', '0', '64.44', '1', '0', '0', '0', '', NULL, NULL, '0', '0', '0'),
('247', '20', '7', '46538', '46538', '2015-09-03', '2015-09-03', '2587', '0', '155.22', '1', '2724.2', '0', '0', '', NULL, NULL, '0', '0', '0'),
('248', '20', '4', '253732', '253732', '2015-09-03', '2015-09-03', '91.5', '0', '5.49', '1', '0', '0', '0', '', NULL, NULL, '0', '0', '0'),
('249', '20', '5', '0915-0138', '0915-0138', '2015-09-03', '2015-09-03', '952.5', '0', '57.15', '1', '0', '0', '0', '', NULL, NULL, '0', '0', '0'),
('250', '20', '5', '0915-0215', '0915-0215', '2015-09-04', '2015-10-04', '1160', '0', '69.6', '1', '0', '0', '0', '', NULL, NULL, '0', '0', '0'),
('251', '20', '4', '253889', '253889', '2015-09-04', '2015-10-04', '168', '0', '10.08', '1', '0', '0', '0', '', NULL, NULL, '0', '0', '0'),
('252', '20', '7', '46570', '46570', '2015-09-07', '2015-10-07', '467.4', '0', '28.044', '1', '0', '0', '0', '', NULL, NULL, '0', '0', '0'),
('253', '20', '4', '254377', '254377', '2015-09-07', '2015-10-07', '35', '0', '2.1', '1', '0', '0', '0', '', NULL, NULL, '0', '0', '0'),
('254', '20', '4', '254653', '254653', '2015-09-09', '2015-10-09', '239', '0', '14.34', '1', '0', '0', '0', '', NULL, NULL, '0', '0', '0'),
('255', '20', '5', '0915-0438', '0915-0438', '2015-09-09', '2015-10-09', '75', '0', '4.5', '1', '0', '0', '0', '', NULL, NULL, '0', '0', '0'),
('256', '20', '5', '0915-0571', '0915-0571', '2015-09-12', '2015-10-12', '2900', '0', '174', '1', '0', '0', '0', '', NULL, NULL, '0', '0', '0'),
('257', '20', '5', '0915-0639', '0915-0639', '2015-09-14', '2015-10-14', '565', '0', '33.9', '1', '0', '0', '0', '', NULL, NULL, '0', '0', '0'),
('259', '20', '23', '031366', '031366', '2015-09-18', '2015-10-18', '60', '0', '3.6', '1', '0', '0', '0', '', NULL, NULL, '0', '0', '0'),
('260', '20', '5', '0915-0818', '0915-0818', '2015-09-18', '2015-10-18', '84.39', '0', '5.0634', '1', '0', '0', '0', '', NULL, NULL, '0', '0', '0'),
('261', '20', '4', '255887', '255887', '2015-09-18', '2015-10-18', '25', '0', '1.5', '1', '0', '0', '0', '', NULL, NULL, '0', '0', '0'),
('262', '20', '4', '255888', '255888', '2015-09-18', '2015-10-18', '34', '0', '2.04', '1', '0', '0', '0', '', NULL, NULL, '0', '0', '0'),
('263', '20', '4', '256103', '256103', '2015-09-19', '2015-10-19', '75', '0', '4.5', '1', '0', '0', '0', '', NULL, NULL, '0', '0', '0'),
('264', '20', '5', '0915-0897', '0915-0897', '2015-09-19', '2015-10-19', '618.16', '0', '37.0896', '1', '0', '0', '0', '', NULL, NULL, '0', '0', '0'),
('265', '20', '5', '0915-0929', '0915-0929', '2015-09-21', '2015-10-21', '305', '0', '18.3', '1', '0', '0', '0', '', NULL, NULL, '0', '0', '0'),
('266', '20', '4', '256412', '256412', '2015-09-22', '2015-10-22', '520', '0', '31.2', '1', '0', '0', '0', '', NULL, NULL, '0', '0', '0'),
('267', '20', '35', '006732', '006732', '2015-09-26', '2015-10-26', '297.2', '0', '17.832', '1', '0', '0', '0', '', NULL, NULL, '0', '0', '0'),
('268', '20', '5', '0915-1214', '0915-1214', '2015-09-28', '2015-10-28', '828.02', '0', '49.6812', '1', '0', '0', '0', '', NULL, NULL, '0', '0', '0'),
('269', '20', '29', '867686', '867686', '2015-09-28', '2015-09-28', '6.3', '0', '0', '1', '0', '0', '0', '', NULL, NULL, '0', '0', '0'),
('270', '20', '7', '45129', '45129', '2015-09-29', '2015-10-29', '49', '0', '2.94', '1', '0', '0', '0', '', NULL, NULL, '0', '0', '0'),
('271', '20', '4', '257209', '257209', '2015-09-29', '2015-10-29', '1172', '0', '70.32', '1', '0', '0', '0', '', NULL, NULL, '0', '0', '0'),
('272', '20', '4', '257356', '257356', '2015-09-30', '2015-10-30', '202', '0', '12.12', '1', '0', '0', '0', '', NULL, NULL, '0', '0', '0'),
('273', '20', '5', '0915-1333', '0915-1333', '2015-09-30', '2015-10-30', '160', '0', '9.6', '1', '0', '0', '0', '', NULL, NULL, '0', '0', '0'),
('274', '20', '5', 'TCG-01963', 'TCG-01963', '2015-09-30', '2015-10-30', '2635.75', '0', '158.145', '1', '0', '0', '0', '', NULL, NULL, '0', '0', '0'),
('275', '20', '4', '257544', '257544', '2015-10-01', '2015-10-31', '456.5', '0', '27.39', '1', '0', '0', '0', '', NULL, NULL, '0', '0', '0'),
('276', '20', '5', '1015-0029', '1015-0029', '2015-10-01', '2015-10-31', '1107.78', '0', '66.4668', '1', '0', '0', '0', '', NULL, NULL, '0', '0', '0'),
('277', '20', '5', '1015-0059', '1015-0059', '2015-10-02', '2015-11-01', '625', '0', '37.5', '1', '0', '0', '0', '', NULL, NULL, '0', '0', '0'),
('278', '20', '4', '257703', '257703', '2015-10-02', '2015-11-01', '15', '0', '0.9', '1', '0', '0', '0', '', NULL, NULL, '0', '0', '0'),
('279', '20', '4', '257700', '257700', '2015-10-02', '2015-11-01', '380', '0', '22.8', '1', '0', '0', '0', '', NULL, NULL, '0', '0', '0'),
('280', '20', '4', '257885', '257885', '2015-10-03', '2015-11-02', '30', '0', '1.8', '1', '0', '0', '0', '', NULL, NULL, '0', '0', '0'),
('281', '20', '9', 'TB3000444', 'TB3000444', '2015-10-05', '2015-11-04', '216', '0', '12.96', '1', '0', '0', '0', '', NULL, NULL, '0', '0', '0'),
('282', '20', '5', '1015-0197', '1015-0197', '2015-10-05', '2015-11-04', '1360', '0', '81.6', '1', '0', '0', '0', '', NULL, NULL, '0', '0', '0'),
('283', '20', '4', '258033', '258033', '2015-10-05', '2015-11-04', '265', '0', '15.9', '1', '0', '0', '0', '', NULL, NULL, '0', '0', '0'),
('284', '20', '23', '031411', '031411', '2015-10-05', '2015-11-04', '59.88', '0', '3.5928', '1', '0', '0', '0', '', NULL, NULL, '0', '0', '0'),
('285', '20', '5', '1015-0255', '1015-0255', '2015-10-06', '2015-11-05', '13.49', '0', '0.8094', '1', '0', '0', '0', '', NULL, NULL, '0', '0', '0'),
('286', '20', '4', '258226', '258226', '2015-10-06', '2015-11-05', '57.5', '0', '3.45', '1', '0', '0', '0', '', NULL, NULL, '0', '0', '0'),
('287', '20', '11', 'KE207346', 'KE207346', '2015-10-07', '2015-11-06', '250', '0', '15', '1', '0', '0', '0', '', NULL, NULL, '0', '0', '0'),
('288', '20', '11', '1015-0365', '1015-0365', '2015-10-08', '2015-11-07', '525', '0', '31.5', '1', '0', '0', '0', '', NULL, NULL, '0', '0', '0'),
('289', '20', '35', '000029', '000029', '2015-10-09', '2015-11-08', '19', '0', '1.14', '1', '0', '0', '0', '', NULL, NULL, '0', '0', '0'),
('290', '20', '4', '258865', '258865', '2015-10-10', '2015-11-09', '930', '0', '55.8', '1', '0', '0', '0', '', NULL, NULL, '0', '0', '0'),
('291', '20', '5', '1015-0459', '1015-0459', '2015-10-10', '2015-11-09', '2781.98', '0', '166.9188', '1', '0', '0', '0', '', NULL, NULL, '0', '0', '0'),
('292', '20', '36', 'I0000418', 'I0000418', '2015-10-15', '2015-11-14', '900', '0', '54', '1', '0', '0', '0', '', NULL, NULL, '0', '0', '0'),
('293', '20', '5', '1015-0661', '1015-0661', '2015-10-15', '2015-11-14', '150', '0', '9', '1', '0', '0', '0', '', NULL, NULL, '0', '0', '0'),
('294', '20', '5', '1015-0659', '1015-0659', '2015-10-15', '2015-11-14', '1661.98', '0', '99.7188', '1', '0', '0', '0', '', NULL, NULL, '0', '0', '0'),
('295', '20', '5', '1015-0708', '1015-0708', '2015-10-16', '2015-11-15', '535', '0', '32.1', '1', '0', '0', '0', '', NULL, NULL, '0', '0', '0'),
('296', '20', '9', 'CS323137', 'CS323137', '2015-10-17', '2015-11-16', '1185.6', '0', '71.136', '1', '0', '0', '0', '', NULL, NULL, '0', '0', '0'),
('297', '20', '4', '259748', '259748', '2015-10-17', '2015-11-16', '408', '0', '24.48', '1', '0', '0', '0', '', NULL, NULL, '0', '0', '0'),
('298', '20', '5', '1015-0761', '1015-0761', '2015-10-17', '2015-11-16', '1745', '0', '104.7', '1', '0', '0', '0', '', NULL, NULL, '0', '0', '0'),
('299', '20', '5', '1015-0909', '1015-0909', '2015-10-21', '2015-11-20', '597.41', '0', '35.8446', '1', '0', '0', '0', '', NULL, NULL, '0', '0', '0'),
('300', '20', '5', '1015-0908', '1015-0908', '2015-10-21', '2015-11-20', '1071.6', '0', '64.296', '1', '0', '0', '0', '', NULL, NULL, '0', '0', '0'),
('301', '20', '9', 'CS323356', 'CS323356', '2015-10-23', '2015-11-22', '218.5', '0', '13.11', '1', '0', '0', '0', '', NULL, NULL, '0', '0', '0'),
('302', '20', '11', 'KE208158', 'KE208158', '2015-10-23', '2015-11-22', '235.85', '0', '14.151', '1', '0', '0', '0', '', NULL, NULL, '0', '0', '0'),
('303', '20', '4', '260561', '260561', '2015-10-23', '2015-11-22', '239.5', '0', '14.37', '1', '0', '0', '0', '', NULL, NULL, '0', '0', '0'),
('304', '20', '4', '260858', '260858', '2015-10-26', '2015-11-25', '141', '0', '8.46', '1', '0', '0', '0', '', NULL, NULL, '0', '0', '0'),
('305', '20', '9', 'CS323538', 'CS323538', '2015-10-28', '2015-11-27', '350', '0', '21', '1', '0', '0', '0', '', NULL, NULL, '0', '0', '0'),
('306', '20', '5', '1015-1264', '1015-1264', '2015-10-28', '2015-11-27', '2390.38', '0', '143.4228', '1', '0', '0', '0', '', NULL, NULL, '0', '0', '0'),
('308', '20', '4', '261388', '261388', '2015-10-29', '2015-11-28', '514.5', '0', '30.87', '1', '0', '0', '0', '', NULL, NULL, '0', '0', '0'),
('309', '20', '5', '1015-1334', '1015-1334', '2015-10-29', '2015-11-28', '195', '0', '11.7', '1', '0', '0', '0', '', NULL, NULL, '0', '0', '0'),
('310', '20', '5', '1015-1391', '1015-1391', '2015-10-30', '2015-11-29', '135', '0', '8.1', '1', '0', '0', '0', '', NULL, NULL, '0', '0', '0'),
('311', '20', '4', '261529', '261529', '2015-10-30', '2015-11-29', '75.8', '0', '4.548', '1', '0', '0', '0', '', NULL, NULL, '0', '0', '0'),
('312', '20', '5', '1115-0015', '1115-0015', '2015-11-02', '2015-12-02', '1425.99', '0', '85.5594', '1', '0', '0', '0', '', NULL, NULL, '0', '0', '0'),
('313', '20', '4', '261864', '261864', '2015-11-02', '2015-12-02', '120', '0', '7.2', '1', '0', '0', '0', '', NULL, NULL, '0', '0', '0'),
('314', '20', '5', '1115-0122', '1115-0122', '2015-11-04', '2015-12-04', '1270', '0', '76.2', '1', '0', '0', '0', '', NULL, NULL, '0', '0', '0'),
('315', '20', '4', '262180', '262180', '2015-11-04', '2015-12-04', '170', '0', '10.2', '1', '0', '0', '0', '', NULL, NULL, '0', '0', '0'),
('316', '20', '5', '1115-0234', '1115-0234', '2015-11-06', '2015-12-06', '586.7', '0', '35.202', '1', '0', '0', '0', '', NULL, NULL, '0', '0', '0'),
('317', '20', '4', '262476', '262476', '2015-11-06', '2015-12-06', '359', '0', '21.54', '1', '0', '0', '0', '', NULL, NULL, '0', '0', '0'),
('318', '20', '32', 'PTV-2015/0809', 'PTV-2015/0809', '2015-11-09', '2015-11-09', '400', '0', '24', '1', '0', '0', '0', '', NULL, NULL, '0', '0', '0'),
('319', '20', '5', '1115-0410', '1115-0410', '2015-11-11', '2015-12-11', '2195.99', '0', '131.7594', '1', '0', '0', '0', '', NULL, NULL, '0', '0', '0'),
('320', '20', '4', '262962', '262962', '2015-11-11', '2015-12-11', '175', '0', '10.5', '1', '0', '0', '0', '', NULL, NULL, '0', '0', '0'),
('321', '20', '5', '1115-0534', '1115-0534', '2015-11-13', '2015-12-13', '478.02', '0', '28.6812', '1', '0', '0', '0', '', NULL, NULL, '0', '0', '0'),
('322', '20', '29', '170982', '170982', '2015-11-13', '2015-11-13', '10.9', '0', '0', '1', '0', '0', '0', '', NULL, NULL, '0', '0', '0'),
('323', '20', '5', '1115-0575', '1115-0575', '2015-11-14', '2015-12-14', '1441.51', '0', '86.4906', '1', '0', '0', '0', '', NULL, NULL, '0', '0', '0'),
('324', '20', '4', '263509', '263509', '2015-11-14', '2015-12-14', '271.5', '0', '16.29', '1', '0', '0', '0', '', NULL, NULL, '0', '0', '0'),
('325', '20', '38', 'CS-144448', 'CS-144448', '2015-11-15', '2015-12-15', '260', '0', '15.6', '1', '0', '0', '0', '', NULL, NULL, '0', '0', '0'),
('326', '20', '5', '1115-0642', '1115-0642', '2015-11-16', '2015-12-16', '1100', '0', '66', '1', '0', '0', '0', '', NULL, NULL, '0', '0', '0'),
('327', '20', '5', '1115-0653', '1115-0653', '2015-11-17', '2015-12-17', '425', '0', '25.5', '1', '0', '0', '0', '', NULL, NULL, '0', '0', '0'),
('328', '20', '5', '1115-0679', '1115-0679', '2015-11-17', '2015-12-17', '660', '0', '39.6', '1', '0', '0', '0', '', NULL, NULL, '0', '0', '0'),
('329', '20', '5', '1115-0654', '1115-0654', '2015-11-17', '2015-12-17', '18.02', '0', '1.0812', '1', '0', '0', '0', '', NULL, NULL, '0', '0', '0'),
('330', '20', '39', 'CS00054170', 'CS00054170', '2015-11-18', '2015-12-18', '107.5', '0', '6.45', '1', '0', '0', '0', '', NULL, NULL, '0', '0', '0'),
('331', '20', '4', '263985', '263985', '2015-11-18', '2015-12-18', '168.2', '0', '10.092', '1', '0', '0', '0', '', NULL, NULL, '0', '0', '0'),
('332', '20', '5', '1115-0734', '1115-0734', '2015-11-18', '2015-12-18', '2085', '0', '125.1', '1', '0', '0', '0', '', NULL, NULL, '0', '0', '0'),
('333', '20', '5', '1115-0710', '1115-0710', '2015-11-18', '2015-12-18', '20.52', '0', '1.2312', '1', '0', '0', '0', '', NULL, NULL, '0', '0', '0'),
('334', '20', '4', '264502', '264502', '2015-11-21', '2015-12-21', '760', '0', '45.6', '1', '0', '0', '0', '', NULL, NULL, '0', '0', '0'),
('335', '20', '5', '1115-0865', '1115-0865', '2015-11-21', '2015-12-21', '85', '0', '5.1', '1', '0', '0', '0', '', NULL, NULL, '0', '0', '0'),
('336', '20', '29', '73869', '73869', '2015-11-21', '2015-11-21', '12', '0', '0', '1', '0', '0', '0', '', NULL, NULL, '0', '0', '0'),
('337', '20', '40', '3265', '3265', '2015-11-23', '2015-11-23', '721', '0', '43.26', '1', '0', '0', '0', '', NULL, NULL, '0', '0', '0'),
('338', '20', '41', '57735', '57735', '2015-11-23', '2015-12-23', '20', '0', '0', '1', '0', '0', '0', '', NULL, NULL, '0', '0', '0'),
('339', '20', '4', '264795', '264795', '2015-11-24', '2015-12-24', '701.5', '0', '42.09', '1', '0', '0', '0', '', NULL, NULL, '0', '0', '0'),
('340', '20', '5', '1115-0986', '1115-0986', '2015-11-24', '2015-12-24', '1495', '0', '89.7', '1', '0', '0', '0', '', NULL, NULL, '0', '0', '0'),
('341', '20', '42', 'CS-1511195', 'CS-1511195', '2015-11-25', '2015-12-25', '10', '0', '0.6', '1', '0', '0', '0', '', NULL, NULL, '0', '0', '0'),
('342', '20', '4', '264936', '264936', '2015-11-25', '2015-12-25', '148', '0', '8.88', '1', '0', '0', '0', '', NULL, NULL, '0', '0', '0'),
('343', '20', '5', '1115-1012', '1115-1012', '2015-11-25', '2015-12-25', '130.52', '0', '7.8312', '1', '0', '0', '0', '', NULL, NULL, '0', '0', '0'),
('344', '20', '29', '468098', '468098', '2015-11-27', '2015-11-27', '13', '0', '0', '1', '0', '0', '0', '', NULL, NULL, '0', '0', '0'),
('345', '20', '5', '1115-1125', '1115-1125', '2015-11-27', '2015-12-27', '41.98', '0', '2.5188', '1', '0', '0', '0', '', NULL, NULL, '0', '0', '0'),
('346', '20', '43', 'CS-05799', 'CS-05799-2015', '2015-11-28', '2015-11-28', '50', '0', '3', '1', '0', '0', '0', '', NULL, NULL, '0', '0', '0'),
('347', '20', '8', 'CS00007519', 'CS00007519', '2015-11-28', '2015-12-28', '46.5', '0', '2.79', '1', '0', '0', '0', '', NULL, NULL, '0', '0', '0'),
('348', '20', '38', 'CS-024373', 'CS-024373', '2015-11-30', '2015-12-30', '230', '0', '13.8', '1', '0', '0', '0', '', NULL, NULL, '0', '0', '0'),
('349', '20', '4', '265662', '265662', '2015-11-30', '2015-12-30', '720', '0', '43.2', '1', '0', '0', '0', '', NULL, NULL, '0', '0', '0'),
('350', '20', '7', '151295', '151295', '2015-11-30', '2015-12-30', '848.5', '0', '50.91', '1', '0', '0', '0', '', NULL, NULL, '0', '0', '0'),
('351', '20', '44', '01122015', '01122015', '2015-12-01', '2015-12-01', '7.2', '0', '0', '1', '0', '0', '0', '', NULL, NULL, '0', '0', '0'),
('352', '20', '31', 'B15063', 'ME/DN/128/2015', '2015-10-15', '2015-10-15', '11495', '0', '689.7', '1', '0', '0', '0', '', NULL, NULL, '0', '0', '0'),
('353', '20', '31', 'B15073', 'ME/DN/129/2015', '2015-10-31', '2015-10-31', '3858.3', '0', '231.498', '1', '0', '0', '0', '', NULL, NULL, '0', '0', '0'),
('354', '20', '31', 'B15082', 'ME/DN/130/2015', '2015-10-31', '2015-10-31', '8405.15', '0', '504.309', '1', '0', '0', '0', '', NULL, NULL, '0', '0', '0'),
('355', '20', '31', 'B15071', 'ME/DN/135/2015', '2015-11-01', '2015-11-01', '9168', '0', '550.08', '1', '0', '0', '0', '', NULL, NULL, '0', '0', '0'),
('356', '20', '31', 'B15073(1)', 'ME/DN/136/2015', '2015-11-04', '2015-11-04', '2640', '0', '158.4', '1', '0', '0', '0', '', NULL, NULL, '0', '0', '0'),
('357', '20', '31', 'B15089', 'ME/DN/141/2015', '2015-11-25', '2015-11-25', '5600.65', '0', '336.039', '1', '0', '0', '0', '', NULL, NULL, '0', '0', '0'),
('358', '20', '31', 'B15084', 'ME/DN/137/2015', '2015-11-25', '2015-11-25', '13375.4', '0', '802.524', '1', '0', '0', '0', '', NULL, NULL, '0', '0', '0'),
('359', '20', '31', 'B15060-A', 'ME/DN/115/2015', '2015-12-01', '2015-12-31', '2992', '0', '179.52', '1', '0', '0', '0', '', NULL, NULL, '0', '0', NULL),
('360', '20', '31', 'B15069', 'ME/DN/116/2015', '2015-12-01', '2015-12-31', '4830', '0', '289.8', '1', '0', '0', '0', '', NULL, NULL, '0', '0', NULL),
('361', '20', '31', 'B15059', 'ME/DN/114/2015', '2015-12-01', '2015-12-31', '2880.5', '0', '172.83', '1', '0', '0', '0', '', NULL, NULL, '0', '0', NULL),
('362', '20', '31', 'B15105', 'ME/DN/154/2015', '2015-12-22', '2015-12-31', '16170', '0', '970.2', '1', '0', '0', '0', '', NULL, NULL, '0', '0', NULL),
('363', '20', '31', 'B15100', 'ME/DN/153/2015', '2015-12-22', '2015-12-31', '5162', '0', '309.72', '1', '0', '0', '0', '', NULL, NULL, '0', '0', NULL),
('364', '20', '33', '102969', '102969', '2015-12-01', '2016-01-30', '400', '0', '24', '1', '0', '0', '0', '', NULL, NULL, '0', '0', '0'),
('365', '20', '5', '1015-0805', '1015-0805', '2015-12-01', '2015-12-31', '509.01', '0', '30.5406', '1', '0', '0', '0', '', NULL, NULL, '0', '0', '0'),
('366', '20', '4', '264545', '264545', '2015-12-01', '2015-12-31', '237.5', '0', '14.25', '1', '0', '0', '0', '', NULL, NULL, '0', '0', '0'),
('367', '20', '33', '109979', '109979', '2015-12-01', '2015-12-31', '6677', '0', '400.62', '1', '0', '0', '0', '', NULL, NULL, '0', '0', '0'),
('368', '20', '4', '265451', '265451', '2015-12-01', '2015-12-31', '86', '0', '5.16', '1', '0', '0', '0', '', NULL, NULL, '0', '0', '0'),
('369', '20', '5', '1115-1195', '1115-1195', '2015-12-01', '2015-12-31', '1315', '0', '78.9', '1', '0', '0', '0', '', NULL, NULL, '0', '0', '0'),
('370', '20', '33', '110243', '110243', '2015-12-01', '2015-12-31', '640', '0', '38.4', '1', '0', '0', '0', '', NULL, NULL, '0', '0', '0'),
('371', '20', '5', '1215-0077', '1215-0077', '2015-12-02', '2015-12-31', '1729.62', '0', '103.7772', '1', '0', '0', '0', '', NULL, NULL, '0', '0', '0'),
('372', '20', '4', '266404', '266404', '2015-12-05', '2016-01-01', '375', '0', '22.5', '1', '0', '0', '0', '', NULL, NULL, '0', '0', '0'),
('373', '20', '5', '1215-0265', '1215-0265', '2015-12-05', '2016-01-04', '60.99', '0', '3.6594', '1', '0', '0', '0', '', NULL, NULL, '0', '0', '0'),
('374', '20', '5', '1215-0262', '1215-0262', '2015-12-05', '2016-01-04', '3600', '0', '216', '1', '0', '0', '0', '', NULL, NULL, '0', '0', '0'),
('375', '20', '9', 'TB303083', 'TB303083', '2015-12-07', '2016-01-04', '135', '0', '8.1', '1', '0', '0', '0', '', NULL, NULL, '0', '0', '0'),
('376', '20', '5', '1215-0317', '1215-0317', '2015-12-07', '2016-01-06', '65', '0', '3.9', '1', '0', '0', '0', '', NULL, NULL, '0', '0', '0'),
('377', '20', '4', '267036', '267036', '2015-12-10', '2016-01-06', '389.5', '0', '23.37', '1', '0', '0', '0', '', NULL, NULL, '0', '0', '0'),
('378', '20', '5', '1215-0480', '1215-0480', '2015-12-10', '2016-01-09', '1375', '0', '82.5', '1', '0', '0', '0', '', NULL, NULL, '0', '0', '0'),
('379', '20', '5', '1215-0574', '1215-0574', '2015-12-12', '2016-01-09', '825', '0', '49.5', '1', '0', '0', '0', '', NULL, NULL, '0', '0', '0'),
('380', '20', '5', '1215-0673', '1215-0673', '2015-12-15', '2016-01-11', '160', '0', '9.6', '1', '0', '0', '0', '', NULL, NULL, '0', '0', '0'),
('381', '20', '5', '1215-0860', '1215-0860', '2015-12-18', '2016-01-14', '1290', '0', '77.4', '1', '0', '0', '0', '', NULL, NULL, '0', '0', '0'),
('382', '20', '4', '268118', '268118', '2015-12-18', '2016-01-17', '479.5', '0', '28.77', '1', '0', '0', '0', '', NULL, NULL, '0', '0', '0'),
('383', '20', '5', '1215-1004', '1215-1004', '2015-12-22', '2015-12-18', '40', '0', '2.4', '1', '0', '0', '0', '', NULL, NULL, '0', '0', '0'),
('384', '20', '45', '51533', '51533', '2015-12-23', '2015-12-22', '125', '0', '7.5', '1', '0', '0', '0', '', NULL, NULL, '0', '0', '0'),
('385', '20', '4', '268797', '268797', '2015-12-23', '2016-01-22', '305.3', '0', '18.318', '1', '0', '0', '0', '', NULL, NULL, '0', '0', '0'),
('386', '20', '5', '1215-1060', '1215-1060', '2015-12-23', '2016-01-22', '95.85', '0', '5.751', '1', '0', '0', '0', '', NULL, NULL, '0', '0', '0'),
('387', '20', '40', '5713', '5713', '2015-12-24', '2015-12-23', '8', '0', '0.48', '1', '0', '0', '0', '', NULL, NULL, '0', '0', '0'),
('388', '20', '46', 'JBE-0010491', 'JBE-0010491', '2015-12-24', '2015-12-24', '32', '0', '1.92', '1', '0', '0', '0', '', NULL, NULL, '0', '0', '0'),
('389', '20', '5', '1215-1176', '1215-1176', '2015-12-26', '2016-01-23', '203.49', '0', '12.2094', '1', '0', '0', '0', '', NULL, NULL, '0', '0', '0'),
('390', '20', '12', '770054', '770054', '2015-12-26', '2016-01-25', '3', '0', '0', '1', '0', '0', '0', '', NULL, NULL, '0', '0', '0'),
('391', '20', '5', '1215-1259', '1215-1259', '2015-12-28', '2016-01-25', '170', '0', '10.2', '1', '0', '0', '0', '', NULL, NULL, '0', '0', '0'),
('392', '20', '5', '1215-1206', '1215-1206', '2015-12-28', '2016-01-27', '2520', '0', '151.2', '1', '0', '0', '0', '', NULL, NULL, '0', '0', '0'),
('393', '20', '9', 'CS326100', 'CS326100', '2015-12-29', '2016-01-27', '163', '0', '9.78', '1', '0', '0', '0', '', NULL, NULL, '0', '0', '0'),
('394', '20', '4', '269390', '269390', '2015-12-29', '2016-01-28', '97.2', '0', '5.832', '1', '0', '0', '0', '', NULL, NULL, '0', '0', '0'),
('395', '20', '5', '1215-1286', '1215-1286', '2015-12-29', '2016-01-28', '1580', '0', '94.8', '1', '0', '0', '0', '', NULL, NULL, '0', '0', '0'),
('396', '20', '4', '269699', '269699', '2015-12-31', '2016-01-28', '312', '0', '18.72', '1', '0', '0', '0', '', NULL, NULL, '0', '0', '0'),
('397', '20', '5', '1215-1413', '1215-1413', '2015-12-31', '2016-01-30', '75', '0', '4.5', '1', '0', '0', '0', '', NULL, NULL, '0', '0', '0'),
('6', '21', '31', 'VJ14283-1', '195', '2015-07-13', '2015-07-13', '-11643.2', '0', '0', '1', '11643.199999999999', '0', '0', '', NULL, 'CONTRA PAYMENT ', '0', '0', NULL),
('2', '22', '8', 'CIMB 000079', '', '2015-05-05', '2015-05-05', '-2729', '0', '0', '1', '0', '0', '0', '', NULL, NULL, '0', '0', NULL),
('3', '22', '7', '6', '', '2015-07-09', '2015-07-09', '-15000', '0', '0', '1', '0', '0', '0', '', NULL, NULL, '0', '0', NULL),
('5', '22', '6', 'CIMB 000054', '', '2015-03-06', '2015-03-06', '-9058.5', '0', '0', '1', '0', '0', '0', '', NULL, NULL, '0', '0', NULL),
('8', '22', '7', '7', '', '2015-06-05', '2015-06-05', '-10000', '0', '0', '1', '0', '0', '0', '', 'CIMB 000086', NULL, '0', '0', NULL),
('9', '22', '8', 'CIMB 000096', '', '2015-07-09', '2015-07-09', '-4735.98', '0', '0', '1', '0', '0', '0', '', 'CIMB 000096', NULL, '0', '0', NULL),
('21', '22', '1', '17', '', '2015-06-30', '2015-06-30', '-1450.05', '0', '0', '1', '1450.0500000000002', '0', '0', '', 'CASH', NULL, '0', '0', NULL),
('32', '22', '9', '28', '', '2015-06-30', '2015-06-30', '-2192.38', '0', '0', '1', '2192.3799999999997', '0', '0', '', 'CASH', NULL, '0', '0', NULL),
('39', '22', '5', '35', '', '2015-05-31', '2015-05-31', '-11725.9', '0', '0', '1', '11725.900000000001', '0', '0', '', 'CASH', NULL, '0', '0', NULL),
('40', '22', '5', '36', '', '2015-06-30', '2015-06-30', '-9251.74', '0', '0', '1', '9251.739999999998', '0', '0', '', 'CASH', NULL, '0', '0', NULL),
('47', '22', '33', '43', '', '2015-08-13', '2015-08-13', '-6630.3', '0', '0', '1', '0', '0', '0', '', 'CIMB 000107', NULL, '0', '0', NULL),
('55', '22', '33', '51', '', '2015-11-06', '2015-11-06', '-7146.52', '0', '0', '1', '0', '0', '0', '', 'CIMB 000140', NULL, '0', '0', NULL),
('57', '22', '5', '53', '', '2015-11-21', '2015-11-21', '-4075.7', '0', '0', '1', '0', '0', '0', '', 'CIMB 000145', NULL, '0', '0', NULL),
('58', '22', '5', '54', '', '2015-12-29', '2015-12-29', '-2671.2', '0', '0', '1', '0', '0', '0', '', 'CIMB 000158', NULL, '0', '0', NULL);

### Structure of table `suppliers` ###

DROP TABLE IF EXISTS `suppliers`;

CREATE TABLE `suppliers` (
  `supplier_id` int(11) NOT NULL AUTO_INCREMENT,
  `supp_name` varchar(150) COLLATE utf8_unicode_ci NOT NULL DEFAULT '',
  `supp_ref` varchar(100) COLLATE utf8_unicode_ci NOT NULL DEFAULT '',
  `address` tinytext COLLATE utf8_unicode_ci NOT NULL,
  `supp_address` tinytext COLLATE utf8_unicode_ci NOT NULL,
  `gst_no` varchar(25) COLLATE utf8_unicode_ci NOT NULL DEFAULT '',
  `contact` varchar(60) COLLATE utf8_unicode_ci NOT NULL DEFAULT '',
  `supp_account_no` varchar(40) COLLATE utf8_unicode_ci NOT NULL DEFAULT '',
  `website` varchar(100) COLLATE utf8_unicode_ci NOT NULL DEFAULT '',
  `bank_account` varchar(60) COLLATE utf8_unicode_ci NOT NULL DEFAULT '',
  `curr_code` char(3) COLLATE utf8_unicode_ci DEFAULT NULL,
  `payment_terms` int(11) DEFAULT NULL,
  `tax_included` tinyint(1) NOT NULL DEFAULT '0',
  `dimension_id` int(11) DEFAULT '0',
  `dimension2_id` int(11) DEFAULT '0',
  `tax_group_id` int(11) DEFAULT NULL,
  `credit_limit` double NOT NULL DEFAULT '0',
  `purchase_account` varchar(15) COLLATE utf8_unicode_ci NOT NULL DEFAULT '',
  `payable_account` varchar(15) COLLATE utf8_unicode_ci NOT NULL DEFAULT '',
  `payment_discount_account` varchar(15) COLLATE utf8_unicode_ci NOT NULL DEFAULT '',
  `notes` tinytext COLLATE utf8_unicode_ci NOT NULL,
  `inactive` tinyint(1) NOT NULL DEFAULT '0',
  `supplier_tax_id` int(11) DEFAULT NULL,
  `industry_code` int(11) DEFAULT NULL,
  `valid_gst` tinyint(1) NOT NULL DEFAULT '1',
  `last_verifile` date DEFAULT NULL,
  `self_bill` tinyint(1) DEFAULT '0',
  `self_bill_approval_ref` varchar(255) COLLATE utf8_unicode_ci DEFAULT NULL,
  PRIMARY KEY (`supplier_id`),
  KEY `supp_ref` (`supp_ref`)
) ENGINE=MyISAM AUTO_INCREMENT=47 DEFAULT CHARSET=utf8 COLLATE=utf8_unicode_ci ;

### Data of table `suppliers` ###

INSERT INTO `suppliers` VALUES
('1', 'HILTI (MALAYSIA) SDN BHD', 'HILTI', 'F-5-A, SIME DARBY BRUNSFIELD TOWER\nNO. 2, JALAN PJU 1A/7A, OASIS SQUARE\n47301 PETALING JAYA\nSELANGOR DARUL EHSAN', '', '000060424192', '', '', 'www.hilti.com.my', 'HSBC AMANAH MALAYSIA BERHAD', 'MYR', '4', '0', '0', '0', '0', '0', '', '2100', '5060', '', '0', '12', NULL, '1', NULL, '0', NULL),
('2', 'PERNIAGAAN BRG-BRG LOGAM WING KONG', 'WING KONG', '31, JALAN KASKAS DUA, TAMAN CHERAS\n56100 KUALA LUMPUR', '', 'L 1328201728', '', '', '', '', 'MYR', '4', '0', '0', '0', '0', '0', '', '2100', '5060', '', '0', '12', NULL, '1', NULL, '0', NULL),
('3', 'ACCUWEIGH SDN BHD', 'ACCUWEIGH', 'NO. 1, JALAN TAMING 6\nTAMAN TANMING JAYA, BALAKONG\n43300 SERI KEMBANGAN\nSELANGOR DARUL EHSAN', '', '', '', '', '', '', 'MYR', '4', '0', '0', '0', '0', '0', '', '2100', '5060', '', '0', '12', NULL, '1', NULL, '0', NULL),
('4', 'KEE CHUAN HARDWARE TRADING SDN BHD', 'KEE CHUAN', '81 &amp; 83, JALAN 2/115C\nTAMAN KUCHAI JAYA\nJALAN KUCHAI LAMA\n58200 KUALA LUMPUR', '', '000134795264', '', '', '', '', 'MYR', '5', '0', '0', '0', '0', '0', '', '2100', '5060', '', '0', '12', NULL, '1', NULL, '0', NULL),
('5', 'POWER PLUS ELECTRICAL TRADING', 'POWER PLUS', 'NO. 31, JALAN MAWAR 15\nDATARAN MESTIKA\nTAMAN MESTIKA\n56100 KUALA LUMPUR', '', '001845411840', '', '', '', 'MALAYAN BANKING BERHAD', 'MYR', '5', '0', '0', '0', '0', '0', '', '2100', '5060', '', '0', '12', NULL, '1', NULL, '0', NULL),
('6', 'JJ-LAPP CABLE (M) SDN BHD', 'JJ-LAPP CABLE', '16, JALAN 51A/225\n46100 PETALING JAYA\nSELANGOR DARUL EHSAN', '', '', '', '', '', '', 'MYR', '5', '0', '0', '0', '0', '0', '', '2100', '5060', '', '0', '12', NULL, '1', NULL, '0', NULL),
('7', 'PERNIAGAAN ELEKTRIK LKS SDN BHD', 'LKS', '81, JALAN JEJAKA 9\nTAMAN MALURI\n55100 KUALA LUMPUR', '', '', '', '', '', '', 'MYR', '5', '0', '0', '0', '0', '0', '', '2100', '5060', '', '0', '12', NULL, '1', NULL, '0', NULL),
('8', 'MCTRO HARDWARE SDN BHD', 'MCTRO HARDWARE', 'NO. 29, JALAN NIP 2/5\nTAMAN PERINDUSTRIAN NUSAJAYA\n79200 BANDAR NUSAJAYA\nJOHOR', '', '', '', '', '', '', 'MYR', '5', '0', '0', '0', '0', '0', '', '2100', '5060', '', '0', '12', NULL, '1', NULL, '0', NULL),
('9', 'WING HUP ELEKTRIK SDN BHD', 'WING HUP', 'MO. 26-9, JALAN LOKE YEW\n55200 KUALA LUMPUR', '', '000039092224', '', '', '', '', 'MYR', '5', '0', '0', '0', '0', '0', '', '2100', '5060', '', '0', '12', NULL, '1', NULL, '0', NULL),
('10', 'PETALING HARDWARE SDN BHD', 'PETALING HARDWARE', '2 &amp; 3, GROUND FLOOR, JALAN KENARI 5\nBANDAR PUCHONG JAYA\n47100 PUCHONG \nSELANGOR DARUL EHSAN', '', '000360185856', '', '', '', '', 'MYR', '5', '0', '0', '0', '0', '0', '', '2100', '5060', '', '0', '12', NULL, '1', NULL, '0', NULL),
('11', 'K.E. ELECTRONICS SDN BHD', 'K.E ELECTRONICS', '62, JALAN PASAR\nPUDU\n55100 KUALA LUMPUR', '', '', '', '', '', '', 'MYR', '5', '0', '0', '0', '0', '0', '', '2100', '5060', '', '0', '12', NULL, '1', NULL, '0', NULL),
('12', 'FORTUNE HARDWARE SUPPLY', 'FORTUNE HARDWARE ', 'NO. 35G, DATARAN MESTIKA\nJALAN MAWAR 15\nTAMAN MESTIKA\n56100 CHERAS\nSELANGOR DARUL EHSAN', '', '', '', '', '', '', 'MYR', '5', '0', '0', '0', '0', '0', '', '2100', '5060', '', '0', '12', NULL, '1', NULL, '0', NULL),
('13', 'YOONG SHING HARDWARE TRADING', 'YOONG SHING HARDWARE', '28-G2, JALAN PANDAN PERDANA 6/6\nPANDAN PERDANA\n55300 KUALA LUMPUR', '', '', '', '', '', '', 'MYR', '5', '0', '0', '0', '0', '0', '', '2100', '5060', '', '0', '12', NULL, '1', NULL, '0', NULL),
('14', 'CHOON WING HARDWARE MERCHANTS', 'CHOON WING', '118B, JALAN KUCHAI LAMA\nBATU 5 1/2\n58200 KUALA LUMPUR', '', '', '', '', '', '', 'MYR', '5', '0', '0', '0', '0', '0', '', '2100', '5060', '', '0', '12', NULL, '1', NULL, '0', NULL),
('15', 'YIK SHEN FURNITURE HARDWARE SDN BHD', 'YIK SHEN FURNITURE HARDWARE', 'NO. 25, JALAN TRAVERS\nBRICKFIELDS\n50470 KUALA LUMPUR', '', '', '', '', '', '', 'MYR', '5', '0', '0', '0', '0', '0', '', '2100', '5060', '', '0', '12', NULL, '1', NULL, '0', NULL),
('16', 'GOODPLUS ELECTRICAL TRADING', 'GOODPLUS ELECTRICAL', 'LOT 2349, JALAN 2/115C\nTAMAN KUCHAI LAMA\nJALAN KUCHAI LAMA\n58200 KUALA LUMPUR', '', '', '', '', '', '', 'MYR', '5', '0', '0', '0', '0', '0', '', '2100', '5060', '', '0', '12', NULL, '1', NULL, '0', NULL),
('17', 'J &amp; J ELECTRICAL TRADING SDN BHD', 'J &amp; J ELECTRICAL TRADING', 'NO. 29, JALAN OP 1/6\nPUSAT PERDAGANGAN ONE PUCHONG\n47160 PUCHONG\nSELANGOR DARUL EHSAN', '', '', '', '', '', '', 'MYR', '5', '0', '0', '0', '0', '0', '', '2100', '5060', '', '0', '12', NULL, '1', NULL, '0', NULL),
('18', 'WAN FOONG ELECTRIC SDN BHD', 'WAN FOONG ELECTRIC', '47, JALAN LAZAT SATU\nHAPPY GARDEN\n58200 KUALA LUMPUR', '', '', '', '', '', '', 'MYR', '5', '0', '0', '0', '0', '0', '', '2100', '5060', '', '0', '12', NULL, '1', NULL, '0', NULL),
('19', 'O &amp; G TRANSPORT (KL) SDN BHD', 'O &amp; G TRANSPORT ', 'NO. 20 &amp; 22, JALAN 13/108C\nTAMAN SUNGAI BESI\n57100 KUALA LUMPUR', '', '001644388352', '', '', '', '', 'MYR', '5', '0', '0', '0', '0', '0', '', '2100', '5060', '', '0', '12', NULL, '1', NULL, '0', NULL),
('20', 'VINTECH INDUSTRIAL SUPPLY', 'VINTECH INDUSTRIAL', 'NO. 3, JALAN SUNGAI BATU 56C/KU6\nTAMAN KLANG UTAMA\n42100 KLANG\nSELANGOR DARUL EHSAN', '', '', '', '', '', '', 'MYR', '5', '0', '0', '0', '0', '0', '', '2100', '5060', '', '0', '12', NULL, '1', NULL, '0', NULL),
('21', 'CHERAS HARDWARE S/B', 'CHERAS HARDWARE', '544, BATU 3 1/2, JLN CHERAS,\n56100, K.L.', '87, JLN 2, TMN INDUSTRI PANDAN INDAH,\n55100, K.L.', '', '', '', '', '', 'MYR', '5', '0', '0', '0', '0', '0', '', '2100', '5060', '', '0', '12', NULL, '1', NULL, '0', NULL),
('22', 'SLK ENGINEERING ', 'SLK', 'BLOCK A-13-4, WIDURI POINT\nPANDAN HEIGHT \nJALAN 1/91B\nPANDAN PERDANA\n55300 KUALA LUMPUR', '', '', '', '', '', '', 'MYR', '5', '0', '0', '0', '0', '0', '', '2100', '5060', '', '0', '12', NULL, '1', NULL, '0', NULL),
('23', 'WINHING ELECTRICAL TRADING SDN BHD', 'WINHING ELECTRICAL', '231, JALAN MAHKOTA\nTAMAN MALURI\nCHERAS\n55100 KUALA LUMPUR', '', '', '', '', '', '', 'MYR', '5', '0', '0', '0', '0', '0', '', '2100', '5060', '', '0', '12', NULL, '1', NULL, '0', NULL),
('24', 'BH JAYA ELECTRICAL TRADING', 'BH JAYA', 'No. 16, Jalan Rose Merah 2/14\nTaman Johor Jaya\n81100 Johor Bahru\nJohor', '', '000304971776', '', '', '', '', 'MYR', '5', '0', '0', '0', '0', '0', '', '2100', '5060', '', '0', '12', NULL, '1', NULL, '0', NULL),
('25', 'COMPACT METAL &amp; ALUMINIUM CONSTRUCTION', 'COMPACT METAL &amp; ALUMINIUM', 'No. 5, Jalan Gelang Emas 1\nTaman Gelang Emas\n81550 Gelang Patah\nJohor', '', '000541954048', '', '', '', '', 'MYR', '5', '0', '0', '0', '0', '0', '', '2100', '5060', '', '0', '12', NULL, '1', NULL, '0', NULL),
('32', 'PT GLOBAL RESOURCES', 'PT GLOBAL RESOURCES', 'No. 19, Jalan Aman Perdana 6C/KU5\nTaman Aman Perdana\nMeru \n41050 Klang\nSelangor Darul Ehsan', '', '001708343296', '', '', 'www.fibex.com.my', '', 'MYR', '4', '0', '0', '0', '0', '0', '', '2100', '5060', '', '0', '12', NULL, '1', NULL, '0', NULL),
('28', 'PROGRESIF KUKUH SDN BHD', 'PROGRESIF KUKUH', 'No. 5, Jalan Palam 34/18A\nTaman Perindustrian Pak Chun\nSeksyen 34\n40470 Shah Alam, Selangor ', '', '001329049600', '', '', 'pksb55@pksb.my', '', 'MYR', '5', '0', '0', '0', '0', '0', '', '2100', '5060', '', '0', '12', NULL, '1', NULL, '0', NULL),
('27', 'I.C. ELECTRONICS SDN. BHD', 'I.C.', 'NO 82, JALAN PASAR PUDU, 55100, KUALA LUMPUR.', '', '000371130368', '', '', '', '', 'MYR', '5', '0', '0', '0', '0', '0', '', '2100', '5060', '', '0', '12', NULL, '1', NULL, '0', NULL),
('29', 'CASH PURCHASER', 'CASH PURCHASER', '', '', '', '', '', '', '', 'MYR', '4', '0', '0', '0', '0', '0', '', '2100', '5060', '', '0', '12', NULL, '1', NULL, '0', NULL),
('31', 'METRONIC ENGINEERING SDN BHD', 'METRONIC', 'NO.2,JALAN ASTAKA U8/83,SEKSYEN 8\nBUKIT JELOTONG 40150 SHAH ALAM\nSEL', '', '000446963712', '', '', '', '', 'MYR', '4', '0', '0', '0', '0', '0', '', '2100', '5060', '', '0', '-1', NULL, '1', NULL, '0', NULL),
('33', 'WYLEX ENTERPRISE SDN BHD ', 'WYLEX ENTERPRISE', 'No. 27, Jalan Utama 1/10\nTaman Perindustrian  Puchong Utama\n47100 Puchong\nSelangor Darul Ehsan', '', '001257689088', '', '', '', '', 'MYR', '5', '0', '0', '0', '0', '0', '', '2100', '5060', '', '0', '-1', NULL, '1', NULL, '0', NULL),
('34', 'EXCELNEXUS ENGINEERING SDN BHD', 'EXCELNEXUS ENGINEERING SDN BHD', '18, Jalan Awan Sari\nTaman Overseas Union\n58200 Kuala Lumpur', '', '000507895808', '', '', '', '', 'MYR', '5', '0', '0', '0', NULL, '0', '', '2100', '5060', '', '0', '0', NULL, '1', '0000-00-00', '0', NULL),
('35', 'CHS HARDWARE (KL) SDN BHD', 'CHS HARDWARE (KL)', 'No. 544, Batu 3 1/2, Jalan Cheras\n56100 Kuala Lumpur', '', '000025268224', '', '', '', '', 'MYR', '5', '0', '0', '0', NULL, '0', '', '2100', '5060', '', '0', '0', NULL, '1', '0000-00-00', '0', NULL),
('36', 'AMPANG ADVERTISING SDN BHD', 'AMPANG ADVERTISING', 'No. 29, Jalan Pandan Indah Industrial Park\n55100 Kuala Lumpur', '', '001583628288', '', '', '', '', 'MYR', '5', '0', '0', '0', NULL, '0', '', '2100', '5060', '', '0', '0', NULL, '1', '0000-00-00', '0', NULL),
('37', 'FIBER-REX SYSTEMS (M) SDN BHD', 'FIBER-REX SYSTEMS', 'No. A-3A-29, IOI Boulevard Jalam Kenari 5\nBandar Puchong Jaya\n47170 Puchong \nSelangor Darul Ehsan', '', '001822277632', '', '', '', 'PUBLIC BANK BERHAD/ RHB BANK BERHAD', 'MYR', '5', '0', '0', '0', NULL, '0', '', '2100', '5060', '', '0', '0', NULL, '1', '0000-00-00', '0', NULL),
('38', 'SUCCESS SERVICE &amp; MAINTENANCE SDN BHD', 'SUCCESS SERVICE &amp; MAINTENANCE', 'No. 40, Jalan Medan Nusa Perintis 1\nTaman Nusa Perintis\nGelang Patah\nJohor Bahru', '', '002078416896', '', '', '', '', 'MYR', '5', '0', '0', '0', NULL, '0', '', '2100', '5060', '', '0', '0', NULL, '1', '0000-00-00', '0', NULL),
('39', 'MR PAINT SHOP SDN BHD', 'MR PAINT SHOP', '57, Dataran Mestika, Jalan Mawar 15\nOff Jalan Kuari\n56100 Cheras\nKuala Lumpur', '', '001306664960', '', '', '', '', 'MYR', '5', '0', '0', '0', NULL, '0', '', '2100', '5060', '', '0', '16', NULL, '1', '0000-00-00', '0', NULL),
('40', 'KWONG MENG ELECTRICAL SDN BHD', 'KWONG MENG ELECTRICAL', 'No. 30, 30A, 32, 32A, Jalan Bendahara 12\nTaman Ungku Tun Aminah\n81300 Skudai\nJohor Bahru', '', '001424556032', '', '', '', '', 'MYR', '4', '0', '0', '0', NULL, '0', '', '2100', '5060', '', '0', '0', NULL, '1', '0000-00-00', '0', NULL),
('41', 'C.S. HARDWARE &amp; TRADING', 'C.S. HARDWARE &amp; TRADING', 'No. 46, Jalan Dian 8\nTaman Munsyi Ibrahim\n81200 Johor Bahru\nJohor', '', '', '', '', '', '', 'MYR', '5', '0', '0', '0', NULL, '0', '', '2100', '5060', '', '0', '0', NULL, '1', '0000-00-00', '0', NULL),
('42', 'TEC POWER ELECTRICAL SUPPLY SDN BHD', 'TEC POWER ELECTRICAL SUPPLY', '60, Jalan Midah 1\nTaman Midah\n56000 Cheras\nKuala Lumpur', '', '001026621440', '', '', '', '', 'MYR', '5', '0', '0', '0', NULL, '0', '', '2100', '5060', '', '0', '0', NULL, '1', '0000-00-00', '0', NULL),
('43', 'WELCO ELECTRICAL &amp; WIRES SDN BHD', 'WELCO ELECTRICAL &amp; WIRES', 'No. 106 &amp; 102, Jalan Besar\nTaman Munsyi Ibrahim\n81200 Johor Bahru\nJohor', '', '001364672512', '', '', 'http://www.facebook.com/welcowires', '', 'MYR', '4', '0', '0', '0', NULL, '0', '', '2100', '5060', '', '0', '0', NULL, '1', '0000-00-00', '0', NULL),
('44', 'SUPER TWO COLOUR LAB', 'SUPER TWO COLOUR LAB', '34, Jalan Dian 8\nTaman Munsyi Ibrahim\n81200 Johor Bahru\nJohor', '', '', '', '', '', '', 'MYR', '4', '0', '0', '0', NULL, '0', '', '2100', '5060', '', '0', '0', NULL, '1', '0000-00-00', '0', NULL),
('45', 'TEKNOPURI SDN BHD', 'TEKNOPURI', 'NO. 8 &amp; 8-1, JALAN 5/92-B\nTAMAN KOBENA\nCHERAS\n56100 KUALA LUMPUR', '', '001411661828', '', '', '', '', 'MYR', '4', '0', '0', '0', NULL, '0', '', '2100', '5060', '', '0', '0', NULL, '1', '0000-00-00', '0', NULL),
('46', 'JESS BRIGHT ELECTRICAL SDN BHD', 'JESS BRIGHT ELECTRICAL', 'NO. 11 &amp; 15, JALAN PEWIRA 2\nTAMAN UNGKU TUN AMINAH\n81300 SKUDAI\nJOHOR', '', '001341124608', '', '', '', '', 'MYR', '4', '0', '0', '0', NULL, '0', '', '2100', '5060', '', '0', '0', NULL, '1', '0000-00-00', '0', NULL);

### Structure of table `sys_prefs` ###

DROP TABLE IF EXISTS `sys_prefs`;

CREATE TABLE `sys_prefs` (
  `name` varchar(35) COLLATE utf8_unicode_ci NOT NULL DEFAULT '',
  `category` varchar(30) COLLATE utf8_unicode_ci DEFAULT NULL,
  `type` varchar(20) COLLATE utf8_unicode_ci NOT NULL DEFAULT '',
  `length` smallint(6) DEFAULT NULL,
  `value` tinytext COLLATE utf8_unicode_ci,
  PRIMARY KEY (`name`),
  KEY `category` (`category`)
) ENGINE=MyISAM DEFAULT CHARSET=utf8 COLLATE=utf8_unicode_ci ;

### Data of table `sys_prefs` ###

INSERT INTO `sys_prefs` VALUES
('coy_name', 'setup.company', 'varchar', '60', 'LON ENGINEERING SDN BHD'),
('gst_no', 'setup.company', 'varchar', '25', '000569532416'),
('coy_no', 'setup.company', 'varchar', '25', '1067734-U'),
('tax_prd', 'setup.company', 'int', '11', '3'),
('tax_last', 'setup.company', 'int', '11', '12'),
('postal_address', 'setup.company', 'tinytext', '0', '51,JALAN PERDANA 2/10,\nPANDAN PERDANA,\n55300,W.P,KUALA KUMPUR'),
('phone', 'setup.company', 'varchar', '30', '603 9284 6486'),
('fax', 'setup.company', 'varchar', '30', '603 9284 6486'),
('email', 'setup.company', 'varchar', '100', 'SKL669@GMAIL.COM'),
('coy_logo', 'setup.company', 'varchar', '100', NULL),
('domicile', 'setup.company', 'varchar', '55', 'MALAYSIA'),
('curr_default', 'setup.company', 'char', '3', 'MYR'),
('use_dimension', 'setup.company', 'tinyint', '1', NULL),
('f_year', 'setup.company', 'int', '11', '2'),
('no_item_list', 'setup.company', 'tinyint', '1', '1'),
('no_customer_list', 'setup.company', 'tinyint', '1', '1'),
('no_supplier_list', 'setup.company', 'tinyint', '1', '1'),
('base_sales', 'setup.company', 'int', '11', '0'),
('time_zone', 'setup.company', 'tinyint', '1', '0'),
('add_pct', 'setup.company', 'int', '5', '-1'),
('round_to', 'setup.company', 'int', '5', '1'),
('login_tout', 'setup.company', 'smallint', '6', '9000'),
('past_due_days', 'glsetup.general', 'int', '11', '30'),
('profit_loss_year_act', 'glsetup.general', 'varchar', '15', '9990'),
('retained_earnings_act', 'glsetup.general', 'varchar', '15', '3590'),
('bank_charge_act', 'glsetup.general', 'varchar', '15', '5690'),
('exchange_diff_act', 'glsetup.general', 'varchar', '15', '4450'),
('default_credit_limit', 'glsetup.customer', 'int', '11', '1000'),
('accumulate_shipping', 'glsetup.customer', 'tinyint', '1', '0'),
('legal_text', 'glsetup.customer', 'tinytext', '0', NULL),
('freight_act', 'glsetup.customer', 'varchar', '15', '4430'),
('debtors_act', 'glsetup.sales', 'varchar', '15', '1200'),
('default_sales_act', 'glsetup.sales', 'varchar', '15', '4010'),
('default_sales_discount_act', 'glsetup.sales', 'varchar', '15', '4510'),
('default_prompt_payment_act', 'glsetup.sales', 'varchar', '15', '4500'),
('default_delivery_required', 'glsetup.sales', 'smallint', '6', '1'),
('default_dim_required', 'glsetup.dims', 'int', '11', '20'),
('pyt_discount_act', 'glsetup.purchase', 'varchar', '15', '5060'),
('creditors_act', 'glsetup.purchase', 'varchar', '15', '2100'),
('po_over_receive', 'glsetup.purchase', 'int', '11', '10'),
('po_over_charge', 'glsetup.purchase', 'int', '11', '10'),
('allow_negative_stock', 'glsetup.inventory', 'tinyint', '1', '0'),
('default_inventory_act', 'glsetup.items', 'varchar', '15', '1510'),
('default_cogs_act', 'glsetup.items', 'varchar', '15', '5010'),
('default_adj_act', 'glsetup.items', 'varchar', '15', '5040'),
('default_inv_sales_act', 'glsetup.items', 'varchar', '15', '4010'),
('default_assembly_act', 'glsetup.items', 'varchar', '15', '1530'),
('default_workorder_required', 'glsetup.manuf', 'int', '11', '20'),
('version_id', 'system', 'varchar', '11', '2.3rc'),
('auto_curr_reval', 'setup.company', 'smallint', '6', '1'),
('grn_clearing_act', 'glsetup.purchase', 'varchar', '15', '1550'),
('bcc_email', 'setup.company', 'varchar', '100', NULL),
('baddeb_sale_reverse', NULL, '', NULL, '4015'),
('baddeb_sale_tax_reverse', NULL, '', NULL, 'A2150'),
('baddeb_purchase_reverse', NULL, '', NULL, '5620'),
('baddeb_purchase_tax_reverse', NULL, '', NULL, 'A1300'),
('baddeb_sale_tax', NULL, '', NULL, '35'),
('baddeb_purchase_tax', NULL, '', NULL, '25'),
('gst_start_date', NULL, '', NULL, '2015-09-16'),
('gst_default_code', NULL, '', NULL, NULL),
('self_bill_approval_ref', NULL, '', NULL, NULL),
('self_bill_start_date', NULL, '', NULL, NULL),
('self_bill_end_date', NULL, '', NULL, NULL),
('maximum_claimable_currency', NULL, '', NULL, NULL),
('maximum_claimable_input_tax', NULL, '', NULL, NULL),
('rounding_difference_act', NULL, '', NULL, '4451');

### Structure of table `sys_types` ###

DROP TABLE IF EXISTS `sys_types`;

CREATE TABLE `sys_types` (
  `type_id` smallint(6) NOT NULL DEFAULT '0',
  `type_no` int(11) NOT NULL DEFAULT '1',
  `next_reference` varchar(100) COLLATE utf8_unicode_ci NOT NULL DEFAULT '',
  PRIMARY KEY (`type_id`)
) ENGINE=InnoDB DEFAULT CHARSET=utf8 COLLATE=utf8_unicode_ci ;

### Data of table `sys_types` ###

INSERT INTO `sys_types` VALUES
('0', '19', 'GJ00007'),
('1', '8', 'PV00041'),
('2', '5', 'CR00002'),
('4', '3', 'IT00034'),
('10', '19', '10025'),
('11', '3', 'CN00017'),
('12', '6', 'CR00048'),
('13', '5', 'auto'),
('16', '2', ''),
('17', '2', 'GJ00001'),
('18', '1', 'auto'),
('20', '8', '1216-1413'),
('21', '1', '1'),
('22', '4', '55'),
('25', '1', 'auto'),
('26', '1', '8'),
('28', '1', '1'),
('29', '1', '2'),
('30', '5', 'auto'),
('32', '0', '8'),
('35', '1', '1'),
('40', '1', '3');

### Structure of table `tag_associations` ###

DROP TABLE IF EXISTS `tag_associations`;

CREATE TABLE `tag_associations` (
  `record_id` varchar(15) COLLATE utf8_unicode_ci NOT NULL,
  `tag_id` int(11) NOT NULL,
  UNIQUE KEY `record_id` (`record_id`,`tag_id`)
) ENGINE=MyISAM DEFAULT CHARSET=utf8 COLLATE=utf8_unicode_ci ;

### Data of table `tag_associations` ###


### Structure of table `tags` ###

DROP TABLE IF EXISTS `tags`;

CREATE TABLE `tags` (
  `id` int(11) NOT NULL AUTO_INCREMENT,
  `type` smallint(6) NOT NULL,
  `name` varchar(30) COLLATE utf8_unicode_ci NOT NULL,
  `description` varchar(60) COLLATE utf8_unicode_ci DEFAULT NULL,
  `inactive` tinyint(1) NOT NULL DEFAULT '0',
  PRIMARY KEY (`id`),
  UNIQUE KEY `type` (`type`,`name`)
) ENGINE=MyISAM DEFAULT CHARSET=utf8 COLLATE=utf8_unicode_ci ;

### Data of table `tags` ###


### Structure of table `tax_group_items` ###

DROP TABLE IF EXISTS `tax_group_items`;

CREATE TABLE `tax_group_items` (
  `tax_group_id` int(11) NOT NULL DEFAULT '0',
  `tax_type_id` int(11) NOT NULL DEFAULT '0',
  `rate` double NOT NULL DEFAULT '0',
  PRIMARY KEY (`tax_group_id`,`tax_type_id`)
) ENGINE=InnoDB DEFAULT CHARSET=utf8 COLLATE=utf8_unicode_ci ;

### Data of table `tax_group_items` ###


### Structure of table `tax_groups` ###

DROP TABLE IF EXISTS `tax_groups`;

CREATE TABLE `tax_groups` (
  `id` int(11) NOT NULL AUTO_INCREMENT,
  `name` varchar(60) COLLATE utf8_unicode_ci NOT NULL DEFAULT '',
  `tax_shipping` tinyint(1) NOT NULL DEFAULT '0',
  `inactive` tinyint(1) NOT NULL DEFAULT '0',
  PRIMARY KEY (`id`),
  UNIQUE KEY `name` (`name`)
) ENGINE=InnoDB AUTO_INCREMENT=3 DEFAULT CHARSET=utf8 COLLATE=utf8_unicode_ci ;

### Data of table `tax_groups` ###

INSERT INTO `tax_groups` VALUES
('1', 'Standard Taxable Customers', '1', '0'),
('2', 'Tax Exempt', '0', '0');

### Structure of table `tax_types` ###

DROP TABLE IF EXISTS `tax_types`;

CREATE TABLE `tax_types` (
  `id` int(11) NOT NULL AUTO_INCREMENT,
  `rate` double NOT NULL DEFAULT '0',
  `sales_gl_code` varchar(15) COLLATE utf8_unicode_ci NOT NULL DEFAULT '',
  `purchasing_gl_code` varchar(15) COLLATE utf8_unicode_ci NOT NULL DEFAULT '',
  `name` varchar(60) COLLATE utf8_unicode_ci NOT NULL DEFAULT '',
  `inactive` tinyint(1) NOT NULL DEFAULT '0',
  `gst_03_type` tinyint(3) NOT NULL,
  `f3_box` varchar(30) COLLATE utf8_unicode_ci NOT NULL,
  `use_for` tinyint(1) NOT NULL DEFAULT '1',
  PRIMARY KEY (`id`)
) ENGINE=InnoDB AUTO_INCREMENT=38 DEFAULT CHARSET=utf8 COLLATE=utf8_unicode_ci ;

### Data of table `tax_types` ###

INSERT INTO `tax_types` VALUES
('12', '6', '1300', '1300', 'Purchase GST Standard 6% (TX)', '0', '1', '6a', '3'),
('13', '6', '2150', '1300', 'Purchase - Goods And Services Tax (IM)', '0', '2', '6a', '3'),
('14', '0', '2150', '1300', 'Purchase - Goods And Services Tax (IS)', '0', '3', '6a', '3'),
('15', '6', '2150', '5900', 'Purchase - Goods And Services Tax (BL)', '0', '4', '', '3'),
('16', '0', '2150', '1300', 'Purchase - Goods And Services Tax (NR)', '0', '5', '', '3'),
('17', '0', '2150', '1300', 'Purchase - Goods And Services Tax (ZP)', '0', '6', '6a', '3'),
('18', '0', '2150', '1300', 'Purchase - Goods And Services Tax (ZP)', '0', '6', '6a', '3'),
('19', '0', '2150', '1300', 'Purchase - Goods And Services Tax (EP)', '0', '7', '', '3'),
('20', '0', '2150', '1300', 'Purchase - Goods And Services Tax (OP)', '0', '8', '6a', '3'),
('21', '6', '2150', '1300', 'Purchase - Goods And Services Tax (TX-E43)', '0', '9', '6a', '3'),
('22', '6', '2150', '1300', 'Purchase - Goods And Services Tax (TX-N43)', '0', '10', '', '3'),
('23', '6', '2150', '1300', 'Purchase - Goods And Services Tax (TX-RE)', '0', '11', '', '3'),
('24', '0', '2150', '1300', 'Purchase - Goods And Services Tax (GP)', '0', '12', '', '3'),
('25', '6', '2150', '1300', 'Purchase - Goods And Services Tax (AP)', '0', '13', '', '3'),
('26', '6', '2150', '1300', 'Supply GST Standard 6% (SR)', '0', '14', '5a', '2'),
('27', '0', '2150', '1300', 'Supply - Goods And Services Tax (ZRE)', '0', '104', '', '2'),
('28', '0', '2150', '1300', 'Supply - Goods And Services Tax (ES43)', '0', '16', '', '2'),
('29', '0', '2150', '1300', 'Supply - Goods And Services Tax (ESN43)', '0', '17', '', '2'),
('30', '6', '2150', '1300', 'Supply - Goods And Services Tax (DS)', '0', '18', '', '2'),
('31', '0', '2150', '1300', 'Supply - Goods And Services Tax (OS)', '0', '19', '', '2'),
('32', '0', '2150', '1300', 'Supply - Goods And Services Tax (ES)', '0', '20', '', '2'),
('33', '0', '2150', '1300', 'Supply - Goods And Services Tax (RS)', '0', '21', '', '2'),
('34', '0', '2150', '1300', 'Supply - Goods And Services Tax (GS)', '0', '22', '', '2'),
('35', '6', '2150', '1300', 'Supply - Services Tax (AJS)', '0', '105', '', '2'),
('37', '0', '2150', '1300', 'Supply - Goods And Services Tax (ZRL)', '0', '103', '', '2');

### Structure of table `tbltaxcode` ###

DROP TABLE IF EXISTS `tbltaxcode`;

CREATE TABLE `tbltaxcode` (
  `taxcodeid` int(11) NOT NULL AUTO_INCREMENT,
  `taxcodeno` varchar(60) NOT NULL,
  `defaultrate` double DEFAULT NULL,
  `taxcodecategory` varchar(1) NOT NULL,
  PRIMARY KEY (`taxcodeid`)
) ENGINE=MyISAM AUTO_INCREMENT=101 DEFAULT CHARSET=latin1 ;

### Data of table `tbltaxcode` ###

INSERT INTO `tbltaxcode` VALUES
('1', 'TX', '6', '0'),
('2', 'IM', '6', '0'),
('3', 'IS', '0', '0'),
('4', 'BL', '6', '0'),
('5', 'NR', '0', '0'),
('6', 'ZP', '0', '0'),
('7', 'EP', '0', '0'),
('8', 'OP', '0', '0'),
('9', 'TX-E43', '6', '0'),
('10', 'TX-N43', '6', '0'),
('11', 'TX-RE', '0', '0'),
('12', 'GP', '6', '0'),
('13', 'AP', '0', '0'),
('14', 'SR', '6', '1'),
('15', 'ZR', '6', '1'),
('16', 'ES43', '0', '1'),
('17', 'ESN43', '0', '1'),
('18', 'DS', '0', '1'),
('19', 'OS', '6', '1'),
('20', 'ES', '0', '1'),
('21', 'RS', '0', '1'),
('22', 'GS', '0', '1'),
('23', 'AS', '6', '1');

### Structure of table `trans_tax_details` ###

DROP TABLE IF EXISTS `trans_tax_details`;

CREATE TABLE `trans_tax_details` (
  `id` int(11) NOT NULL AUTO_INCREMENT,
  `trans_type` smallint(6) DEFAULT NULL,
  `trans_no` int(11) DEFAULT NULL,
  `tran_date` date NOT NULL,
  `tax_type_id` int(11) NOT NULL DEFAULT '0',
  `rate` double NOT NULL DEFAULT '0',
  `ex_rate` double NOT NULL DEFAULT '1',
  `included_in_price` tinyint(1) NOT NULL DEFAULT '0',
  `net_amount` double NOT NULL DEFAULT '0',
  `amount` double NOT NULL DEFAULT '0',
  `memo` tinytext COLLATE utf8_unicode_ci,
  PRIMARY KEY (`id`),
  KEY `Type_and_Number` (`trans_type`,`trans_no`),
  KEY `tran_date` (`tran_date`)
) ENGINE=InnoDB AUTO_INCREMENT=429 DEFAULT CHARSET=utf8 COLLATE=utf8_unicode_ci ;

### Data of table `trans_tax_details` ###

INSERT INTO `trans_tax_details` VALUES
('427', '13', '44', '2015-03-02', '26', '6', '1', '1', '0', '0', 'auto'),
('428', '10', '47', '0000-00-00', '26', '6', '1', '1', '0', '0', '10025');

### Structure of table `useronline` ###

DROP TABLE IF EXISTS `useronline`;

CREATE TABLE `useronline` (
  `id` int(11) NOT NULL AUTO_INCREMENT,
  `timestamp` int(15) NOT NULL DEFAULT '0',
  `ip` varchar(40) COLLATE utf8_unicode_ci NOT NULL DEFAULT '',
  `file` varchar(100) COLLATE utf8_unicode_ci NOT NULL DEFAULT '',
  PRIMARY KEY (`id`),
  KEY `timestamp` (`timestamp`),
  KEY `ip` (`ip`)
) ENGINE=MyISAM DEFAULT CHARSET=utf8 COLLATE=utf8_unicode_ci ;

### Data of table `useronline` ###


### Structure of table `users` ###

DROP TABLE IF EXISTS `users`;

CREATE TABLE `users` (
  `id` smallint(6) NOT NULL AUTO_INCREMENT,
  `user_id` varchar(60) COLLATE utf8_unicode_ci NOT NULL DEFAULT '',
  `password` varchar(100) COLLATE utf8_unicode_ci NOT NULL DEFAULT '',
  `real_name` varchar(100) COLLATE utf8_unicode_ci NOT NULL DEFAULT '',
  `role_id` int(11) NOT NULL DEFAULT '1',
  `phone` varchar(30) COLLATE utf8_unicode_ci NOT NULL DEFAULT '',
  `email` varchar(100) COLLATE utf8_unicode_ci DEFAULT NULL,
  `language` varchar(20) COLLATE utf8_unicode_ci DEFAULT NULL,
  `date_format` tinyint(1) NOT NULL DEFAULT '0',
  `date_sep` tinyint(1) NOT NULL DEFAULT '0',
  `tho_sep` tinyint(1) NOT NULL DEFAULT '0',
  `dec_sep` tinyint(1) NOT NULL DEFAULT '0',
  `theme` varchar(20) COLLATE utf8_unicode_ci NOT NULL DEFAULT 'default',
  `page_size` varchar(20) COLLATE utf8_unicode_ci NOT NULL DEFAULT 'A4',
  `prices_dec` smallint(6) NOT NULL DEFAULT '2',
  `qty_dec` smallint(6) NOT NULL DEFAULT '2',
  `rates_dec` smallint(6) NOT NULL DEFAULT '4',
  `percent_dec` smallint(6) NOT NULL DEFAULT '1',
  `show_gl` tinyint(1) NOT NULL DEFAULT '1',
  `show_codes` tinyint(1) NOT NULL DEFAULT '0',
  `show_hints` tinyint(1) NOT NULL DEFAULT '0',
  `last_visit_date` datetime DEFAULT NULL,
  `query_size` tinyint(1) unsigned NOT NULL DEFAULT '10',
  `graphic_links` tinyint(1) DEFAULT '1',
  `pos` smallint(6) DEFAULT '1',
  `print_profile` varchar(30) COLLATE utf8_unicode_ci NOT NULL DEFAULT '',
  `rep_popup` tinyint(1) DEFAULT '1',
  `sticky_doc_date` tinyint(1) DEFAULT '0',
  `startup_tab` varchar(20) COLLATE utf8_unicode_ci NOT NULL DEFAULT '',
  `inactive` tinyint(1) NOT NULL DEFAULT '0',
  `amount_dec` tinyint(1) NOT NULL DEFAULT '0',
  PRIMARY KEY (`id`),
  UNIQUE KEY `user_id` (`user_id`)
) ENGINE=MyISAM AUTO_INCREMENT=5 DEFAULT CHARSET=utf8 COLLATE=utf8_unicode_ci ;

### Data of table `users` ###

INSERT INTO `users` VALUES
('1', 'lonengineering', '2dbec46faede2a9a4b22bdae4e10f8bb', 'LON ENGINEERING SDN BHD', '2', '', 'lonengineering@gmail.com', 'C', '1', '2', '0', '0', 'template', 'A4', '2', '2', '4', '1', '1', '1', '1', '2016-03-02 22:19:05', '10', '1', '1', '', '1', '1', 'orders', '0', '2'),
('4', 'director', 'e04755387e5b5968ec213e41f70c1d46', '', '10', '', NULL, 'C', '1', '2', '0', '0', 'template', 'A4', '2', '2', '4', '1', '1', '1', '1', NULL, '10', '1', '1', '', '1', '1', 'orders', '0', '0');

### Structure of table `voided` ###

DROP TABLE IF EXISTS `voided`;

CREATE TABLE `voided` (
  `type` int(11) NOT NULL DEFAULT '0',
  `id` int(11) NOT NULL DEFAULT '0',
  `date_` date NOT NULL DEFAULT '0000-00-00',
  `memo_` tinytext COLLATE utf8_unicode_ci NOT NULL,
  UNIQUE KEY `id` (`type`,`id`)
) ENGINE=InnoDB DEFAULT CHARSET=utf8 COLLATE=utf8_unicode_ci ;

### Data of table `voided` ###

INSERT INTO `voided` VALUES
('10', '47', '2015-12-31', ''),
('13', '44', '2016-03-02', '');

### Structure of table `wo_issue_items` ###

DROP TABLE IF EXISTS `wo_issue_items`;

CREATE TABLE `wo_issue_items` (
  `id` int(11) NOT NULL AUTO_INCREMENT,
  `stock_id` varchar(40) COLLATE utf8_unicode_ci DEFAULT NULL,
  `issue_id` int(11) DEFAULT NULL,
  `qty_issued` double DEFAULT NULL,
  PRIMARY KEY (`id`)
) ENGINE=InnoDB DEFAULT CHARSET=utf8 COLLATE=utf8_unicode_ci ;

### Data of table `wo_issue_items` ###


### Structure of table `wo_issues` ###

DROP TABLE IF EXISTS `wo_issues`;

CREATE TABLE `wo_issues` (
  `issue_no` int(11) NOT NULL AUTO_INCREMENT,
  `workorder_id` int(11) NOT NULL DEFAULT '0',
  `reference` varchar(100) COLLATE utf8_unicode_ci DEFAULT NULL,
  `issue_date` date DEFAULT NULL,
  `loc_code` varchar(5) COLLATE utf8_unicode_ci DEFAULT NULL,
  `workcentre_id` int(11) DEFAULT NULL,
  PRIMARY KEY (`issue_no`),
  KEY `workorder_id` (`workorder_id`)
) ENGINE=InnoDB DEFAULT CHARSET=utf8 COLLATE=utf8_unicode_ci ;

### Data of table `wo_issues` ###


### Structure of table `wo_manufacture` ###

DROP TABLE IF EXISTS `wo_manufacture`;

CREATE TABLE `wo_manufacture` (
  `id` int(11) NOT NULL AUTO_INCREMENT,
  `reference` varchar(100) COLLATE utf8_unicode_ci DEFAULT NULL,
  `workorder_id` int(11) NOT NULL DEFAULT '0',
  `quantity` double NOT NULL DEFAULT '0',
  `date_` date NOT NULL DEFAULT '0000-00-00',
  PRIMARY KEY (`id`),
  KEY `workorder_id` (`workorder_id`)
) ENGINE=InnoDB AUTO_INCREMENT=2 DEFAULT CHARSET=utf8 COLLATE=utf8_unicode_ci ;

### Data of table `wo_manufacture` ###

INSERT INTO `wo_manufacture` VALUES
('1', '1', '2', '2', '2014-06-21');

### Structure of table `wo_requirements` ###

DROP TABLE IF EXISTS `wo_requirements`;

CREATE TABLE `wo_requirements` (
  `id` int(11) NOT NULL AUTO_INCREMENT,
  `workorder_id` int(11) NOT NULL DEFAULT '0',
  `stock_id` char(20) COLLATE utf8_unicode_ci NOT NULL DEFAULT '',
  `workcentre` int(11) NOT NULL DEFAULT '0',
  `units_req` double NOT NULL DEFAULT '1',
  `std_cost` double NOT NULL DEFAULT '0',
  `loc_code` char(5) COLLATE utf8_unicode_ci NOT NULL DEFAULT '',
  `units_issued` double NOT NULL DEFAULT '0',
  PRIMARY KEY (`id`),
  KEY `workorder_id` (`workorder_id`)
) ENGINE=InnoDB DEFAULT CHARSET=utf8 COLLATE=utf8_unicode_ci ;

### Data of table `wo_requirements` ###


### Structure of table `workcentres` ###

DROP TABLE IF EXISTS `workcentres`;

CREATE TABLE `workcentres` (
  `id` int(11) NOT NULL AUTO_INCREMENT,
  `name` char(40) COLLATE utf8_unicode_ci NOT NULL DEFAULT '',
  `description` char(50) COLLATE utf8_unicode_ci NOT NULL DEFAULT '',
  `inactive` tinyint(1) NOT NULL DEFAULT '0',
  PRIMARY KEY (`id`),
  UNIQUE KEY `name` (`name`)
) ENGINE=MyISAM DEFAULT CHARSET=utf8 COLLATE=utf8_unicode_ci ;

### Data of table `workcentres` ###


### Structure of table `workorders` ###

DROP TABLE IF EXISTS `workorders`;

CREATE TABLE `workorders` (
  `id` int(11) NOT NULL AUTO_INCREMENT,
  `wo_ref` varchar(60) COLLATE utf8_unicode_ci NOT NULL DEFAULT '',
  `loc_code` varchar(5) COLLATE utf8_unicode_ci NOT NULL DEFAULT '',
  `units_reqd` double NOT NULL DEFAULT '1',
  `stock_id` varchar(20) COLLATE utf8_unicode_ci NOT NULL DEFAULT '',
  `date_` date NOT NULL DEFAULT '0000-00-00',
  `type` tinyint(4) NOT NULL DEFAULT '0',
  `required_by` date NOT NULL DEFAULT '0000-00-00',
  `released_date` date NOT NULL DEFAULT '0000-00-00',
  `units_issued` double NOT NULL DEFAULT '0',
  `closed` tinyint(1) NOT NULL DEFAULT '0',
  `released` tinyint(1) NOT NULL DEFAULT '0',
  `additional_costs` double NOT NULL DEFAULT '0',
  PRIMARY KEY (`id`),
  UNIQUE KEY `wo_ref` (`wo_ref`)
) ENGINE=InnoDB AUTO_INCREMENT=8 DEFAULT CHARSET=utf8 COLLATE=utf8_unicode_ci ;

### Data of table `workorders` ###

INSERT INTO `workorders` VALUES
('2', '2', 'DEF', '3', '3400', '2014-06-21', '2', '2014-07-11', '2014-06-21', '2', '0', '1', '0');